ISO-10303-21;
HEADER;
/* Generated by software containing ST-Developer
 * from STEP Tools, Inc. (www.steptools.com) 
 */

FILE_DESCRIPTION(
/* description */ ('KiCad electronic assembly'),
/* implementation_level */ '2;1');

FILE_NAME(
/* name */ 'pcb.step',
/* time_stamp */ '2026-02-17T10:21:02+01:00',
/* author */ (''),
/* organization */ (''),
/* preprocessor_version */ 'ST-DEVELOPER v20.1',
/* originating_system */ 'Autodesk Translation Framework v14.24.0.0',
/* authorisation */ '');

FILE_SCHEMA (('AUTOMOTIVE_DESIGN { 1 0 10303 214 3 1 1 }'));
ENDSEC;

DATA;
#10=MECHANICAL_DESIGN_GEOMETRIC_PRESENTATION_REPRESENTATION('',(#33,#34,
#35),#6848);
#11=ITEM_DEFINED_TRANSFORMATION($,$,#4275,#4330);
#12=ITEM_DEFINED_TRANSFORMATION($,$,#4078,#4514);
#13=ITEM_DEFINED_TRANSFORMATION($,$,#4274,#4515);
#14=ITEM_DEFINED_TRANSFORMATION($,$,#4331,#4516);
#15=(
REPRESENTATION_RELATIONSHIP($,$,#6870,#6869)
REPRESENTATION_RELATIONSHIP_WITH_TRANSFORMATION(#11)
SHAPE_REPRESENTATION_RELATIONSHIP()
);
#16=(
REPRESENTATION_RELATIONSHIP($,$,#6868,#6867)
REPRESENTATION_RELATIONSHIP_WITH_TRANSFORMATION(#12)
SHAPE_REPRESENTATION_RELATIONSHIP()
);
#17=(
REPRESENTATION_RELATIONSHIP($,$,#6869,#6867)
REPRESENTATION_RELATIONSHIP_WITH_TRANSFORMATION(#13)
SHAPE_REPRESENTATION_RELATIONSHIP()
);
#18=(
REPRESENTATION_RELATIONSHIP($,$,#6871,#6867)
REPRESENTATION_RELATIONSHIP_WITH_TRANSFORMATION(#14)
SHAPE_REPRESENTATION_RELATIONSHIP()
);
#19=CONTEXT_DEPENDENT_SHAPE_REPRESENTATION(#15,#6862);
#20=CONTEXT_DEPENDENT_SHAPE_REPRESENTATION(#16,#6864);
#21=CONTEXT_DEPENDENT_SHAPE_REPRESENTATION(#17,#6865);
#22=CONTEXT_DEPENDENT_SHAPE_REPRESENTATION(#18,#6866);
#23=NEXT_ASSEMBLY_USAGE_OCCURRENCE('MK3:1','MK3:1','MK3:1',#6875,#6876,
'MK3:1');
#24=NEXT_ASSEMBLY_USAGE_OCCURRENCE('MK3_PCB:1','MK3_PCB:1','MK3_PCB:1',
#6873,#6874,'MK3_PCB:1');
#25=NEXT_ASSEMBLY_USAGE_OCCURRENCE('MK3 (1):1','MK3 (1):1','MK3 (1):1',
#6873,#6875,'MK3 (1):1');
#26=NEXT_ASSEMBLY_USAGE_OCCURRENCE('MK3_2:1','MK3_2:1','MK3_2:1',#6873,
#6877,'MK3_2:1');
#27=SHAPE_REPRESENTATION_RELATIONSHIP('SRR','None',#6868,#30);
#28=SHAPE_REPRESENTATION_RELATIONSHIP('SRR','None',#6870,#31);
#29=SHAPE_REPRESENTATION_RELATIONSHIP('SRR','None',#6871,#32);
#30=ADVANCED_BREP_SHAPE_REPRESENTATION('',(#36),#6844);
#31=ADVANCED_BREP_SHAPE_REPRESENTATION('',(#37),#6846);
#32=ADVANCED_BREP_SHAPE_REPRESENTATION('',(#38),#6847);
#33=STYLED_ITEM('',(#6897),#36);
#34=STYLED_ITEM('',(#6898),#37);
#35=STYLED_ITEM('',(#6899),#38);
#36=MANIFOLD_SOLID_BREP('Corpo1',#4040);
#37=MANIFOLD_SOLID_BREP('Corpo1',#4041);
#38=MANIFOLD_SOLID_BREP('Corpo1',#4042);
#39=CYLINDRICAL_SURFACE('',#4211,0.85);
#40=CYLINDRICAL_SURFACE('',#4212,2.);
#41=CYLINDRICAL_SURFACE('',#4213,0.75);
#42=CYLINDRICAL_SURFACE('',#4214,0.75);
#43=CYLINDRICAL_SURFACE('',#4215,0.85);
#44=CYLINDRICAL_SURFACE('',#4216,0.85);
#45=CYLINDRICAL_SURFACE('',#4217,0.75);
#46=CYLINDRICAL_SURFACE('',#4218,0.85);
#47=CYLINDRICAL_SURFACE('',#4219,2.);
#48=CYLINDRICAL_SURFACE('',#4220,0.75);
#49=CYLINDRICAL_SURFACE('',#4221,0.75);
#50=CYLINDRICAL_SURFACE('',#4222,0.85);
#51=CYLINDRICAL_SURFACE('',#4223,0.85);
#52=CYLINDRICAL_SURFACE('',#4224,0.75);
#53=CYLINDRICAL_SURFACE('',#4225,2.);
#54=CYLINDRICAL_SURFACE('',#4226,0.85);
#55=CYLINDRICAL_SURFACE('',#4227,0.75);
#56=CYLINDRICAL_SURFACE('',#4228,0.85);
#57=CYLINDRICAL_SURFACE('',#4229,2.);
#58=CYLINDRICAL_SURFACE('',#4230,0.75);
#59=CYLINDRICAL_SURFACE('',#4231,0.85);
#60=CYLINDRICAL_SURFACE('',#4232,0.75);
#61=CYLINDRICAL_SURFACE('',#4233,2.);
#62=CYLINDRICAL_SURFACE('',#4234,0.85);
#63=CYLINDRICAL_SURFACE('',#4235,0.75);
#64=CYLINDRICAL_SURFACE('',#4236,0.85);
#65=CYLINDRICAL_SURFACE('',#4237,2.);
#66=CYLINDRICAL_SURFACE('',#4238,0.75);
#67=CYLINDRICAL_SURFACE('',#4239,0.85);
#68=CYLINDRICAL_SURFACE('',#4240,0.75);
#69=CYLINDRICAL_SURFACE('',#4241,0.85);
#70=CYLINDRICAL_SURFACE('',#4242,0.75);
#71=CYLINDRICAL_SURFACE('',#4243,2.);
#72=CYLINDRICAL_SURFACE('',#4244,0.75);
#73=CYLINDRICAL_SURFACE('',#4245,0.85);
#74=CYLINDRICAL_SURFACE('',#4246,0.85);
#75=CYLINDRICAL_SURFACE('',#4247,0.75);
#76=CYLINDRICAL_SURFACE('',#4248,0.5);
#77=CYLINDRICAL_SURFACE('',#4249,0.5);
#78=CYLINDRICAL_SURFACE('',#4250,0.5);
#79=CYLINDRICAL_SURFACE('',#4251,0.5);
#80=CYLINDRICAL_SURFACE('',#4252,2.);
#81=CYLINDRICAL_SURFACE('',#4253,0.85);
#82=CYLINDRICAL_SURFACE('',#4254,0.75);
#83=CYLINDRICAL_SURFACE('',#4255,0.85);
#84=CYLINDRICAL_SURFACE('',#4256,0.75);
#85=CYLINDRICAL_SURFACE('',#4257,2.);
#86=CYLINDRICAL_SURFACE('',#4258,0.85);
#87=CYLINDRICAL_SURFACE('',#4259,0.75);
#88=CYLINDRICAL_SURFACE('',#4260,0.4445);
#89=CYLINDRICAL_SURFACE('',#4261,0.4445);
#90=CYLINDRICAL_SURFACE('',#4262,0.4445);
#91=CYLINDRICAL_SURFACE('',#4263,0.4445);
#92=CYLINDRICAL_SURFACE('',#4264,0.4445);
#93=CYLINDRICAL_SURFACE('',#4265,0.4445);
#94=CYLINDRICAL_SURFACE('',#4266,0.4445);
#95=CYLINDRICAL_SURFACE('',#4267,0.4445);
#96=CYLINDRICAL_SURFACE('',#4268,0.4445);
#97=CYLINDRICAL_SURFACE('',#4269,0.4445);
#98=CYLINDRICAL_SURFACE('',#4270,0.4445);
#99=CYLINDRICAL_SURFACE('',#4271,0.4445);
#100=CYLINDRICAL_SURFACE('',#4272,0.4445);
#101=CYLINDRICAL_SURFACE('',#4273,0.4445);
#102=CYLINDRICAL_SURFACE('',#4286,5.);
#103=CYLINDRICAL_SURFACE('',#4297,5.);
#104=CYLINDRICAL_SURFACE('',#4299,5.);
#105=CYLINDRICAL_SURFACE('',#4301,5.);
#106=CYLINDRICAL_SURFACE('',#4307,3.00000000000001);
#107=CYLINDRICAL_SURFACE('',#4309,3.);
#108=CYLINDRICAL_SURFACE('',#4311,2.99999999999999);
#109=CYLINDRICAL_SURFACE('',#4313,3.);
#110=CYLINDRICAL_SURFACE('',#4318,1.7);
#111=CYLINDRICAL_SURFACE('',#4321,1.7);
#112=CYLINDRICAL_SURFACE('',#4324,1.7);
#113=CYLINDRICAL_SURFACE('',#4327,1.7);
#114=CYLINDRICAL_SURFACE('',#4378,0.499999999999998);
#115=CYLINDRICAL_SURFACE('',#4381,0.499999999999998);
#116=CYLINDRICAL_SURFACE('',#4384,0.499999999999998);
#117=CYLINDRICAL_SURFACE('',#4387,0.499999999999998);
#118=CYLINDRICAL_SURFACE('',#4390,0.499999999999998);
#119=CYLINDRICAL_SURFACE('',#4393,0.500000000000003);
#120=CYLINDRICAL_SURFACE('',#4396,0.500000000000003);
#121=CYLINDRICAL_SURFACE('',#4399,0.499999999999998);
#122=CYLINDRICAL_SURFACE('',#4402,0.499999999999998);
#123=CYLINDRICAL_SURFACE('',#4405,0.500000000000003);
#124=CYLINDRICAL_SURFACE('',#4408,0.500000000000003);
#125=CYLINDRICAL_SURFACE('',#4411,0.499999999999998);
#126=CYLINDRICAL_SURFACE('',#4414,0.499999999999998);
#127=CYLINDRICAL_SURFACE('',#4417,0.499999999999998);
#128=CYLINDRICAL_SURFACE('',#4420,0.500000000000003);
#129=CYLINDRICAL_SURFACE('',#4423,0.500000000000003);
#130=CYLINDRICAL_SURFACE('',#4426,0.499999999999998);
#131=CYLINDRICAL_SURFACE('',#4429,0.499999999999998);
#132=CYLINDRICAL_SURFACE('',#4435,5.);
#133=CYLINDRICAL_SURFACE('',#4438,5.);
#134=CYLINDRICAL_SURFACE('',#4466,5.);
#135=CYLINDRICAL_SURFACE('',#4468,5.);
#136=CYLINDRICAL_SURFACE('',#4469,0.5);
#137=CYLINDRICAL_SURFACE('',#4471,0.5);
#138=CYLINDRICAL_SURFACE('',#4473,0.499999999999998);
#139=CYLINDRICAL_SURFACE('',#4475,0.499999999999998);
#140=CYLINDRICAL_SURFACE('',#4477,0.499999999999998);
#141=CYLINDRICAL_SURFACE('',#4479,0.499999999999998);
#142=CYLINDRICAL_SURFACE('',#4481,0.5);
#143=CYLINDRICAL_SURFACE('',#4483,0.499999999999998);
#144=CYLINDRICAL_SURFACE('',#4485,0.499999999999998);
#145=CYLINDRICAL_SURFACE('',#4487,0.5);
#146=CYLINDRICAL_SURFACE('',#4489,0.499999999999998);
#147=CYLINDRICAL_SURFACE('',#4491,0.499999999999998);
#148=CYLINDRICAL_SURFACE('',#4493,0.5);
#149=CYLINDRICAL_SURFACE('',#4495,0.499999999999998);
#150=CYLINDRICAL_SURFACE('',#4497,0.499999999999998);
#151=CYLINDRICAL_SURFACE('',#4499,0.499999999999998);
#152=CYLINDRICAL_SURFACE('',#4501,0.499999999999998);
#153=CYLINDRICAL_SURFACE('',#4503,0.5);
#154=CYLINDRICAL_SURFACE('',#4507,1.7);
#155=CYLINDRICAL_SURFACE('',#4508,1.7);
#156=CYLINDRICAL_SURFACE('',#4509,1.7);
#157=CYLINDRICAL_SURFACE('',#4510,1.7);
#158=FACE_BOUND('',#759,.T.);
#159=FACE_BOUND('',#760,.T.);
#160=FACE_BOUND('',#761,.T.);
#161=FACE_BOUND('',#762,.T.);
#162=FACE_BOUND('',#763,.T.);
#163=FACE_BOUND('',#764,.T.);
#164=FACE_BOUND('',#765,.T.);
#165=FACE_BOUND('',#766,.T.);
#166=FACE_BOUND('',#767,.T.);
#167=FACE_BOUND('',#768,.T.);
#168=FACE_BOUND('',#769,.T.);
#169=FACE_BOUND('',#770,.T.);
#170=FACE_BOUND('',#771,.T.);
#171=FACE_BOUND('',#772,.T.);
#172=FACE_BOUND('',#773,.T.);
#173=FACE_BOUND('',#774,.T.);
#174=FACE_BOUND('',#775,.T.);
#175=FACE_BOUND('',#776,.T.);
#176=FACE_BOUND('',#777,.T.);
#177=FACE_BOUND('',#778,.T.);
#178=FACE_BOUND('',#779,.T.);
#179=FACE_BOUND('',#780,.T.);
#180=FACE_BOUND('',#781,.T.);
#181=FACE_BOUND('',#782,.T.);
#182=FACE_BOUND('',#783,.T.);
#183=FACE_BOUND('',#784,.T.);
#184=FACE_BOUND('',#785,.T.);
#185=FACE_BOUND('',#786,.T.);
#186=FACE_BOUND('',#787,.T.);
#187=FACE_BOUND('',#788,.T.);
#188=FACE_BOUND('',#789,.T.);
#189=FACE_BOUND('',#790,.T.);
#190=FACE_BOUND('',#791,.T.);
#191=FACE_BOUND('',#792,.T.);
#192=FACE_BOUND('',#793,.T.);
#193=FACE_BOUND('',#794,.T.);
#194=FACE_BOUND('',#795,.T.);
#195=FACE_BOUND('',#796,.T.);
#196=FACE_BOUND('',#797,.T.);
#197=FACE_BOUND('',#798,.T.);
#198=FACE_BOUND('',#799,.T.);
#199=FACE_BOUND('',#800,.T.);
#200=FACE_BOUND('',#801,.T.);
#201=FACE_BOUND('',#802,.T.);
#202=FACE_BOUND('',#803,.T.);
#203=FACE_BOUND('',#804,.T.);
#204=FACE_BOUND('',#805,.T.);
#205=FACE_BOUND('',#806,.T.);
#206=FACE_BOUND('',#807,.T.);
#207=FACE_BOUND('',#808,.T.);
#208=FACE_BOUND('',#809,.T.);
#209=FACE_BOUND('',#810,.T.);
#210=FACE_BOUND('',#811,.T.);
#211=FACE_BOUND('',#812,.T.);
#212=FACE_BOUND('',#813,.T.);
#213=FACE_BOUND('',#814,.T.);
#214=FACE_BOUND('',#815,.T.);
#215=FACE_BOUND('',#816,.T.);
#216=FACE_BOUND('',#817,.T.);
#217=FACE_BOUND('',#818,.T.);
#218=FACE_BOUND('',#819,.T.);
#219=FACE_BOUND('',#820,.T.);
#220=FACE_BOUND('',#821,.T.);
#221=FACE_BOUND('',#823,.T.);
#222=FACE_BOUND('',#824,.T.);
#223=FACE_BOUND('',#825,.T.);
#224=FACE_BOUND('',#826,.T.);
#225=FACE_BOUND('',#827,.T.);
#226=FACE_BOUND('',#828,.T.);
#227=FACE_BOUND('',#829,.T.);
#228=FACE_BOUND('',#830,.T.);
#229=FACE_BOUND('',#831,.T.);
#230=FACE_BOUND('',#832,.T.);
#231=FACE_BOUND('',#833,.T.);
#232=FACE_BOUND('',#834,.T.);
#233=FACE_BOUND('',#835,.T.);
#234=FACE_BOUND('',#836,.T.);
#235=FACE_BOUND('',#837,.T.);
#236=FACE_BOUND('',#838,.T.);
#237=FACE_BOUND('',#839,.T.);
#238=FACE_BOUND('',#840,.T.);
#239=FACE_BOUND('',#841,.T.);
#240=FACE_BOUND('',#842,.T.);
#241=FACE_BOUND('',#843,.T.);
#242=FACE_BOUND('',#844,.T.);
#243=FACE_BOUND('',#845,.T.);
#244=FACE_BOUND('',#846,.T.);
#245=FACE_BOUND('',#847,.T.);
#246=FACE_BOUND('',#848,.T.);
#247=FACE_BOUND('',#849,.T.);
#248=FACE_BOUND('',#850,.T.);
#249=FACE_BOUND('',#851,.T.);
#250=FACE_BOUND('',#852,.T.);
#251=FACE_BOUND('',#853,.T.);
#252=FACE_BOUND('',#854,.T.);
#253=FACE_BOUND('',#855,.T.);
#254=FACE_BOUND('',#856,.T.);
#255=FACE_BOUND('',#857,.T.);
#256=FACE_BOUND('',#858,.T.);
#257=FACE_BOUND('',#859,.T.);
#258=FACE_BOUND('',#860,.T.);
#259=FACE_BOUND('',#861,.T.);
#260=FACE_BOUND('',#862,.T.);
#261=FACE_BOUND('',#863,.T.);
#262=FACE_BOUND('',#864,.T.);
#263=FACE_BOUND('',#865,.T.);
#264=FACE_BOUND('',#866,.T.);
#265=FACE_BOUND('',#867,.T.);
#266=FACE_BOUND('',#868,.T.);
#267=FACE_BOUND('',#869,.T.);
#268=FACE_BOUND('',#870,.T.);
#269=FACE_BOUND('',#871,.T.);
#270=FACE_BOUND('',#872,.T.);
#271=FACE_BOUND('',#873,.T.);
#272=FACE_BOUND('',#874,.T.);
#273=FACE_BOUND('',#875,.T.);
#274=FACE_BOUND('',#876,.T.);
#275=FACE_BOUND('',#877,.T.);
#276=FACE_BOUND('',#878,.T.);
#277=FACE_BOUND('',#879,.T.);
#278=FACE_BOUND('',#880,.T.);
#279=FACE_BOUND('',#881,.T.);
#280=FACE_BOUND('',#882,.T.);
#281=FACE_BOUND('',#883,.T.);
#282=FACE_BOUND('',#884,.T.);
#283=FACE_BOUND('',#885,.T.);
#284=FACE_BOUND('',#952,.T.);
#285=FACE_BOUND('',#953,.T.);
#286=FACE_BOUND('',#954,.T.);
#287=FACE_BOUND('',#955,.T.);
#288=FACE_BOUND('',#959,.T.);
#289=FACE_BOUND('',#960,.T.);
#290=FACE_BOUND('',#961,.T.);
#291=FACE_BOUND('',#962,.T.);
#292=FACE_BOUND('',#982,.T.);
#293=FACE_BOUND('',#985,.T.);
#294=FACE_BOUND('',#988,.T.);
#295=FACE_BOUND('',#991,.T.);
#296=FACE_BOUND('',#993,.T.);
#297=FACE_BOUND('',#994,.T.);
#298=FACE_BOUND('',#995,.T.);
#299=FACE_BOUND('',#996,.T.);
#300=FACE_BOUND('',#997,.T.);
#301=FACE_BOUND('',#998,.T.);
#302=FACE_BOUND('',#999,.T.);
#303=FACE_BOUND('',#1000,.T.);
#304=FACE_BOUND('',#1001,.T.);
#305=FACE_BOUND('',#1002,.T.);
#306=FACE_BOUND('',#1003,.T.);
#307=FACE_BOUND('',#1004,.T.);
#308=FACE_BOUND('',#1005,.T.);
#309=FACE_BOUND('',#1006,.T.);
#310=FACE_BOUND('',#1052,.T.);
#311=FACE_BOUND('',#1053,.T.);
#312=FACE_BOUND('',#1054,.T.);
#313=FACE_BOUND('',#1055,.T.);
#314=FACE_BOUND('',#1056,.T.);
#315=FACE_BOUND('',#1057,.T.);
#316=FACE_BOUND('',#1058,.T.);
#317=FACE_BOUND('',#1059,.T.);
#318=FACE_BOUND('',#1060,.T.);
#319=FACE_BOUND('',#1061,.T.);
#320=FACE_BOUND('',#1062,.T.);
#321=FACE_BOUND('',#1063,.T.);
#322=FACE_BOUND('',#1064,.T.);
#323=FACE_BOUND('',#1065,.T.);
#324=CIRCLE('',#4083,0.85);
#325=CIRCLE('',#4084,2.);
#326=CIRCLE('',#4085,0.75);
#327=CIRCLE('',#4086,0.75);
#328=CIRCLE('',#4087,0.85);
#329=CIRCLE('',#4088,0.85);
#330=CIRCLE('',#4089,0.75);
#331=CIRCLE('',#4090,0.85);
#332=CIRCLE('',#4091,2.);
#333=CIRCLE('',#4092,0.75);
#334=CIRCLE('',#4093,0.75);
#335=CIRCLE('',#4094,0.85);
#336=CIRCLE('',#4095,0.85);
#337=CIRCLE('',#4096,0.75);
#338=CIRCLE('',#4097,2.);
#339=CIRCLE('',#4098,0.85);
#340=CIRCLE('',#4099,0.75);
#341=CIRCLE('',#4100,0.85);
#342=CIRCLE('',#4101,2.);
#343=CIRCLE('',#4102,0.75);
#344=CIRCLE('',#4103,0.85);
#345=CIRCLE('',#4104,0.75);
#346=CIRCLE('',#4105,2.);
#347=CIRCLE('',#4106,0.85);
#348=CIRCLE('',#4107,0.75);
#349=CIRCLE('',#4108,0.85);
#350=CIRCLE('',#4109,2.);
#351=CIRCLE('',#4110,0.75);
#352=CIRCLE('',#4111,0.85);
#353=CIRCLE('',#4112,0.75);
#354=CIRCLE('',#4113,0.85);
#355=CIRCLE('',#4114,0.75);
#356=CIRCLE('',#4115,2.);
#357=CIRCLE('',#4116,0.75);
#358=CIRCLE('',#4117,0.85);
#359=CIRCLE('',#4118,0.85);
#360=CIRCLE('',#4119,0.75);
#361=CIRCLE('',#4120,0.5);
#362=CIRCLE('',#4121,0.5);
#363=CIRCLE('',#4122,0.5);
#364=CIRCLE('',#4123,0.5);
#365=CIRCLE('',#4124,2.);
#366=CIRCLE('',#4125,0.85);
#367=CIRCLE('',#4126,0.75);
#368=CIRCLE('',#4127,0.85);
#369=CIRCLE('',#4128,0.75);
#370=CIRCLE('',#4129,2.);
#371=CIRCLE('',#4130,0.85);
#372=CIRCLE('',#4131,0.75);
#373=CIRCLE('',#4132,0.4445);
#374=CIRCLE('',#4133,0.4445);
#375=CIRCLE('',#4134,0.4445);
#376=CIRCLE('',#4135,0.4445);
#377=CIRCLE('',#4136,0.4445);
#378=CIRCLE('',#4137,0.4445);
#379=CIRCLE('',#4138,0.4445);
#380=CIRCLE('',#4139,0.4445);
#381=CIRCLE('',#4140,0.4445);
#382=CIRCLE('',#4141,0.4445);
#383=CIRCLE('',#4142,0.4445);
#384=CIRCLE('',#4143,0.4445);
#385=CIRCLE('',#4144,0.4445);
#386=CIRCLE('',#4145,0.4445);
#387=CIRCLE('',#4147,0.85);
#388=CIRCLE('',#4148,2.);
#389=CIRCLE('',#4149,0.75);
#390=CIRCLE('',#4150,0.75);
#391=CIRCLE('',#4151,0.85);
#392=CIRCLE('',#4152,0.85);
#393=CIRCLE('',#4153,0.75);
#394=CIRCLE('',#4154,0.85);
#395=CIRCLE('',#4155,2.);
#396=CIRCLE('',#4156,0.75);
#397=CIRCLE('',#4157,0.75);
#398=CIRCLE('',#4158,0.85);
#399=CIRCLE('',#4159,0.85);
#400=CIRCLE('',#4160,0.75);
#401=CIRCLE('',#4161,2.);
#402=CIRCLE('',#4162,0.85);
#403=CIRCLE('',#4163,0.75);
#404=CIRCLE('',#4164,0.85);
#405=CIRCLE('',#4165,2.);
#406=CIRCLE('',#4166,0.75);
#407=CIRCLE('',#4167,0.85);
#408=CIRCLE('',#4168,0.75);
#409=CIRCLE('',#4169,2.);
#410=CIRCLE('',#4170,0.85);
#411=CIRCLE('',#4171,0.75);
#412=CIRCLE('',#4172,0.85);
#413=CIRCLE('',#4173,2.);
#414=CIRCLE('',#4174,0.75);
#415=CIRCLE('',#4175,0.85);
#416=CIRCLE('',#4176,0.75);
#417=CIRCLE('',#4177,0.85);
#418=CIRCLE('',#4178,0.75);
#419=CIRCLE('',#4179,2.);
#420=CIRCLE('',#4180,0.75);
#421=CIRCLE('',#4181,0.85);
#422=CIRCLE('',#4182,0.85);
#423=CIRCLE('',#4183,0.75);
#424=CIRCLE('',#4184,0.5);
#425=CIRCLE('',#4185,0.5);
#426=CIRCLE('',#4186,0.5);
#427=CIRCLE('',#4187,0.5);
#428=CIRCLE('',#4188,2.);
#429=CIRCLE('',#4189,0.85);
#430=CIRCLE('',#4190,0.75);
#431=CIRCLE('',#4191,0.85);
#432=CIRCLE('',#4192,0.75);
#433=CIRCLE('',#4193,2.);
#434=CIRCLE('',#4194,0.85);
#435=CIRCLE('',#4195,0.75);
#436=CIRCLE('',#4196,0.4445);
#437=CIRCLE('',#4197,0.4445);
#438=CIRCLE('',#4198,0.4445);
#439=CIRCLE('',#4199,0.4445);
#440=CIRCLE('',#4200,0.4445);
#441=CIRCLE('',#4201,0.4445);
#442=CIRCLE('',#4202,0.4445);
#443=CIRCLE('',#4203,0.4445);
#444=CIRCLE('',#4204,0.4445);
#445=CIRCLE('',#4205,0.4445);
#446=CIRCLE('',#4206,0.4445);
#447=CIRCLE('',#4207,0.4445);
#448=CIRCLE('',#4208,0.4445);
#449=CIRCLE('',#4209,0.4445);
#450=CIRCLE('',#4278,5.00000000000002);
#451=CIRCLE('',#4279,5.0000001683831);
#452=CIRCLE('',#4280,5.00000000000001);
#453=CIRCLE('',#4281,5.00000000000002);
#454=CIRCLE('',#4282,3.);
#455=CIRCLE('',#4283,3.);
#456=CIRCLE('',#4284,3.00000000000001);
#457=CIRCLE('',#4285,3.);
#458=CIRCLE('',#4287,5.);
#459=CIRCLE('',#4290,5.);
#460=CIRCLE('',#4291,5.);
#461=CIRCLE('',#4292,5.);
#462=CIRCLE('',#4293,1.7);
#463=CIRCLE('',#4294,1.7);
#464=CIRCLE('',#4295,1.7);
#465=CIRCLE('',#4296,1.7);
#466=CIRCLE('',#4308,3.00000000000001);
#467=CIRCLE('',#4310,3.);
#468=CIRCLE('',#4312,2.99999999999999);
#469=CIRCLE('',#4314,3.);
#470=CIRCLE('',#4319,1.7);
#471=CIRCLE('',#4322,1.7);
#472=CIRCLE('',#4325,1.7);
#473=CIRCLE('',#4328,1.7);
#474=CIRCLE('',#4333,5.);
#475=CIRCLE('',#4334,5.);
#476=CIRCLE('',#4335,5.);
#477=CIRCLE('',#4336,5.);
#478=CIRCLE('',#4337,0.499999999999998);
#479=CIRCLE('',#4338,0.499999999999998);
#480=CIRCLE('',#4339,0.5);
#481=CIRCLE('',#4340,0.5);
#482=CIRCLE('',#4341,0.499999999999998);
#483=CIRCLE('',#4342,0.499999999999998);
#484=CIRCLE('',#4343,0.499999999999998);
#485=CIRCLE('',#4344,0.499999999999998);
#486=CIRCLE('',#4345,0.500000000000003);
#487=CIRCLE('',#4346,0.499999999999998);
#488=CIRCLE('',#4347,0.499999999999998);
#489=CIRCLE('',#4348,0.499999999999998);
#490=CIRCLE('',#4349,0.499999999999998);
#491=CIRCLE('',#4350,0.500000000000003);
#492=CIRCLE('',#4351,0.5);
#493=CIRCLE('',#4352,0.499999999999998);
#494=CIRCLE('',#4353,0.500000000000003);
#495=CIRCLE('',#4354,0.499999999999998);
#496=CIRCLE('',#4355,0.499999999999998);
#497=CIRCLE('',#4356,0.5);
#498=CIRCLE('',#4357,0.499999999999998);
#499=CIRCLE('',#4358,0.500000000000003);
#500=CIRCLE('',#4359,0.499999999999998);
#501=CIRCLE('',#4360,0.499999999999998);
#502=CIRCLE('',#4361,0.499999999999998);
#503=CIRCLE('',#4362,0.499999999999998);
#504=CIRCLE('',#4363,0.5);
#505=CIRCLE('',#4364,0.499999999999998);
#506=CIRCLE('',#4365,0.500000000000003);
#507=CIRCLE('',#4366,0.500000000000003);
#508=CIRCLE('',#4367,0.499999999999998);
#509=CIRCLE('',#4368,0.499999999999998);
#510=CIRCLE('',#4369,0.499999999999998);
#511=CIRCLE('',#4370,0.499999999999998);
#512=CIRCLE('',#4371,0.499999999999998);
#513=CIRCLE('',#4372,0.5);
#514=CIRCLE('',#4373,1.7);
#515=CIRCLE('',#4374,1.7);
#516=CIRCLE('',#4375,1.7);
#517=CIRCLE('',#4376,1.7);
#518=CIRCLE('',#4379,0.499999999999998);
#519=CIRCLE('',#4382,0.499999999999998);
#520=CIRCLE('',#4385,0.499999999999998);
#521=CIRCLE('',#4388,0.499999999999998);
#522=CIRCLE('',#4391,0.499999999999998);
#523=CIRCLE('',#4394,0.500000000000003);
#524=CIRCLE('',#4397,0.500000000000003);
#525=CIRCLE('',#4400,0.499999999999998);
#526=CIRCLE('',#4403,0.499999999999998);
#527=CIRCLE('',#4406,0.500000000000003);
#528=CIRCLE('',#4409,0.500000000000003);
#529=CIRCLE('',#4412,0.499999999999998);
#530=CIRCLE('',#4415,0.499999999999998);
#531=CIRCLE('',#4418,0.499999999999998);
#532=CIRCLE('',#4421,0.500000000000003);
#533=CIRCLE('',#4424,0.500000000000003);
#534=CIRCLE('',#4427,0.499999999999998);
#535=CIRCLE('',#4430,0.499999999999998);
#536=CIRCLE('',#4436,5.);
#537=CIRCLE('',#4439,5.);
#538=CIRCLE('',#4442,5.);
#539=CIRCLE('',#4443,5.);
#540=CIRCLE('',#4444,0.5);
#541=CIRCLE('',#4445,0.5);
#542=CIRCLE('',#4446,0.499999999999998);
#543=CIRCLE('',#4447,0.499999999999998);
#544=CIRCLE('',#4448,0.499999999999998);
#545=CIRCLE('',#4449,0.499999999999998);
#546=CIRCLE('',#4450,0.499999999999998);
#547=CIRCLE('',#4451,0.5);
#548=CIRCLE('',#4452,0.5);
#549=CIRCLE('',#4453,0.499999999999998);
#550=CIRCLE('',#4454,0.499999999999998);
#551=CIRCLE('',#4455,0.499999999999998);
#552=CIRCLE('',#4456,0.499999999999998);
#553=CIRCLE('',#4457,0.5);
#554=CIRCLE('',#4458,0.499999999999998);
#555=CIRCLE('',#4459,0.499999999999998);
#556=CIRCLE('',#4460,0.5);
#557=CIRCLE('',#4461,0.499999999999998);
#558=CIRCLE('',#4462,1.7);
#559=CIRCLE('',#4463,1.7);
#560=CIRCLE('',#4464,1.7);
#561=CIRCLE('',#4465,1.7);
#562=FACE_OUTER_BOUND('',#755,.T.);
#563=FACE_OUTER_BOUND('',#756,.T.);
#564=FACE_OUTER_BOUND('',#757,.T.);
#565=FACE_OUTER_BOUND('',#758,.T.);
#566=FACE_OUTER_BOUND('',#822,.T.);
#567=FACE_OUTER_BOUND('',#886,.T.);
#568=FACE_OUTER_BOUND('',#887,.T.);
#569=FACE_OUTER_BOUND('',#888,.T.);
#570=FACE_OUTER_BOUND('',#889,.T.);
#571=FACE_OUTER_BOUND('',#890,.T.);
#572=FACE_OUTER_BOUND('',#891,.T.);
#573=FACE_OUTER_BOUND('',#892,.T.);
#574=FACE_OUTER_BOUND('',#893,.T.);
#575=FACE_OUTER_BOUND('',#894,.T.);
#576=FACE_OUTER_BOUND('',#895,.T.);
#577=FACE_OUTER_BOUND('',#896,.T.);
#578=FACE_OUTER_BOUND('',#897,.T.);
#579=FACE_OUTER_BOUND('',#898,.T.);
#580=FACE_OUTER_BOUND('',#899,.T.);
#581=FACE_OUTER_BOUND('',#900,.T.);
#582=FACE_OUTER_BOUND('',#901,.T.);
#583=FACE_OUTER_BOUND('',#902,.T.);
#584=FACE_OUTER_BOUND('',#903,.T.);
#585=FACE_OUTER_BOUND('',#904,.T.);
#586=FACE_OUTER_BOUND('',#905,.T.);
#587=FACE_OUTER_BOUND('',#906,.T.);
#588=FACE_OUTER_BOUND('',#907,.T.);
#589=FACE_OUTER_BOUND('',#908,.T.);
#590=FACE_OUTER_BOUND('',#909,.T.);
#591=FACE_OUTER_BOUND('',#910,.T.);
#592=FACE_OUTER_BOUND('',#911,.T.);
#593=FACE_OUTER_BOUND('',#912,.T.);
#594=FACE_OUTER_BOUND('',#913,.T.);
#595=FACE_OUTER_BOUND('',#914,.T.);
#596=FACE_OUTER_BOUND('',#915,.T.);
#597=FACE_OUTER_BOUND('',#916,.T.);
#598=FACE_OUTER_BOUND('',#917,.T.);
#599=FACE_OUTER_BOUND('',#918,.T.);
#600=FACE_OUTER_BOUND('',#919,.T.);
#601=FACE_OUTER_BOUND('',#920,.T.);
#602=FACE_OUTER_BOUND('',#921,.T.);
#603=FACE_OUTER_BOUND('',#922,.T.);
#604=FACE_OUTER_BOUND('',#923,.T.);
#605=FACE_OUTER_BOUND('',#924,.T.);
#606=FACE_OUTER_BOUND('',#925,.T.);
#607=FACE_OUTER_BOUND('',#926,.T.);
#608=FACE_OUTER_BOUND('',#927,.T.);
#609=FACE_OUTER_BOUND('',#928,.T.);
#610=FACE_OUTER_BOUND('',#929,.T.);
#611=FACE_OUTER_BOUND('',#930,.T.);
#612=FACE_OUTER_BOUND('',#931,.T.);
#613=FACE_OUTER_BOUND('',#932,.T.);
#614=FACE_OUTER_BOUND('',#933,.T.);
#615=FACE_OUTER_BOUND('',#934,.T.);
#616=FACE_OUTER_BOUND('',#935,.T.);
#617=FACE_OUTER_BOUND('',#936,.T.);
#618=FACE_OUTER_BOUND('',#937,.T.);
#619=FACE_OUTER_BOUND('',#938,.T.);
#620=FACE_OUTER_BOUND('',#939,.T.);
#621=FACE_OUTER_BOUND('',#940,.T.);
#622=FACE_OUTER_BOUND('',#941,.T.);
#623=FACE_OUTER_BOUND('',#942,.T.);
#624=FACE_OUTER_BOUND('',#943,.T.);
#625=FACE_OUTER_BOUND('',#944,.T.);
#626=FACE_OUTER_BOUND('',#945,.T.);
#627=FACE_OUTER_BOUND('',#946,.T.);
#628=FACE_OUTER_BOUND('',#947,.T.);
#629=FACE_OUTER_BOUND('',#948,.T.);
#630=FACE_OUTER_BOUND('',#949,.T.);
#631=FACE_OUTER_BOUND('',#950,.T.);
#632=FACE_OUTER_BOUND('',#951,.T.);
#633=FACE_OUTER_BOUND('',#956,.T.);
#634=FACE_OUTER_BOUND('',#957,.T.);
#635=FACE_OUTER_BOUND('',#958,.T.);
#636=FACE_OUTER_BOUND('',#963,.T.);
#637=FACE_OUTER_BOUND('',#964,.T.);
#638=FACE_OUTER_BOUND('',#965,.T.);
#639=FACE_OUTER_BOUND('',#966,.T.);
#640=FACE_OUTER_BOUND('',#967,.T.);
#641=FACE_OUTER_BOUND('',#968,.T.);
#642=FACE_OUTER_BOUND('',#969,.T.);
#643=FACE_OUTER_BOUND('',#970,.T.);
#644=FACE_OUTER_BOUND('',#971,.T.);
#645=FACE_OUTER_BOUND('',#972,.T.);
#646=FACE_OUTER_BOUND('',#973,.T.);
#647=FACE_OUTER_BOUND('',#974,.T.);
#648=FACE_OUTER_BOUND('',#975,.T.);
#649=FACE_OUTER_BOUND('',#976,.T.);
#650=FACE_OUTER_BOUND('',#977,.T.);
#651=FACE_OUTER_BOUND('',#978,.T.);
#652=FACE_OUTER_BOUND('',#979,.T.);
#653=FACE_OUTER_BOUND('',#980,.T.);
#654=FACE_OUTER_BOUND('',#981,.T.);
#655=FACE_OUTER_BOUND('',#983,.T.);
#656=FACE_OUTER_BOUND('',#984,.T.);
#657=FACE_OUTER_BOUND('',#986,.T.);
#658=FACE_OUTER_BOUND('',#987,.T.);
#659=FACE_OUTER_BOUND('',#989,.T.);
#660=FACE_OUTER_BOUND('',#990,.T.);
#661=FACE_OUTER_BOUND('',#992,.T.);
#662=FACE_OUTER_BOUND('',#1007,.T.);
#663=FACE_OUTER_BOUND('',#1008,.T.);
#664=FACE_OUTER_BOUND('',#1009,.T.);
#665=FACE_OUTER_BOUND('',#1010,.T.);
#666=FACE_OUTER_BOUND('',#1011,.T.);
#667=FACE_OUTER_BOUND('',#1012,.T.);
#668=FACE_OUTER_BOUND('',#1013,.T.);
#669=FACE_OUTER_BOUND('',#1014,.T.);
#670=FACE_OUTER_BOUND('',#1015,.T.);
#671=FACE_OUTER_BOUND('',#1016,.T.);
#672=FACE_OUTER_BOUND('',#1017,.T.);
#673=FACE_OUTER_BOUND('',#1018,.T.);
#674=FACE_OUTER_BOUND('',#1019,.T.);
#675=FACE_OUTER_BOUND('',#1020,.T.);
#676=FACE_OUTER_BOUND('',#1021,.T.);
#677=FACE_OUTER_BOUND('',#1022,.T.);
#678=FACE_OUTER_BOUND('',#1023,.T.);
#679=FACE_OUTER_BOUND('',#1024,.T.);
#680=FACE_OUTER_BOUND('',#1025,.T.);
#681=FACE_OUTER_BOUND('',#1026,.T.);
#682=FACE_OUTER_BOUND('',#1027,.T.);
#683=FACE_OUTER_BOUND('',#1028,.T.);
#684=FACE_OUTER_BOUND('',#1029,.T.);
#685=FACE_OUTER_BOUND('',#1030,.T.);
#686=FACE_OUTER_BOUND('',#1031,.T.);
#687=FACE_OUTER_BOUND('',#1032,.T.);
#688=FACE_OUTER_BOUND('',#1033,.T.);
#689=FACE_OUTER_BOUND('',#1034,.T.);
#690=FACE_OUTER_BOUND('',#1035,.T.);
#691=FACE_OUTER_BOUND('',#1036,.T.);
#692=FACE_OUTER_BOUND('',#1037,.T.);
#693=FACE_OUTER_BOUND('',#1038,.T.);
#694=FACE_OUTER_BOUND('',#1039,.T.);
#695=FACE_OUTER_BOUND('',#1040,.T.);
#696=FACE_OUTER_BOUND('',#1041,.T.);
#697=FACE_OUTER_BOUND('',#1042,.T.);
#698=FACE_OUTER_BOUND('',#1043,.T.);
#699=FACE_OUTER_BOUND('',#1044,.T.);
#700=FACE_OUTER_BOUND('',#1045,.T.);
#701=FACE_OUTER_BOUND('',#1046,.T.);
#702=FACE_OUTER_BOUND('',#1047,.T.);
#703=FACE_OUTER_BOUND('',#1048,.T.);
#704=FACE_OUTER_BOUND('',#1049,.T.);
#705=FACE_OUTER_BOUND('',#1050,.T.);
#706=FACE_OUTER_BOUND('',#1051,.T.);
#707=FACE_OUTER_BOUND('',#1066,.T.);
#708=FACE_OUTER_BOUND('',#1067,.T.);
#709=FACE_OUTER_BOUND('',#1068,.T.);
#710=FACE_OUTER_BOUND('',#1069,.T.);
#711=FACE_OUTER_BOUND('',#1070,.T.);
#712=FACE_OUTER_BOUND('',#1071,.T.);
#713=FACE_OUTER_BOUND('',#1072,.T.);
#714=FACE_OUTER_BOUND('',#1073,.T.);
#715=FACE_OUTER_BOUND('',#1074,.T.);
#716=FACE_OUTER_BOUND('',#1075,.T.);
#717=FACE_OUTER_BOUND('',#1076,.T.);
#718=FACE_OUTER_BOUND('',#1077,.T.);
#719=FACE_OUTER_BOUND('',#1078,.T.);
#720=FACE_OUTER_BOUND('',#1079,.T.);
#721=FACE_OUTER_BOUND('',#1080,.T.);
#722=FACE_OUTER_BOUND('',#1081,.T.);
#723=FACE_OUTER_BOUND('',#1082,.T.);
#724=FACE_OUTER_BOUND('',#1083,.T.);
#725=FACE_OUTER_BOUND('',#1084,.T.);
#726=FACE_OUTER_BOUND('',#1085,.T.);
#727=FACE_OUTER_BOUND('',#1086,.T.);
#728=FACE_OUTER_BOUND('',#1087,.T.);
#729=FACE_OUTER_BOUND('',#1088,.T.);
#730=FACE_OUTER_BOUND('',#1089,.T.);
#731=FACE_OUTER_BOUND('',#1090,.T.);
#732=FACE_OUTER_BOUND('',#1091,.T.);
#733=FACE_OUTER_BOUND('',#1092,.T.);
#734=FACE_OUTER_BOUND('',#1093,.T.);
#735=FACE_OUTER_BOUND('',#1094,.T.);
#736=FACE_OUTER_BOUND('',#1095,.T.);
#737=FACE_OUTER_BOUND('',#1096,.T.);
#738=FACE_OUTER_BOUND('',#1097,.T.);
#739=FACE_OUTER_BOUND('',#1098,.T.);
#740=FACE_OUTER_BOUND('',#1099,.T.);
#741=FACE_OUTER_BOUND('',#1100,.T.);
#742=FACE_OUTER_BOUND('',#1101,.T.);
#743=FACE_OUTER_BOUND('',#1102,.T.);
#744=FACE_OUTER_BOUND('',#1103,.T.);
#745=FACE_OUTER_BOUND('',#1104,.T.);
#746=FACE_OUTER_BOUND('',#1105,.T.);
#747=FACE_OUTER_BOUND('',#1106,.T.);
#748=FACE_OUTER_BOUND('',#1107,.T.);
#749=FACE_OUTER_BOUND('',#1108,.T.);
#750=FACE_OUTER_BOUND('',#1109,.T.);
#751=FACE_OUTER_BOUND('',#1110,.T.);
#752=FACE_OUTER_BOUND('',#1111,.T.);
#753=FACE_OUTER_BOUND('',#1112,.T.);
#754=FACE_OUTER_BOUND('',#1113,.T.);
#755=EDGE_LOOP('',(#2667,#2668,#2669,#2670));
#756=EDGE_LOOP('',(#2671,#2672,#2673,#2674));
#757=EDGE_LOOP('',(#2675,#2676,#2677,#2678));
#758=EDGE_LOOP('',(#2679,#2680,#2681,#2682));
#759=EDGE_LOOP('',(#2683));
#760=EDGE_LOOP('',(#2684));
#761=EDGE_LOOP('',(#2685));
#762=EDGE_LOOP('',(#2686));
#763=EDGE_LOOP('',(#2687));
#764=EDGE_LOOP('',(#2688));
#765=EDGE_LOOP('',(#2689));
#766=EDGE_LOOP('',(#2690));
#767=EDGE_LOOP('',(#2691));
#768=EDGE_LOOP('',(#2692));
#769=EDGE_LOOP('',(#2693));
#770=EDGE_LOOP('',(#2694));
#771=EDGE_LOOP('',(#2695));
#772=EDGE_LOOP('',(#2696));
#773=EDGE_LOOP('',(#2697));
#774=EDGE_LOOP('',(#2698));
#775=EDGE_LOOP('',(#2699));
#776=EDGE_LOOP('',(#2700));
#777=EDGE_LOOP('',(#2701));
#778=EDGE_LOOP('',(#2702));
#779=EDGE_LOOP('',(#2703));
#780=EDGE_LOOP('',(#2704));
#781=EDGE_LOOP('',(#2705));
#782=EDGE_LOOP('',(#2706));
#783=EDGE_LOOP('',(#2707));
#784=EDGE_LOOP('',(#2708));
#785=EDGE_LOOP('',(#2709));
#786=EDGE_LOOP('',(#2710));
#787=EDGE_LOOP('',(#2711));
#788=EDGE_LOOP('',(#2712));
#789=EDGE_LOOP('',(#2713));
#790=EDGE_LOOP('',(#2714));
#791=EDGE_LOOP('',(#2715));
#792=EDGE_LOOP('',(#2716));
#793=EDGE_LOOP('',(#2717));
#794=EDGE_LOOP('',(#2718));
#795=EDGE_LOOP('',(#2719));
#796=EDGE_LOOP('',(#2720));
#797=EDGE_LOOP('',(#2721));
#798=EDGE_LOOP('',(#2722));
#799=EDGE_LOOP('',(#2723));
#800=EDGE_LOOP('',(#2724));
#801=EDGE_LOOP('',(#2725));
#802=EDGE_LOOP('',(#2726));
#803=EDGE_LOOP('',(#2727));
#804=EDGE_LOOP('',(#2728));
#805=EDGE_LOOP('',(#2729));
#806=EDGE_LOOP('',(#2730));
#807=EDGE_LOOP('',(#2731));
#808=EDGE_LOOP('',(#2732));
#809=EDGE_LOOP('',(#2733));
#810=EDGE_LOOP('',(#2734));
#811=EDGE_LOOP('',(#2735));
#812=EDGE_LOOP('',(#2736));
#813=EDGE_LOOP('',(#2737));
#814=EDGE_LOOP('',(#2738));
#815=EDGE_LOOP('',(#2739));
#816=EDGE_LOOP('',(#2740));
#817=EDGE_LOOP('',(#2741));
#818=EDGE_LOOP('',(#2742));
#819=EDGE_LOOP('',(#2743));
#820=EDGE_LOOP('',(#2744));
#821=EDGE_LOOP('',(#2745));
#822=EDGE_LOOP('',(#2746,#2747,#2748,#2749));
#823=EDGE_LOOP('',(#2750));
#824=EDGE_LOOP('',(#2751));
#825=EDGE_LOOP('',(#2752));
#826=EDGE_LOOP('',(#2753));
#827=EDGE_LOOP('',(#2754));
#828=EDGE_LOOP('',(#2755));
#829=EDGE_LOOP('',(#2756));
#830=EDGE_LOOP('',(#2757));
#831=EDGE_LOOP('',(#2758));
#832=EDGE_LOOP('',(#2759));
#833=EDGE_LOOP('',(#2760));
#834=EDGE_LOOP('',(#2761));
#835=EDGE_LOOP('',(#2762));
#836=EDGE_LOOP('',(#2763));
#837=EDGE_LOOP('',(#2764));
#838=EDGE_LOOP('',(#2765));
#839=EDGE_LOOP('',(#2766));
#840=EDGE_LOOP('',(#2767));
#841=EDGE_LOOP('',(#2768));
#842=EDGE_LOOP('',(#2769));
#843=EDGE_LOOP('',(#2770));
#844=EDGE_LOOP('',(#2771));
#845=EDGE_LOOP('',(#2772));
#846=EDGE_LOOP('',(#2773));
#847=EDGE_LOOP('',(#2774));
#848=EDGE_LOOP('',(#2775));
#849=EDGE_LOOP('',(#2776));
#850=EDGE_LOOP('',(#2777));
#851=EDGE_LOOP('',(#2778));
#852=EDGE_LOOP('',(#2779));
#853=EDGE_LOOP('',(#2780));
#854=EDGE_LOOP('',(#2781));
#855=EDGE_LOOP('',(#2782));
#856=EDGE_LOOP('',(#2783));
#857=EDGE_LOOP('',(#2784));
#858=EDGE_LOOP('',(#2785));
#859=EDGE_LOOP('',(#2786));
#860=EDGE_LOOP('',(#2787));
#861=EDGE_LOOP('',(#2788));
#862=EDGE_LOOP('',(#2789));
#863=EDGE_LOOP('',(#2790));
#864=EDGE_LOOP('',(#2791));
#865=EDGE_LOOP('',(#2792));
#866=EDGE_LOOP('',(#2793));
#867=EDGE_LOOP('',(#2794));
#868=EDGE_LOOP('',(#2795));
#869=EDGE_LOOP('',(#2796));
#870=EDGE_LOOP('',(#2797));
#871=EDGE_LOOP('',(#2798));
#872=EDGE_LOOP('',(#2799));
#873=EDGE_LOOP('',(#2800));
#874=EDGE_LOOP('',(#2801));
#875=EDGE_LOOP('',(#2802));
#876=EDGE_LOOP('',(#2803));
#877=EDGE_LOOP('',(#2804));
#878=EDGE_LOOP('',(#2805));
#879=EDGE_LOOP('',(#2806));
#880=EDGE_LOOP('',(#2807));
#881=EDGE_LOOP('',(#2808));
#882=EDGE_LOOP('',(#2809));
#883=EDGE_LOOP('',(#2810));
#884=EDGE_LOOP('',(#2811));
#885=EDGE_LOOP('',(#2812));
#886=EDGE_LOOP('',(#2813,#2814,#2815,#2816));
#887=EDGE_LOOP('',(#2817,#2818,#2819,#2820));
#888=EDGE_LOOP('',(#2821,#2822,#2823,#2824));
#889=EDGE_LOOP('',(#2825,#2826,#2827,#2828));
#890=EDGE_LOOP('',(#2829,#2830,#2831,#2832));
#891=EDGE_LOOP('',(#2833,#2834,#2835,#2836));
#892=EDGE_LOOP('',(#2837,#2838,#2839,#2840));
#893=EDGE_LOOP('',(#2841,#2842,#2843,#2844));
#894=EDGE_LOOP('',(#2845,#2846,#2847,#2848));
#895=EDGE_LOOP('',(#2849,#2850,#2851,#2852));
#896=EDGE_LOOP('',(#2853,#2854,#2855,#2856));
#897=EDGE_LOOP('',(#2857,#2858,#2859,#2860));
#898=EDGE_LOOP('',(#2861,#2862,#2863,#2864));
#899=EDGE_LOOP('',(#2865,#2866,#2867,#2868));
#900=EDGE_LOOP('',(#2869,#2870,#2871,#2872));
#901=EDGE_LOOP('',(#2873,#2874,#2875,#2876));
#902=EDGE_LOOP('',(#2877,#2878,#2879,#2880));
#903=EDGE_LOOP('',(#2881,#2882,#2883,#2884));
#904=EDGE_LOOP('',(#2885,#2886,#2887,#2888));
#905=EDGE_LOOP('',(#2889,#2890,#2891,#2892));
#906=EDGE_LOOP('',(#2893,#2894,#2895,#2896));
#907=EDGE_LOOP('',(#2897,#2898,#2899,#2900));
#908=EDGE_LOOP('',(#2901,#2902,#2903,#2904));
#909=EDGE_LOOP('',(#2905,#2906,#2907,#2908));
#910=EDGE_LOOP('',(#2909,#2910,#2911,#2912));
#911=EDGE_LOOP('',(#2913,#2914,#2915,#2916));
#912=EDGE_LOOP('',(#2917,#2918,#2919,#2920));
#913=EDGE_LOOP('',(#2921,#2922,#2923,#2924));
#914=EDGE_LOOP('',(#2925,#2926,#2927,#2928));
#915=EDGE_LOOP('',(#2929,#2930,#2931,#2932));
#916=EDGE_LOOP('',(#2933,#2934,#2935,#2936));
#917=EDGE_LOOP('',(#2937,#2938,#2939,#2940));
#918=EDGE_LOOP('',(#2941,#2942,#2943,#2944));
#919=EDGE_LOOP('',(#2945,#2946,#2947,#2948));
#920=EDGE_LOOP('',(#2949,#2950,#2951,#2952));
#921=EDGE_LOOP('',(#2953,#2954,#2955,#2956));
#922=EDGE_LOOP('',(#2957,#2958,#2959,#2960));
#923=EDGE_LOOP('',(#2961,#2962,#2963,#2964));
#924=EDGE_LOOP('',(#2965,#2966,#2967,#2968));
#925=EDGE_LOOP('',(#2969,#2970,#2971,#2972));
#926=EDGE_LOOP('',(#2973,#2974,#2975,#2976));
#927=EDGE_LOOP('',(#2977,#2978,#2979,#2980));
#928=EDGE_LOOP('',(#2981,#2982,#2983,#2984));
#929=EDGE_LOOP('',(#2985,#2986,#2987,#2988));
#930=EDGE_LOOP('',(#2989,#2990,#2991,#2992));
#931=EDGE_LOOP('',(#2993,#2994,#2995,#2996));
#932=EDGE_LOOP('',(#2997,#2998,#2999,#3000));
#933=EDGE_LOOP('',(#3001,#3002,#3003,#3004));
#934=EDGE_LOOP('',(#3005,#3006,#3007,#3008));
#935=EDGE_LOOP('',(#3009,#3010,#3011,#3012));
#936=EDGE_LOOP('',(#3013,#3014,#3015,#3016));
#937=EDGE_LOOP('',(#3017,#3018,#3019,#3020));
#938=EDGE_LOOP('',(#3021,#3022,#3023,#3024));
#939=EDGE_LOOP('',(#3025,#3026,#3027,#3028));
#940=EDGE_LOOP('',(#3029,#3030,#3031,#3032));
#941=EDGE_LOOP('',(#3033,#3034,#3035,#3036));
#942=EDGE_LOOP('',(#3037,#3038,#3039,#3040));
#943=EDGE_LOOP('',(#3041,#3042,#3043,#3044));
#944=EDGE_LOOP('',(#3045,#3046,#3047,#3048));
#945=EDGE_LOOP('',(#3049,#3050,#3051,#3052));
#946=EDGE_LOOP('',(#3053,#3054,#3055,#3056));
#947=EDGE_LOOP('',(#3057,#3058,#3059,#3060));
#948=EDGE_LOOP('',(#3061,#3062,#3063,#3064));
#949=EDGE_LOOP('',(#3065,#3066,#3067,#3068));
#950=EDGE_LOOP('',(#3069,#3070,#3071,#3072));
#951=EDGE_LOOP('',(#3073,#3074,#3075,#3076,#3077,#3078,#3079,#3080));
#952=EDGE_LOOP('',(#3081));
#953=EDGE_LOOP('',(#3082));
#954=EDGE_LOOP('',(#3083));
#955=EDGE_LOOP('',(#3084));
#956=EDGE_LOOP('',(#3085,#3086,#3087,#3088));
#957=EDGE_LOOP('',(#3089,#3090,#3091,#3092,#3093,#3094));
#958=EDGE_LOOP('',(#3095,#3096,#3097,#3098,#3099,#3100,#3101,#3102,#3103,
#3104,#3105,#3106,#3107,#3108,#3109,#3110));
#959=EDGE_LOOP('',(#3111));
#960=EDGE_LOOP('',(#3112));
#961=EDGE_LOOP('',(#3113));
#962=EDGE_LOOP('',(#3114));
#963=EDGE_LOOP('',(#3115,#3116,#3117,#3118,#3119,#3120,#3121,#3122));
#964=EDGE_LOOP('',(#3123,#3124,#3125,#3126,#3127,#3128));
#965=EDGE_LOOP('',(#3129,#3130,#3131,#3132));
#966=EDGE_LOOP('',(#3133,#3134,#3135,#3136,#3137,#3138,#3139,#3140));
#967=EDGE_LOOP('',(#3141,#3142,#3143,#3144));
#968=EDGE_LOOP('',(#3145,#3146,#3147,#3148));
#969=EDGE_LOOP('',(#3149,#3150,#3151,#3152));
#970=EDGE_LOOP('',(#3153,#3154,#3155,#3156));
#971=EDGE_LOOP('',(#3157,#3158,#3159,#3160));
#972=EDGE_LOOP('',(#3161,#3162,#3163,#3164,#3165,#3166,#3167,#3168));
#973=EDGE_LOOP('',(#3169,#3170,#3171,#3172));
#974=EDGE_LOOP('',(#3173,#3174,#3175,#3176));
#975=EDGE_LOOP('',(#3177,#3178,#3179,#3180));
#976=EDGE_LOOP('',(#3181,#3182,#3183,#3184));
#977=EDGE_LOOP('',(#3185,#3186,#3187,#3188));
#978=EDGE_LOOP('',(#3189,#3190,#3191,#3192));
#979=EDGE_LOOP('',(#3193,#3194,#3195,#3196));
#980=EDGE_LOOP('',(#3197,#3198,#3199,#3200));
#981=EDGE_LOOP('',(#3201));
#982=EDGE_LOOP('',(#3202));
#983=EDGE_LOOP('',(#3203,#3204,#3205,#3206));
#984=EDGE_LOOP('',(#3207));
#985=EDGE_LOOP('',(#3208));
#986=EDGE_LOOP('',(#3209,#3210,#3211,#3212));
#987=EDGE_LOOP('',(#3213));
#988=EDGE_LOOP('',(#3214));
#989=EDGE_LOOP('',(#3215,#3216,#3217,#3218));
#990=EDGE_LOOP('',(#3219));
#991=EDGE_LOOP('',(#3220));
#992=EDGE_LOOP('',(#3221,#3222,#3223,#3224,#3225,#3226,#3227,#3228,#3229,
#3230,#3231,#3232));
#993=EDGE_LOOP('',(#3233,#3234,#3235,#3236,#3237,#3238,#3239,#3240));
#994=EDGE_LOOP('',(#3241,#3242,#3243,#3244,#3245,#3246,#3247,#3248));
#995=EDGE_LOOP('',(#3249,#3250,#3251,#3252,#3253,#3254,#3255,#3256));
#996=EDGE_LOOP('',(#3257,#3258,#3259,#3260,#3261,#3262,#3263,#3264));
#997=EDGE_LOOP('',(#3265,#3266,#3267,#3268,#3269,#3270,#3271,#3272));
#998=EDGE_LOOP('',(#3273,#3274,#3275,#3276,#3277,#3278,#3279,#3280));
#999=EDGE_LOOP('',(#3281,#3282,#3283,#3284,#3285,#3286,#3287,#3288));
#1000=EDGE_LOOP('',(#3289,#3290,#3291,#3292,#3293,#3294,#3295,#3296));
#1001=EDGE_LOOP('',(#3297,#3298,#3299,#3300,#3301,#3302,#3303,#3304));
#1002=EDGE_LOOP('',(#3305));
#1003=EDGE_LOOP('',(#3306));
#1004=EDGE_LOOP('',(#3307));
#1005=EDGE_LOOP('',(#3308));
#1006=EDGE_LOOP('',(#3309,#3310,#3311,#3312));
#1007=EDGE_LOOP('',(#3313,#3314,#3315,#3316));
#1008=EDGE_LOOP('',(#3317,#3318,#3319,#3320));
#1009=EDGE_LOOP('',(#3321,#3322,#3323,#3324));
#1010=EDGE_LOOP('',(#3325,#3326,#3327,#3328));
#1011=EDGE_LOOP('',(#3329,#3330,#3331,#3332));
#1012=EDGE_LOOP('',(#3333,#3334,#3335,#3336));
#1013=EDGE_LOOP('',(#3337,#3338,#3339,#3340));
#1014=EDGE_LOOP('',(#3341,#3342,#3343,#3344));
#1015=EDGE_LOOP('',(#3345,#3346,#3347,#3348));
#1016=EDGE_LOOP('',(#3349,#3350,#3351,#3352));
#1017=EDGE_LOOP('',(#3353,#3354,#3355,#3356));
#1018=EDGE_LOOP('',(#3357,#3358,#3359,#3360));
#1019=EDGE_LOOP('',(#3361,#3362,#3363,#3364));
#1020=EDGE_LOOP('',(#3365,#3366,#3367,#3368));
#1021=EDGE_LOOP('',(#3369,#3370,#3371,#3372));
#1022=EDGE_LOOP('',(#3373,#3374,#3375,#3376));
#1023=EDGE_LOOP('',(#3377,#3378,#3379,#3380));
#1024=EDGE_LOOP('',(#3381,#3382,#3383,#3384));
#1025=EDGE_LOOP('',(#3385,#3386,#3387,#3388));
#1026=EDGE_LOOP('',(#3389,#3390,#3391,#3392));
#1027=EDGE_LOOP('',(#3393,#3394,#3395,#3396));
#1028=EDGE_LOOP('',(#3397,#3398,#3399,#3400));
#1029=EDGE_LOOP('',(#3401,#3402,#3403,#3404));
#1030=EDGE_LOOP('',(#3405,#3406,#3407,#3408));
#1031=EDGE_LOOP('',(#3409,#3410,#3411,#3412));
#1032=EDGE_LOOP('',(#3413,#3414,#3415,#3416));
#1033=EDGE_LOOP('',(#3417,#3418,#3419,#3420));
#1034=EDGE_LOOP('',(#3421,#3422,#3423,#3424));
#1035=EDGE_LOOP('',(#3425,#3426,#3427,#3428));
#1036=EDGE_LOOP('',(#3429,#3430,#3431,#3432));
#1037=EDGE_LOOP('',(#3433,#3434,#3435,#3436));
#1038=EDGE_LOOP('',(#3437,#3438,#3439,#3440));
#1039=EDGE_LOOP('',(#3441,#3442,#3443,#3444));
#1040=EDGE_LOOP('',(#3445,#3446,#3447,#3448));
#1041=EDGE_LOOP('',(#3449,#3450,#3451,#3452));
#1042=EDGE_LOOP('',(#3453,#3454,#3455,#3456));
#1043=EDGE_LOOP('',(#3457,#3458,#3459,#3460));
#1044=EDGE_LOOP('',(#3461,#3462,#3463,#3464));
#1045=EDGE_LOOP('',(#3465,#3466,#3467,#3468));
#1046=EDGE_LOOP('',(#3469,#3470,#3471,#3472));
#1047=EDGE_LOOP('',(#3473,#3474,#3475,#3476));
#1048=EDGE_LOOP('',(#3477,#3478,#3479,#3480));
#1049=EDGE_LOOP('',(#3481,#3482,#3483,#3484));
#1050=EDGE_LOOP('',(#3485,#3486,#3487,#3488));
#1051=EDGE_LOOP('',(#3489,#3490,#3491,#3492,#3493,#3494,#3495,#3496,#3497,
#3498,#3499,#3500));
#1052=EDGE_LOOP('',(#3501,#3502,#3503,#3504,#3505,#3506,#3507,#3508));
#1053=EDGE_LOOP('',(#3509,#3510,#3511,#3512,#3513,#3514,#3515,#3516));
#1054=EDGE_LOOP('',(#3517,#3518,#3519,#3520,#3521,#3522,#3523,#3524));
#1055=EDGE_LOOP('',(#3525,#3526,#3527,#3528,#3529,#3530,#3531,#3532));
#1056=EDGE_LOOP('',(#3533,#3534,#3535,#3536,#3537,#3538,#3539,#3540));
#1057=EDGE_LOOP('',(#3541,#3542,#3543,#3544,#3545,#3546,#3547,#3548));
#1058=EDGE_LOOP('',(#3549,#3550,#3551,#3552,#3553,#3554,#3555,#3556));
#1059=EDGE_LOOP('',(#3557,#3558,#3559,#3560,#3561,#3562,#3563,#3564));
#1060=EDGE_LOOP('',(#3565,#3566,#3567,#3568,#3569,#3570,#3571,#3572));
#1061=EDGE_LOOP('',(#3573));
#1062=EDGE_LOOP('',(#3574));
#1063=EDGE_LOOP('',(#3575));
#1064=EDGE_LOOP('',(#3576));
#1065=EDGE_LOOP('',(#3577,#3578,#3579,#3580));
#1066=EDGE_LOOP('',(#3581,#3582,#3583,#3584));
#1067=EDGE_LOOP('',(#3585,#3586,#3587,#3588));
#1068=EDGE_LOOP('',(#3589,#3590,#3591,#3592));
#1069=EDGE_LOOP('',(#3593,#3594,#3595,#3596));
#1070=EDGE_LOOP('',(#3597,#3598,#3599,#3600));
#1071=EDGE_LOOP('',(#3601,#3602,#3603,#3604));
#1072=EDGE_LOOP('',(#3605,#3606,#3607,#3608));
#1073=EDGE_LOOP('',(#3609,#3610,#3611,#3612));
#1074=EDGE_LOOP('',(#3613,#3614,#3615,#3616));
#1075=EDGE_LOOP('',(#3617,#3618,#3619,#3620));
#1076=EDGE_LOOP('',(#3621,#3622,#3623,#3624));
#1077=EDGE_LOOP('',(#3625,#3626,#3627,#3628));
#1078=EDGE_LOOP('',(#3629,#3630,#3631,#3632));
#1079=EDGE_LOOP('',(#3633,#3634,#3635,#3636));
#1080=EDGE_LOOP('',(#3637,#3638,#3639,#3640));
#1081=EDGE_LOOP('',(#3641,#3642,#3643,#3644));
#1082=EDGE_LOOP('',(#3645,#3646,#3647,#3648));
#1083=EDGE_LOOP('',(#3649,#3650,#3651,#3652));
#1084=EDGE_LOOP('',(#3653,#3654,#3655,#3656));
#1085=EDGE_LOOP('',(#3657,#3658,#3659,#3660));
#1086=EDGE_LOOP('',(#3661,#3662,#3663,#3664));
#1087=EDGE_LOOP('',(#3665,#3666,#3667,#3668));
#1088=EDGE_LOOP('',(#3669,#3670,#3671,#3672));
#1089=EDGE_LOOP('',(#3673,#3674,#3675,#3676));
#1090=EDGE_LOOP('',(#3677,#3678,#3679,#3680));
#1091=EDGE_LOOP('',(#3681,#3682,#3683,#3684));
#1092=EDGE_LOOP('',(#3685,#3686,#3687,#3688));
#1093=EDGE_LOOP('',(#3689,#3690,#3691,#3692));
#1094=EDGE_LOOP('',(#3693,#3694,#3695,#3696));
#1095=EDGE_LOOP('',(#3697,#3698,#3699,#3700));
#1096=EDGE_LOOP('',(#3701,#3702,#3703,#3704));
#1097=EDGE_LOOP('',(#3705,#3706,#3707,#3708));
#1098=EDGE_LOOP('',(#3709,#3710,#3711,#3712));
#1099=EDGE_LOOP('',(#3713,#3714,#3715,#3716));
#1100=EDGE_LOOP('',(#3717,#3718,#3719,#3720));
#1101=EDGE_LOOP('',(#3721,#3722,#3723,#3724));
#1102=EDGE_LOOP('',(#3725,#3726,#3727,#3728));
#1103=EDGE_LOOP('',(#3729,#3730,#3731,#3732));
#1104=EDGE_LOOP('',(#3733,#3734,#3735,#3736));
#1105=EDGE_LOOP('',(#3737,#3738,#3739,#3740));
#1106=EDGE_LOOP('',(#3741,#3742,#3743,#3744));
#1107=EDGE_LOOP('',(#3745,#3746,#3747,#3748));
#1108=EDGE_LOOP('',(#3749,#3750,#3751,#3752));
#1109=EDGE_LOOP('',(#3753,#3754,#3755,#3756));
#1110=EDGE_LOOP('',(#3757,#3758,#3759,#3760));
#1111=EDGE_LOOP('',(#3761,#3762,#3763,#3764));
#1112=EDGE_LOOP('',(#3765,#3766,#3767,#3768));
#1113=EDGE_LOOP('',(#3769,#3770,#3771,#3772));
#1114=LINE('',#5717,#1429);
#1115=LINE('',#5719,#1430);
#1116=LINE('',#5721,#1431);
#1117=LINE('',#5722,#1432);
#1118=LINE('',#5726,#1433);
#1119=LINE('',#5727,#1434);
#1120=LINE('',#5728,#1435);
#1121=LINE('',#5731,#1436);
#1122=LINE('',#5733,#1437);
#1123=LINE('',#5734,#1438);
#1124=LINE('',#5736,#1439);
#1125=LINE('',#5864,#1440);
#1126=LINE('',#5993,#1441);
#1127=LINE('',#5995,#1442);
#1128=LINE('',#5997,#1443);
#1129=LINE('',#5999,#1444);
#1130=LINE('',#6001,#1445);
#1131=LINE('',#6003,#1446);
#1132=LINE('',#6005,#1447);
#1133=LINE('',#6007,#1448);
#1134=LINE('',#6009,#1449);
#1135=LINE('',#6011,#1450);
#1136=LINE('',#6013,#1451);
#1137=LINE('',#6015,#1452);
#1138=LINE('',#6017,#1453);
#1139=LINE('',#6019,#1454);
#1140=LINE('',#6021,#1455);
#1141=LINE('',#6023,#1456);
#1142=LINE('',#6025,#1457);
#1143=LINE('',#6027,#1458);
#1144=LINE('',#6029,#1459);
#1145=LINE('',#6031,#1460);
#1146=LINE('',#6033,#1461);
#1147=LINE('',#6035,#1462);
#1148=LINE('',#6037,#1463);
#1149=LINE('',#6039,#1464);
#1150=LINE('',#6041,#1465);
#1151=LINE('',#6043,#1466);
#1152=LINE('',#6045,#1467);
#1153=LINE('',#6047,#1468);
#1154=LINE('',#6049,#1469);
#1155=LINE('',#6051,#1470);
#1156=LINE('',#6053,#1471);
#1157=LINE('',#6055,#1472);
#1158=LINE('',#6057,#1473);
#1159=LINE('',#6059,#1474);
#1160=LINE('',#6061,#1475);
#1161=LINE('',#6063,#1476);
#1162=LINE('',#6065,#1477);
#1163=LINE('',#6067,#1478);
#1164=LINE('',#6069,#1479);
#1165=LINE('',#6071,#1480);
#1166=LINE('',#6073,#1481);
#1167=LINE('',#6075,#1482);
#1168=LINE('',#6077,#1483);
#1169=LINE('',#6079,#1484);
#1170=LINE('',#6081,#1485);
#1171=LINE('',#6083,#1486);
#1172=LINE('',#6085,#1487);
#1173=LINE('',#6087,#1488);
#1174=LINE('',#6089,#1489);
#1175=LINE('',#6091,#1490);
#1176=LINE('',#6093,#1491);
#1177=LINE('',#6095,#1492);
#1178=LINE('',#6097,#1493);
#1179=LINE('',#6099,#1494);
#1180=LINE('',#6101,#1495);
#1181=LINE('',#6103,#1496);
#1182=LINE('',#6105,#1497);
#1183=LINE('',#6107,#1498);
#1184=LINE('',#6109,#1499);
#1185=LINE('',#6111,#1500);
#1186=LINE('',#6113,#1501);
#1187=LINE('',#6115,#1502);
#1188=LINE('',#6117,#1503);
#1189=LINE('',#6123,#1504);
#1190=LINE('',#6125,#1505);
#1191=LINE('',#6127,#1506);
#1192=LINE('',#6128,#1507);
#1193=LINE('',#6134,#1508);
#1194=LINE('',#6138,#1509);
#1195=LINE('',#6142,#1510);
#1196=LINE('',#6145,#1511);
#1197=LINE('',#6158,#1512);
#1198=LINE('',#6159,#1513);
#1199=LINE('',#6162,#1514);
#1200=LINE('',#6164,#1515);
#1201=LINE('',#6166,#1516);
#1202=LINE('',#6167,#1517);
#1203=LINE('',#6170,#1518);
#1204=LINE('',#6174,#1519);
#1205=LINE('',#6176,#1520);
#1206=LINE('',#6178,#1521);
#1207=LINE('',#6180,#1522);
#1208=LINE('',#6182,#1523);
#1209=LINE('',#6184,#1524);
#1210=LINE('',#6186,#1525);
#1211=LINE('',#6188,#1526);
#1212=LINE('',#6190,#1527);
#1213=LINE('',#6194,#1528);
#1214=LINE('',#6206,#1529);
#1215=LINE('',#6208,#1530);
#1216=LINE('',#6209,#1531);
#1217=LINE('',#6211,#1532);
#1218=LINE('',#6213,#1533);
#1219=LINE('',#6216,#1534);
#1220=LINE('',#6218,#1535);
#1221=LINE('',#6219,#1536);
#1222=LINE('',#6220,#1537);
#1223=LINE('',#6222,#1538);
#1224=LINE('',#6226,#1539);
#1225=LINE('',#6227,#1540);
#1226=LINE('',#6230,#1541);
#1227=LINE('',#6231,#1542);
#1228=LINE('',#6233,#1543);
#1229=LINE('',#6235,#1544);
#1230=LINE('',#6236,#1545);
#1231=LINE('',#6239,#1546);
#1232=LINE('',#6243,#1547);
#1233=LINE('',#6247,#1548);
#1234=LINE('',#6251,#1549);
#1235=LINE('',#6254,#1550);
#1236=LINE('',#6255,#1551);
#1237=LINE('',#6261,#1552);
#1238=LINE('',#6266,#1553);
#1239=LINE('',#6271,#1554);
#1240=LINE('',#6276,#1555);
#1241=LINE('',#6285,#1556);
#1242=LINE('',#6289,#1557);
#1243=LINE('',#6293,#1558);
#1244=LINE('',#6295,#1559);
#1245=LINE('',#6297,#1560);
#1246=LINE('',#6299,#1561);
#1247=LINE('',#6301,#1562);
#1248=LINE('',#6304,#1563);
#1249=LINE('',#6307,#1564);
#1250=LINE('',#6311,#1565);
#1251=LINE('',#6315,#1566);
#1252=LINE('',#6319,#1567);
#1253=LINE('',#6323,#1568);
#1254=LINE('',#6327,#1569);
#1255=LINE('',#6331,#1570);
#1256=LINE('',#6335,#1571);
#1257=LINE('',#6339,#1572);
#1258=LINE('',#6343,#1573);
#1259=LINE('',#6347,#1574);
#1260=LINE('',#6351,#1575);
#1261=LINE('',#6355,#1576);
#1262=LINE('',#6359,#1577);
#1263=LINE('',#6363,#1578);
#1264=LINE('',#6367,#1579);
#1265=LINE('',#6371,#1580);
#1266=LINE('',#6375,#1581);
#1267=LINE('',#6379,#1582);
#1268=LINE('',#6383,#1583);
#1269=LINE('',#6387,#1584);
#1270=LINE('',#6391,#1585);
#1271=LINE('',#6395,#1586);
#1272=LINE('',#6399,#1587);
#1273=LINE('',#6403,#1588);
#1274=LINE('',#6407,#1589);
#1275=LINE('',#6411,#1590);
#1276=LINE('',#6415,#1591);
#1277=LINE('',#6419,#1592);
#1278=LINE('',#6423,#1593);
#1279=LINE('',#6427,#1594);
#1280=LINE('',#6431,#1595);
#1281=LINE('',#6435,#1596);
#1282=LINE('',#6439,#1597);
#1283=LINE('',#6443,#1598);
#1284=LINE('',#6447,#1599);
#1285=LINE('',#6459,#1600);
#1286=LINE('',#6461,#1601);
#1287=LINE('',#6463,#1602);
#1288=LINE('',#6464,#1603);
#1289=LINE('',#6467,#1604);
#1290=LINE('',#6469,#1605);
#1291=LINE('',#6470,#1606);
#1292=LINE('',#6473,#1607);
#1293=LINE('',#6477,#1608);
#1294=LINE('',#6478,#1609);
#1295=LINE('',#6481,#1610);
#1296=LINE('',#6485,#1611);
#1297=LINE('',#6487,#1612);
#1298=LINE('',#6488,#1613);
#1299=LINE('',#6491,#1614);
#1300=LINE('',#6495,#1615);
#1301=LINE('',#6496,#1616);
#1302=LINE('',#6499,#1617);
#1303=LINE('',#6503,#1618);
#1304=LINE('',#6505,#1619);
#1305=LINE('',#6506,#1620);
#1306=LINE('',#6509,#1621);
#1307=LINE('',#6513,#1622);
#1308=LINE('',#6514,#1623);
#1309=LINE('',#6517,#1624);
#1310=LINE('',#6521,#1625);
#1311=LINE('',#6523,#1626);
#1312=LINE('',#6524,#1627);
#1313=LINE('',#6527,#1628);
#1314=LINE('',#6531,#1629);
#1315=LINE('',#6532,#1630);
#1316=LINE('',#6535,#1631);
#1317=LINE('',#6539,#1632);
#1318=LINE('',#6541,#1633);
#1319=LINE('',#6542,#1634);
#1320=LINE('',#6545,#1635);
#1321=LINE('',#6549,#1636);
#1322=LINE('',#6550,#1637);
#1323=LINE('',#6553,#1638);
#1324=LINE('',#6557,#1639);
#1325=LINE('',#6559,#1640);
#1326=LINE('',#6560,#1641);
#1327=LINE('',#6563,#1642);
#1328=LINE('',#6567,#1643);
#1329=LINE('',#6568,#1644);
#1330=LINE('',#6571,#1645);
#1331=LINE('',#6575,#1646);
#1332=LINE('',#6577,#1647);
#1333=LINE('',#6578,#1648);
#1334=LINE('',#6581,#1649);
#1335=LINE('',#6585,#1650);
#1336=LINE('',#6586,#1651);
#1337=LINE('',#6589,#1652);
#1338=LINE('',#6593,#1653);
#1339=LINE('',#6595,#1654);
#1340=LINE('',#6596,#1655);
#1341=LINE('',#6599,#1656);
#1342=LINE('',#6603,#1657);
#1343=LINE('',#6604,#1658);
#1344=LINE('',#6607,#1659);
#1345=LINE('',#6611,#1660);
#1346=LINE('',#6613,#1661);
#1347=LINE('',#6614,#1662);
#1348=LINE('',#6617,#1663);
#1349=LINE('',#6621,#1664);
#1350=LINE('',#6622,#1665);
#1351=LINE('',#6625,#1666);
#1352=LINE('',#6629,#1667);
#1353=LINE('',#6631,#1668);
#1354=LINE('',#6632,#1669);
#1355=LINE('',#6635,#1670);
#1356=LINE('',#6636,#1671);
#1357=LINE('',#6639,#1672);
#1358=LINE('',#6641,#1673);
#1359=LINE('',#6642,#1674);
#1360=LINE('',#6645,#1675);
#1361=LINE('',#6646,#1676);
#1362=LINE('',#6649,#1677);
#1363=LINE('',#6653,#1678);
#1364=LINE('',#6654,#1679);
#1365=LINE('',#6657,#1680);
#1366=LINE('',#6661,#1681);
#1367=LINE('',#6662,#1682);
#1368=LINE('',#6667,#1683);
#1369=LINE('',#6671,#1684);
#1370=LINE('',#6673,#1685);
#1371=LINE('',#6674,#1686);
#1372=LINE('',#6676,#1687);
#1373=LINE('',#6680,#1688);
#1374=LINE('',#6683,#1689);
#1375=LINE('',#6687,#1690);
#1376=LINE('',#6690,#1691);
#1377=LINE('',#6694,#1692);
#1378=LINE('',#6697,#1693);
#1379=LINE('',#6701,#1694);
#1380=LINE('',#6704,#1695);
#1381=LINE('',#6708,#1696);
#1382=LINE('',#6711,#1697);
#1383=LINE('',#6715,#1698);
#1384=LINE('',#6718,#1699);
#1385=LINE('',#6722,#1700);
#1386=LINE('',#6725,#1701);
#1387=LINE('',#6729,#1702);
#1388=LINE('',#6732,#1703);
#1389=LINE('',#6736,#1704);
#1390=LINE('',#6747,#1705);
#1391=LINE('',#6748,#1706);
#1392=LINE('',#6750,#1707);
#1393=LINE('',#6752,#1708);
#1394=LINE('',#6754,#1709);
#1395=LINE('',#6756,#1710);
#1396=LINE('',#6758,#1711);
#1397=LINE('',#6760,#1712);
#1398=LINE('',#6763,#1713);
#1399=LINE('',#6765,#1714);
#1400=LINE('',#6767,#1715);
#1401=LINE('',#6770,#1716);
#1402=LINE('',#6772,#1717);
#1403=LINE('',#6774,#1718);
#1404=LINE('',#6777,#1719);
#1405=LINE('',#6779,#1720);
#1406=LINE('',#6781,#1721);
#1407=LINE('',#6784,#1722);
#1408=LINE('',#6786,#1723);
#1409=LINE('',#6788,#1724);
#1410=LINE('',#6791,#1725);
#1411=LINE('',#6793,#1726);
#1412=LINE('',#6795,#1727);
#1413=LINE('',#6798,#1728);
#1414=LINE('',#6800,#1729);
#1415=LINE('',#6802,#1730);
#1416=LINE('',#6805,#1731);
#1417=LINE('',#6807,#1732);
#1418=LINE('',#6809,#1733);
#1419=LINE('',#6812,#1734);
#1420=LINE('',#6814,#1735);
#1421=LINE('',#6816,#1736);
#1422=LINE('',#6819,#1737);
#1423=LINE('',#6822,#1738);
#1424=LINE('',#6824,#1739);
#1425=LINE('',#6826,#1740);
#1426=LINE('',#6828,#1741);
#1427=LINE('',#6830,#1742);
#1428=LINE('',#6831,#1743);
#1429=VECTOR('',#4523,1.);
#1430=VECTOR('',#4524,1.);
#1431=VECTOR('',#4525,1.);
#1432=VECTOR('',#4526,1.);
#1433=VECTOR('',#4529,1.);
#1434=VECTOR('',#4530,1.);
#1435=VECTOR('',#4531,1.);
#1436=VECTOR('',#4534,1.);
#1437=VECTOR('',#4535,1.);
#1438=VECTOR('',#4536,1.);
#1439=VECTOR('',#4539,1.);
#1440=VECTOR('',#4668,1.);
#1441=VECTOR('',#4799,0.85);
#1442=VECTOR('',#4802,2.);
#1443=VECTOR('',#4805,0.75);
#1444=VECTOR('',#4808,0.75);
#1445=VECTOR('',#4811,0.85);
#1446=VECTOR('',#4814,0.85);
#1447=VECTOR('',#4817,0.75);
#1448=VECTOR('',#4820,0.85);
#1449=VECTOR('',#4823,2.);
#1450=VECTOR('',#4826,0.75);
#1451=VECTOR('',#4829,0.75);
#1452=VECTOR('',#4832,0.85);
#1453=VECTOR('',#4835,0.85);
#1454=VECTOR('',#4838,0.75);
#1455=VECTOR('',#4841,2.);
#1456=VECTOR('',#4844,0.85);
#1457=VECTOR('',#4847,0.75);
#1458=VECTOR('',#4850,0.85);
#1459=VECTOR('',#4853,2.);
#1460=VECTOR('',#4856,0.75);
#1461=VECTOR('',#4859,0.85);
#1462=VECTOR('',#4862,0.75);
#1463=VECTOR('',#4865,2.);
#1464=VECTOR('',#4868,0.85);
#1465=VECTOR('',#4871,0.75);
#1466=VECTOR('',#4874,0.85);
#1467=VECTOR('',#4877,2.);
#1468=VECTOR('',#4880,0.75);
#1469=VECTOR('',#4883,0.85);
#1470=VECTOR('',#4886,0.75);
#1471=VECTOR('',#4889,0.85);
#1472=VECTOR('',#4892,0.75);
#1473=VECTOR('',#4895,2.);
#1474=VECTOR('',#4898,0.75);
#1475=VECTOR('',#4901,0.85);
#1476=VECTOR('',#4904,0.85);
#1477=VECTOR('',#4907,0.75);
#1478=VECTOR('',#4910,0.5);
#1479=VECTOR('',#4913,0.5);
#1480=VECTOR('',#4916,0.5);
#1481=VECTOR('',#4919,0.5);
#1482=VECTOR('',#4922,2.);
#1483=VECTOR('',#4925,0.85);
#1484=VECTOR('',#4928,0.75);
#1485=VECTOR('',#4931,0.85);
#1486=VECTOR('',#4934,0.75);
#1487=VECTOR('',#4937,2.);
#1488=VECTOR('',#4940,0.85);
#1489=VECTOR('',#4943,0.75);
#1490=VECTOR('',#4946,0.4445);
#1491=VECTOR('',#4949,0.4445);
#1492=VECTOR('',#4952,0.4445);
#1493=VECTOR('',#4955,0.4445);
#1494=VECTOR('',#4958,0.4445);
#1495=VECTOR('',#4961,0.4445);
#1496=VECTOR('',#4964,0.4445);
#1497=VECTOR('',#4967,0.4445);
#1498=VECTOR('',#4970,0.4445);
#1499=VECTOR('',#4973,0.4445);
#1500=VECTOR('',#4976,0.4445);
#1501=VECTOR('',#4979,0.4445);
#1502=VECTOR('',#4982,0.4445);
#1503=VECTOR('',#4985,0.4445);
#1504=VECTOR('',#4992,10.);
#1505=VECTOR('',#4993,10.);
#1506=VECTOR('',#4994,10.);
#1507=VECTOR('',#4995,10.);
#1508=VECTOR('',#5000,10.);
#1509=VECTOR('',#5003,10.);
#1510=VECTOR('',#5006,10.);
#1511=VECTOR('',#5009,10.);
#1512=VECTOR('',#5022,10.);
#1513=VECTOR('',#5023,10.);
#1514=VECTOR('',#5026,10.);
#1515=VECTOR('',#5027,10.);
#1516=VECTOR('',#5028,10.);
#1517=VECTOR('',#5029,10.);
#1518=VECTOR('',#5032,10.);
#1519=VECTOR('',#5035,10.);
#1520=VECTOR('',#5036,10.);
#1521=VECTOR('',#5037,10.);
#1522=VECTOR('',#5038,10.);
#1523=VECTOR('',#5039,10.);
#1524=VECTOR('',#5040,10.);
#1525=VECTOR('',#5041,10.);
#1526=VECTOR('',#5042,10.);
#1527=VECTOR('',#5043,10.);
#1528=VECTOR('',#5046,10.);
#1529=VECTOR('',#5059,10.);
#1530=VECTOR('',#5060,10.);
#1531=VECTOR('',#5061,10.);
#1532=VECTOR('',#5064,10.);
#1533=VECTOR('',#5067,10.);
#1534=VECTOR('',#5070,10.);
#1535=VECTOR('',#5071,10.);
#1536=VECTOR('',#5072,10.);
#1537=VECTOR('',#5073,10.);
#1538=VECTOR('',#5076,10.);
#1539=VECTOR('',#5081,10.);
#1540=VECTOR('',#5082,10.);
#1541=VECTOR('',#5085,10.);
#1542=VECTOR('',#5086,10.);
#1543=VECTOR('',#5089,10.);
#1544=VECTOR('',#5092,10.);
#1545=VECTOR('',#5093,10.);
#1546=VECTOR('',#5096,3.00000000000001);
#1547=VECTOR('',#5101,3.);
#1548=VECTOR('',#5106,2.99999999999999);
#1549=VECTOR('',#5111,3.);
#1550=VECTOR('',#5116,10.);
#1551=VECTOR('',#5117,10.);
#1552=VECTOR('',#5126,1.7);
#1553=VECTOR('',#5133,1.7);
#1554=VECTOR('',#5140,1.7);
#1555=VECTOR('',#5147,1.7);
#1556=VECTOR('',#5158,10.);
#1557=VECTOR('',#5161,10.);
#1558=VECTOR('',#5164,10.);
#1559=VECTOR('',#5165,10.);
#1560=VECTOR('',#5166,10.);
#1561=VECTOR('',#5167,10.);
#1562=VECTOR('',#5168,10.);
#1563=VECTOR('',#5171,10.);
#1564=VECTOR('',#5172,10.);
#1565=VECTOR('',#5175,10.);
#1566=VECTOR('',#5178,10.);
#1567=VECTOR('',#5181,10.);
#1568=VECTOR('',#5184,10.);
#1569=VECTOR('',#5187,10.);
#1570=VECTOR('',#5190,10.);
#1571=VECTOR('',#5193,10.);
#1572=VECTOR('',#5196,10.);
#1573=VECTOR('',#5199,10.);
#1574=VECTOR('',#5202,10.);
#1575=VECTOR('',#5205,10.);
#1576=VECTOR('',#5208,10.);
#1577=VECTOR('',#5211,10.);
#1578=VECTOR('',#5214,10.);
#1579=VECTOR('',#5217,10.);
#1580=VECTOR('',#5220,10.);
#1581=VECTOR('',#5223,10.);
#1582=VECTOR('',#5226,10.);
#1583=VECTOR('',#5229,10.);
#1584=VECTOR('',#5232,10.);
#1585=VECTOR('',#5235,10.);
#1586=VECTOR('',#5238,10.);
#1587=VECTOR('',#5241,10.);
#1588=VECTOR('',#5244,10.);
#1589=VECTOR('',#5247,10.);
#1590=VECTOR('',#5250,10.);
#1591=VECTOR('',#5253,10.);
#1592=VECTOR('',#5256,10.);
#1593=VECTOR('',#5259,10.);
#1594=VECTOR('',#5262,10.);
#1595=VECTOR('',#5265,10.);
#1596=VECTOR('',#5268,10.);
#1597=VECTOR('',#5271,10.);
#1598=VECTOR('',#5274,10.);
#1599=VECTOR('',#5277,10.);
#1600=VECTOR('',#5288,10.);
#1601=VECTOR('',#5289,10.);
#1602=VECTOR('',#5290,10.);
#1603=VECTOR('',#5291,10.);
#1604=VECTOR('',#5294,10.);
#1605=VECTOR('',#5295,10.);
#1606=VECTOR('',#5296,10.);
#1607=VECTOR('',#5299,10.);
#1608=VECTOR('',#5304,10.);
#1609=VECTOR('',#5305,10.);
#1610=VECTOR('',#5308,10.);
#1611=VECTOR('',#5313,10.);
#1612=VECTOR('',#5314,10.);
#1613=VECTOR('',#5315,10.);
#1614=VECTOR('',#5318,10.);
#1615=VECTOR('',#5323,10.);
#1616=VECTOR('',#5324,10.);
#1617=VECTOR('',#5327,10.);
#1618=VECTOR('',#5332,10.);
#1619=VECTOR('',#5333,10.);
#1620=VECTOR('',#5334,10.);
#1621=VECTOR('',#5337,10.);
#1622=VECTOR('',#5342,10.);
#1623=VECTOR('',#5343,10.);
#1624=VECTOR('',#5346,10.);
#1625=VECTOR('',#5351,10.);
#1626=VECTOR('',#5352,10.);
#1627=VECTOR('',#5353,10.);
#1628=VECTOR('',#5356,10.);
#1629=VECTOR('',#5361,10.);
#1630=VECTOR('',#5362,10.);
#1631=VECTOR('',#5365,10.);
#1632=VECTOR('',#5370,10.);
#1633=VECTOR('',#5371,10.);
#1634=VECTOR('',#5372,10.);
#1635=VECTOR('',#5375,10.);
#1636=VECTOR('',#5380,10.);
#1637=VECTOR('',#5381,10.);
#1638=VECTOR('',#5384,10.);
#1639=VECTOR('',#5389,10.);
#1640=VECTOR('',#5390,10.);
#1641=VECTOR('',#5391,10.);
#1642=VECTOR('',#5394,10.);
#1643=VECTOR('',#5399,10.);
#1644=VECTOR('',#5400,10.);
#1645=VECTOR('',#5403,10.);
#1646=VECTOR('',#5408,10.);
#1647=VECTOR('',#5409,10.);
#1648=VECTOR('',#5410,10.);
#1649=VECTOR('',#5413,10.);
#1650=VECTOR('',#5418,10.);
#1651=VECTOR('',#5419,10.);
#1652=VECTOR('',#5422,10.);
#1653=VECTOR('',#5427,10.);
#1654=VECTOR('',#5428,10.);
#1655=VECTOR('',#5429,10.);
#1656=VECTOR('',#5432,10.);
#1657=VECTOR('',#5437,10.);
#1658=VECTOR('',#5438,10.);
#1659=VECTOR('',#5441,10.);
#1660=VECTOR('',#5446,10.);
#1661=VECTOR('',#5447,10.);
#1662=VECTOR('',#5448,10.);
#1663=VECTOR('',#5451,10.);
#1664=VECTOR('',#5456,10.);
#1665=VECTOR('',#5457,10.);
#1666=VECTOR('',#5460,10.);
#1667=VECTOR('',#5465,10.);
#1668=VECTOR('',#5466,10.);
#1669=VECTOR('',#5467,10.);
#1670=VECTOR('',#5470,10.);
#1671=VECTOR('',#5471,10.);
#1672=VECTOR('',#5474,10.);
#1673=VECTOR('',#5475,10.);
#1674=VECTOR('',#5476,10.);
#1675=VECTOR('',#5479,10.);
#1676=VECTOR('',#5480,10.);
#1677=VECTOR('',#5483,10.);
#1678=VECTOR('',#5488,10.);
#1679=VECTOR('',#5489,10.);
#1680=VECTOR('',#5492,10.);
#1681=VECTOR('',#5497,10.);
#1682=VECTOR('',#5498,10.);
#1683=VECTOR('',#5503,10.);
#1684=VECTOR('',#5506,10.);
#1685=VECTOR('',#5507,10.);
#1686=VECTOR('',#5508,10.);
#1687=VECTOR('',#5509,10.);
#1688=VECTOR('',#5512,10.);
#1689=VECTOR('',#5515,10.);
#1690=VECTOR('',#5518,10.);
#1691=VECTOR('',#5521,10.);
#1692=VECTOR('',#5524,10.);
#1693=VECTOR('',#5527,10.);
#1694=VECTOR('',#5530,10.);
#1695=VECTOR('',#5533,10.);
#1696=VECTOR('',#5536,10.);
#1697=VECTOR('',#5539,10.);
#1698=VECTOR('',#5542,10.);
#1699=VECTOR('',#5545,10.);
#1700=VECTOR('',#5548,10.);
#1701=VECTOR('',#5551,10.);
#1702=VECTOR('',#5554,10.);
#1703=VECTOR('',#5557,10.);
#1704=VECTOR('',#5560,10.);
#1705=VECTOR('',#5571,10.);
#1706=VECTOR('',#5572,10.);
#1707=VECTOR('',#5575,10.);
#1708=VECTOR('',#5578,10.);
#1709=VECTOR('',#5581,10.);
#1710=VECTOR('',#5584,10.);
#1711=VECTOR('',#5587,10.);
#1712=VECTOR('',#5590,10.);
#1713=VECTOR('',#5595,10.);
#1714=VECTOR('',#5598,10.);
#1715=VECTOR('',#5601,10.);
#1716=VECTOR('',#5606,10.);
#1717=VECTOR('',#5609,10.);
#1718=VECTOR('',#5612,10.);
#1719=VECTOR('',#5617,10.);
#1720=VECTOR('',#5620,10.);
#1721=VECTOR('',#5623,10.);
#1722=VECTOR('',#5628,10.);
#1723=VECTOR('',#5631,10.);
#1724=VECTOR('',#5634,10.);
#1725=VECTOR('',#5639,10.);
#1726=VECTOR('',#5642,10.);
#1727=VECTOR('',#5645,10.);
#1728=VECTOR('',#5650,10.);
#1729=VECTOR('',#5653,10.);
#1730=VECTOR('',#5656,10.);
#1731=VECTOR('',#5661,10.);
#1732=VECTOR('',#5664,10.);
#1733=VECTOR('',#5667,10.);
#1734=VECTOR('',#5672,10.);
#1735=VECTOR('',#5675,10.);
#1736=VECTOR('',#5678,10.);
#1737=VECTOR('',#5683,10.);
#1738=VECTOR('',#5688,1.7);
#1739=VECTOR('',#5691,1.7);
#1740=VECTOR('',#5694,1.7);
#1741=VECTOR('',#5697,1.7);
#1742=VECTOR('',#5700,10.);
#1743=VECTOR('',#5701,10.);
#1744=VERTEX_POINT('',#5715);
#1745=VERTEX_POINT('',#5716);
#1746=VERTEX_POINT('',#5718);
#1747=VERTEX_POINT('',#5720);
#1748=VERTEX_POINT('',#5724);
#1749=VERTEX_POINT('',#5725);
#1750=VERTEX_POINT('',#5730);
#1751=VERTEX_POINT('',#5732);
#1752=VERTEX_POINT('',#5737);
#1753=VERTEX_POINT('',#5739);
#1754=VERTEX_POINT('',#5741);
#1755=VERTEX_POINT('',#5743);
#1756=VERTEX_POINT('',#5745);
#1757=VERTEX_POINT('',#5747);
#1758=VERTEX_POINT('',#5749);
#1759=VERTEX_POINT('',#5751);
#1760=VERTEX_POINT('',#5753);
#1761=VERTEX_POINT('',#5755);
#1762=VERTEX_POINT('',#5757);
#1763=VERTEX_POINT('',#5759);
#1764=VERTEX_POINT('',#5761);
#1765=VERTEX_POINT('',#5763);
#1766=VERTEX_POINT('',#5765);
#1767=VERTEX_POINT('',#5767);
#1768=VERTEX_POINT('',#5769);
#1769=VERTEX_POINT('',#5771);
#1770=VERTEX_POINT('',#5773);
#1771=VERTEX_POINT('',#5775);
#1772=VERTEX_POINT('',#5777);
#1773=VERTEX_POINT('',#5779);
#1774=VERTEX_POINT('',#5781);
#1775=VERTEX_POINT('',#5783);
#1776=VERTEX_POINT('',#5785);
#1777=VERTEX_POINT('',#5787);
#1778=VERTEX_POINT('',#5789);
#1779=VERTEX_POINT('',#5791);
#1780=VERTEX_POINT('',#5793);
#1781=VERTEX_POINT('',#5795);
#1782=VERTEX_POINT('',#5797);
#1783=VERTEX_POINT('',#5799);
#1784=VERTEX_POINT('',#5801);
#1785=VERTEX_POINT('',#5803);
#1786=VERTEX_POINT('',#5805);
#1787=VERTEX_POINT('',#5807);
#1788=VERTEX_POINT('',#5809);
#1789=VERTEX_POINT('',#5811);
#1790=VERTEX_POINT('',#5813);
#1791=VERTEX_POINT('',#5815);
#1792=VERTEX_POINT('',#5817);
#1793=VERTEX_POINT('',#5819);
#1794=VERTEX_POINT('',#5821);
#1795=VERTEX_POINT('',#5823);
#1796=VERTEX_POINT('',#5825);
#1797=VERTEX_POINT('',#5827);
#1798=VERTEX_POINT('',#5829);
#1799=VERTEX_POINT('',#5831);
#1800=VERTEX_POINT('',#5833);
#1801=VERTEX_POINT('',#5835);
#1802=VERTEX_POINT('',#5837);
#1803=VERTEX_POINT('',#5839);
#1804=VERTEX_POINT('',#5841);
#1805=VERTEX_POINT('',#5843);
#1806=VERTEX_POINT('',#5845);
#1807=VERTEX_POINT('',#5847);
#1808=VERTEX_POINT('',#5849);
#1809=VERTEX_POINT('',#5851);
#1810=VERTEX_POINT('',#5853);
#1811=VERTEX_POINT('',#5855);
#1812=VERTEX_POINT('',#5857);
#1813=VERTEX_POINT('',#5859);
#1814=VERTEX_POINT('',#5861);
#1815=VERTEX_POINT('',#5865);
#1816=VERTEX_POINT('',#5867);
#1817=VERTEX_POINT('',#5869);
#1818=VERTEX_POINT('',#5871);
#1819=VERTEX_POINT('',#5873);
#1820=VERTEX_POINT('',#5875);
#1821=VERTEX_POINT('',#5877);
#1822=VERTEX_POINT('',#5879);
#1823=VERTEX_POINT('',#5881);
#1824=VERTEX_POINT('',#5883);
#1825=VERTEX_POINT('',#5885);
#1826=VERTEX_POINT('',#5887);
#1827=VERTEX_POINT('',#5889);
#1828=VERTEX_POINT('',#5891);
#1829=VERTEX_POINT('',#5893);
#1830=VERTEX_POINT('',#5895);
#1831=VERTEX_POINT('',#5897);
#1832=VERTEX_POINT('',#5899);
#1833=VERTEX_POINT('',#5901);
#1834=VERTEX_POINT('',#5903);
#1835=VERTEX_POINT('',#5905);
#1836=VERTEX_POINT('',#5907);
#1837=VERTEX_POINT('',#5909);
#1838=VERTEX_POINT('',#5911);
#1839=VERTEX_POINT('',#5913);
#1840=VERTEX_POINT('',#5915);
#1841=VERTEX_POINT('',#5917);
#1842=VERTEX_POINT('',#5919);
#1843=VERTEX_POINT('',#5921);
#1844=VERTEX_POINT('',#5923);
#1845=VERTEX_POINT('',#5925);
#1846=VERTEX_POINT('',#5927);
#1847=VERTEX_POINT('',#5929);
#1848=VERTEX_POINT('',#5931);
#1849=VERTEX_POINT('',#5933);
#1850=VERTEX_POINT('',#5935);
#1851=VERTEX_POINT('',#5937);
#1852=VERTEX_POINT('',#5939);
#1853=VERTEX_POINT('',#5941);
#1854=VERTEX_POINT('',#5943);
#1855=VERTEX_POINT('',#5945);
#1856=VERTEX_POINT('',#5947);
#1857=VERTEX_POINT('',#5949);
#1858=VERTEX_POINT('',#5951);
#1859=VERTEX_POINT('',#5953);
#1860=VERTEX_POINT('',#5955);
#1861=VERTEX_POINT('',#5957);
#1862=VERTEX_POINT('',#5959);
#1863=VERTEX_POINT('',#5961);
#1864=VERTEX_POINT('',#5963);
#1865=VERTEX_POINT('',#5965);
#1866=VERTEX_POINT('',#5967);
#1867=VERTEX_POINT('',#5969);
#1868=VERTEX_POINT('',#5971);
#1869=VERTEX_POINT('',#5973);
#1870=VERTEX_POINT('',#5975);
#1871=VERTEX_POINT('',#5977);
#1872=VERTEX_POINT('',#5979);
#1873=VERTEX_POINT('',#5981);
#1874=VERTEX_POINT('',#5983);
#1875=VERTEX_POINT('',#5985);
#1876=VERTEX_POINT('',#5987);
#1877=VERTEX_POINT('',#5989);
#1878=VERTEX_POINT('',#6121);
#1879=VERTEX_POINT('',#6122);
#1880=VERTEX_POINT('',#6124);
#1881=VERTEX_POINT('',#6126);
#1882=VERTEX_POINT('',#6130);
#1883=VERTEX_POINT('',#6131);
#1884=VERTEX_POINT('',#6133);
#1885=VERTEX_POINT('',#6135);
#1886=VERTEX_POINT('',#6137);
#1887=VERTEX_POINT('',#6139);
#1888=VERTEX_POINT('',#6141);
#1889=VERTEX_POINT('',#6143);
#1890=VERTEX_POINT('',#6146);
#1891=VERTEX_POINT('',#6148);
#1892=VERTEX_POINT('',#6150);
#1893=VERTEX_POINT('',#6152);
#1894=VERTEX_POINT('',#6155);
#1895=VERTEX_POINT('',#6156);
#1896=VERTEX_POINT('',#6161);
#1897=VERTEX_POINT('',#6163);
#1898=VERTEX_POINT('',#6165);
#1899=VERTEX_POINT('',#6169);
#1900=VERTEX_POINT('',#6171);
#1901=VERTEX_POINT('',#6173);
#1902=VERTEX_POINT('',#6175);
#1903=VERTEX_POINT('',#6177);
#1904=VERTEX_POINT('',#6179);
#1905=VERTEX_POINT('',#6181);
#1906=VERTEX_POINT('',#6183);
#1907=VERTEX_POINT('',#6185);
#1908=VERTEX_POINT('',#6187);
#1909=VERTEX_POINT('',#6189);
#1910=VERTEX_POINT('',#6191);
#1911=VERTEX_POINT('',#6193);
#1912=VERTEX_POINT('',#6196);
#1913=VERTEX_POINT('',#6198);
#1914=VERTEX_POINT('',#6200);
#1915=VERTEX_POINT('',#6202);
#1916=VERTEX_POINT('',#6205);
#1917=VERTEX_POINT('',#6207);
#1918=VERTEX_POINT('',#6215);
#1919=VERTEX_POINT('',#6217);
#1920=VERTEX_POINT('',#6225);
#1921=VERTEX_POINT('',#6229);
#1922=VERTEX_POINT('',#6238);
#1923=VERTEX_POINT('',#6242);
#1924=VERTEX_POINT('',#6246);
#1925=VERTEX_POINT('',#6250);
#1926=VERTEX_POINT('',#6259);
#1927=VERTEX_POINT('',#6264);
#1928=VERTEX_POINT('',#6269);
#1929=VERTEX_POINT('',#6274);
#1930=VERTEX_POINT('',#6281);
#1931=VERTEX_POINT('',#6282);
#1932=VERTEX_POINT('',#6284);
#1933=VERTEX_POINT('',#6286);
#1934=VERTEX_POINT('',#6288);
#1935=VERTEX_POINT('',#6290);
#1936=VERTEX_POINT('',#6292);
#1937=VERTEX_POINT('',#6294);
#1938=VERTEX_POINT('',#6296);
#1939=VERTEX_POINT('',#6298);
#1940=VERTEX_POINT('',#6300);
#1941=VERTEX_POINT('',#6302);
#1942=VERTEX_POINT('',#6305);
#1943=VERTEX_POINT('',#6306);
#1944=VERTEX_POINT('',#6308);
#1945=VERTEX_POINT('',#6310);
#1946=VERTEX_POINT('',#6312);
#1947=VERTEX_POINT('',#6314);
#1948=VERTEX_POINT('',#6316);
#1949=VERTEX_POINT('',#6318);
#1950=VERTEX_POINT('',#6321);
#1951=VERTEX_POINT('',#6322);
#1952=VERTEX_POINT('',#6324);
#1953=VERTEX_POINT('',#6326);
#1954=VERTEX_POINT('',#6328);
#1955=VERTEX_POINT('',#6330);
#1956=VERTEX_POINT('',#6332);
#1957=VERTEX_POINT('',#6334);
#1958=VERTEX_POINT('',#6337);
#1959=VERTEX_POINT('',#6338);
#1960=VERTEX_POINT('',#6340);
#1961=VERTEX_POINT('',#6342);
#1962=VERTEX_POINT('',#6344);
#1963=VERTEX_POINT('',#6346);
#1964=VERTEX_POINT('',#6348);
#1965=VERTEX_POINT('',#6350);
#1966=VERTEX_POINT('',#6353);
#1967=VERTEX_POINT('',#6354);
#1968=VERTEX_POINT('',#6356);
#1969=VERTEX_POINT('',#6358);
#1970=VERTEX_POINT('',#6360);
#1971=VERTEX_POINT('',#6362);
#1972=VERTEX_POINT('',#6364);
#1973=VERTEX_POINT('',#6366);
#1974=VERTEX_POINT('',#6369);
#1975=VERTEX_POINT('',#6370);
#1976=VERTEX_POINT('',#6372);
#1977=VERTEX_POINT('',#6374);
#1978=VERTEX_POINT('',#6376);
#1979=VERTEX_POINT('',#6378);
#1980=VERTEX_POINT('',#6380);
#1981=VERTEX_POINT('',#6382);
#1982=VERTEX_POINT('',#6385);
#1983=VERTEX_POINT('',#6386);
#1984=VERTEX_POINT('',#6388);
#1985=VERTEX_POINT('',#6390);
#1986=VERTEX_POINT('',#6392);
#1987=VERTEX_POINT('',#6394);
#1988=VERTEX_POINT('',#6396);
#1989=VERTEX_POINT('',#6398);
#1990=VERTEX_POINT('',#6401);
#1991=VERTEX_POINT('',#6402);
#1992=VERTEX_POINT('',#6404);
#1993=VERTEX_POINT('',#6406);
#1994=VERTEX_POINT('',#6408);
#1995=VERTEX_POINT('',#6410);
#1996=VERTEX_POINT('',#6412);
#1997=VERTEX_POINT('',#6414);
#1998=VERTEX_POINT('',#6417);
#1999=VERTEX_POINT('',#6418);
#2000=VERTEX_POINT('',#6420);
#2001=VERTEX_POINT('',#6422);
#2002=VERTEX_POINT('',#6424);
#2003=VERTEX_POINT('',#6426);
#2004=VERTEX_POINT('',#6428);
#2005=VERTEX_POINT('',#6430);
#2006=VERTEX_POINT('',#6433);
#2007=VERTEX_POINT('',#6434);
#2008=VERTEX_POINT('',#6436);
#2009=VERTEX_POINT('',#6438);
#2010=VERTEX_POINT('',#6440);
#2011=VERTEX_POINT('',#6442);
#2012=VERTEX_POINT('',#6444);
#2013=VERTEX_POINT('',#6446);
#2014=VERTEX_POINT('',#6449);
#2015=VERTEX_POINT('',#6451);
#2016=VERTEX_POINT('',#6453);
#2017=VERTEX_POINT('',#6455);
#2018=VERTEX_POINT('',#6457);
#2019=VERTEX_POINT('',#6458);
#2020=VERTEX_POINT('',#6460);
#2021=VERTEX_POINT('',#6462);
#2022=VERTEX_POINT('',#6466);
#2023=VERTEX_POINT('',#6468);
#2024=VERTEX_POINT('',#6472);
#2025=VERTEX_POINT('',#6476);
#2026=VERTEX_POINT('',#6480);
#2027=VERTEX_POINT('',#6484);
#2028=VERTEX_POINT('',#6486);
#2029=VERTEX_POINT('',#6490);
#2030=VERTEX_POINT('',#6494);
#2031=VERTEX_POINT('',#6498);
#2032=VERTEX_POINT('',#6502);
#2033=VERTEX_POINT('',#6504);
#2034=VERTEX_POINT('',#6508);
#2035=VERTEX_POINT('',#6512);
#2036=VERTEX_POINT('',#6516);
#2037=VERTEX_POINT('',#6520);
#2038=VERTEX_POINT('',#6522);
#2039=VERTEX_POINT('',#6526);
#2040=VERTEX_POINT('',#6530);
#2041=VERTEX_POINT('',#6534);
#2042=VERTEX_POINT('',#6538);
#2043=VERTEX_POINT('',#6540);
#2044=VERTEX_POINT('',#6544);
#2045=VERTEX_POINT('',#6548);
#2046=VERTEX_POINT('',#6552);
#2047=VERTEX_POINT('',#6556);
#2048=VERTEX_POINT('',#6558);
#2049=VERTEX_POINT('',#6562);
#2050=VERTEX_POINT('',#6566);
#2051=VERTEX_POINT('',#6570);
#2052=VERTEX_POINT('',#6574);
#2053=VERTEX_POINT('',#6576);
#2054=VERTEX_POINT('',#6580);
#2055=VERTEX_POINT('',#6584);
#2056=VERTEX_POINT('',#6588);
#2057=VERTEX_POINT('',#6592);
#2058=VERTEX_POINT('',#6594);
#2059=VERTEX_POINT('',#6598);
#2060=VERTEX_POINT('',#6602);
#2061=VERTEX_POINT('',#6606);
#2062=VERTEX_POINT('',#6610);
#2063=VERTEX_POINT('',#6612);
#2064=VERTEX_POINT('',#6616);
#2065=VERTEX_POINT('',#6620);
#2066=VERTEX_POINT('',#6624);
#2067=VERTEX_POINT('',#6628);
#2068=VERTEX_POINT('',#6630);
#2069=VERTEX_POINT('',#6634);
#2070=VERTEX_POINT('',#6638);
#2071=VERTEX_POINT('',#6640);
#2072=VERTEX_POINT('',#6644);
#2073=VERTEX_POINT('',#6648);
#2074=VERTEX_POINT('',#6652);
#2075=VERTEX_POINT('',#6656);
#2076=VERTEX_POINT('',#6660);
#2077=VERTEX_POINT('',#6664);
#2078=VERTEX_POINT('',#6666);
#2079=VERTEX_POINT('',#6668);
#2080=VERTEX_POINT('',#6670);
#2081=VERTEX_POINT('',#6672);
#2082=VERTEX_POINT('',#6675);
#2083=VERTEX_POINT('',#6677);
#2084=VERTEX_POINT('',#6679);
#2085=VERTEX_POINT('',#6682);
#2086=VERTEX_POINT('',#6684);
#2087=VERTEX_POINT('',#6686);
#2088=VERTEX_POINT('',#6689);
#2089=VERTEX_POINT('',#6691);
#2090=VERTEX_POINT('',#6693);
#2091=VERTEX_POINT('',#6696);
#2092=VERTEX_POINT('',#6698);
#2093=VERTEX_POINT('',#6700);
#2094=VERTEX_POINT('',#6703);
#2095=VERTEX_POINT('',#6705);
#2096=VERTEX_POINT('',#6707);
#2097=VERTEX_POINT('',#6710);
#2098=VERTEX_POINT('',#6712);
#2099=VERTEX_POINT('',#6714);
#2100=VERTEX_POINT('',#6717);
#2101=VERTEX_POINT('',#6719);
#2102=VERTEX_POINT('',#6721);
#2103=VERTEX_POINT('',#6724);
#2104=VERTEX_POINT('',#6726);
#2105=VERTEX_POINT('',#6728);
#2106=VERTEX_POINT('',#6731);
#2107=VERTEX_POINT('',#6733);
#2108=VERTEX_POINT('',#6735);
#2109=VERTEX_POINT('',#6738);
#2110=VERTEX_POINT('',#6740);
#2111=VERTEX_POINT('',#6742);
#2112=VERTEX_POINT('',#6744);
#2113=VERTEX_POINT('',#6746);
#2114=EDGE_CURVE('',#1744,#1745,#1114,.T.);
#2115=EDGE_CURVE('',#1745,#1746,#1115,.T.);
#2116=EDGE_CURVE('',#1747,#1746,#1116,.T.);
#2117=EDGE_CURVE('',#1744,#1747,#1117,.T.);
#2118=EDGE_CURVE('',#1748,#1749,#1118,.T.);
#2119=EDGE_CURVE('',#1749,#1745,#1119,.T.);
#2120=EDGE_CURVE('',#1748,#1744,#1120,.T.);
#2121=EDGE_CURVE('',#1746,#1750,#1121,.T.);
#2122=EDGE_CURVE('',#1751,#1750,#1122,.T.);
#2123=EDGE_CURVE('',#1747,#1751,#1123,.T.);
#2124=EDGE_CURVE('',#1751,#1748,#1124,.T.);
#2125=EDGE_CURVE('',#1752,#1752,#324,.T.);
#2126=EDGE_CURVE('',#1753,#1753,#325,.T.);
#2127=EDGE_CURVE('',#1754,#1754,#326,.T.);
#2128=EDGE_CURVE('',#1755,#1755,#327,.T.);
#2129=EDGE_CURVE('',#1756,#1756,#328,.T.);
#2130=EDGE_CURVE('',#1757,#1757,#329,.T.);
#2131=EDGE_CURVE('',#1758,#1758,#330,.T.);
#2132=EDGE_CURVE('',#1759,#1759,#331,.T.);
#2133=EDGE_CURVE('',#1760,#1760,#332,.T.);
#2134=EDGE_CURVE('',#1761,#1761,#333,.T.);
#2135=EDGE_CURVE('',#1762,#1762,#334,.T.);
#2136=EDGE_CURVE('',#1763,#1763,#335,.T.);
#2137=EDGE_CURVE('',#1764,#1764,#336,.T.);
#2138=EDGE_CURVE('',#1765,#1765,#337,.T.);
#2139=EDGE_CURVE('',#1766,#1766,#338,.T.);
#2140=EDGE_CURVE('',#1767,#1767,#339,.T.);
#2141=EDGE_CURVE('',#1768,#1768,#340,.T.);
#2142=EDGE_CURVE('',#1769,#1769,#341,.T.);
#2143=EDGE_CURVE('',#1770,#1770,#342,.T.);
#2144=EDGE_CURVE('',#1771,#1771,#343,.T.);
#2145=EDGE_CURVE('',#1772,#1772,#344,.T.);
#2146=EDGE_CURVE('',#1773,#1773,#345,.T.);
#2147=EDGE_CURVE('',#1774,#1774,#346,.T.);
#2148=EDGE_CURVE('',#1775,#1775,#347,.T.);
#2149=EDGE_CURVE('',#1776,#1776,#348,.T.);
#2150=EDGE_CURVE('',#1777,#1777,#349,.T.);
#2151=EDGE_CURVE('',#1778,#1778,#350,.T.);
#2152=EDGE_CURVE('',#1779,#1779,#351,.T.);
#2153=EDGE_CURVE('',#1780,#1780,#352,.T.);
#2154=EDGE_CURVE('',#1781,#1781,#353,.T.);
#2155=EDGE_CURVE('',#1782,#1782,#354,.T.);
#2156=EDGE_CURVE('',#1783,#1783,#355,.T.);
#2157=EDGE_CURVE('',#1784,#1784,#356,.T.);
#2158=EDGE_CURVE('',#1785,#1785,#357,.T.);
#2159=EDGE_CURVE('',#1786,#1786,#358,.T.);
#2160=EDGE_CURVE('',#1787,#1787,#359,.T.);
#2161=EDGE_CURVE('',#1788,#1788,#360,.T.);
#2162=EDGE_CURVE('',#1789,#1789,#361,.T.);
#2163=EDGE_CURVE('',#1790,#1790,#362,.T.);
#2164=EDGE_CURVE('',#1791,#1791,#363,.T.);
#2165=EDGE_CURVE('',#1792,#1792,#364,.T.);
#2166=EDGE_CURVE('',#1793,#1793,#365,.T.);
#2167=EDGE_CURVE('',#1794,#1794,#366,.T.);
#2168=EDGE_CURVE('',#1795,#1795,#367,.T.);
#2169=EDGE_CURVE('',#1796,#1796,#368,.T.);
#2170=EDGE_CURVE('',#1797,#1797,#369,.T.);
#2171=EDGE_CURVE('',#1798,#1798,#370,.T.);
#2172=EDGE_CURVE('',#1799,#1799,#371,.T.);
#2173=EDGE_CURVE('',#1800,#1800,#372,.T.);
#2174=EDGE_CURVE('',#1801,#1801,#373,.T.);
#2175=EDGE_CURVE('',#1802,#1802,#374,.T.);
#2176=EDGE_CURVE('',#1803,#1803,#375,.T.);
#2177=EDGE_CURVE('',#1804,#1804,#376,.T.);
#2178=EDGE_CURVE('',#1805,#1805,#377,.T.);
#2179=EDGE_CURVE('',#1806,#1806,#378,.T.);
#2180=EDGE_CURVE('',#1807,#1807,#379,.T.);
#2181=EDGE_CURVE('',#1808,#1808,#380,.T.);
#2182=EDGE_CURVE('',#1809,#1809,#381,.T.);
#2183=EDGE_CURVE('',#1810,#1810,#382,.T.);
#2184=EDGE_CURVE('',#1811,#1811,#383,.T.);
#2185=EDGE_CURVE('',#1812,#1812,#384,.T.);
#2186=EDGE_CURVE('',#1813,#1813,#385,.T.);
#2187=EDGE_CURVE('',#1814,#1814,#386,.T.);
#2188=EDGE_CURVE('',#1750,#1749,#1125,.T.);
#2189=EDGE_CURVE('',#1815,#1815,#387,.T.);
#2190=EDGE_CURVE('',#1816,#1816,#388,.T.);
#2191=EDGE_CURVE('',#1817,#1817,#389,.T.);
#2192=EDGE_CURVE('',#1818,#1818,#390,.T.);
#2193=EDGE_CURVE('',#1819,#1819,#391,.T.);
#2194=EDGE_CURVE('',#1820,#1820,#392,.T.);
#2195=EDGE_CURVE('',#1821,#1821,#393,.T.);
#2196=EDGE_CURVE('',#1822,#1822,#394,.T.);
#2197=EDGE_CURVE('',#1823,#1823,#395,.T.);
#2198=EDGE_CURVE('',#1824,#1824,#396,.T.);
#2199=EDGE_CURVE('',#1825,#1825,#397,.T.);
#2200=EDGE_CURVE('',#1826,#1826,#398,.T.);
#2201=EDGE_CURVE('',#1827,#1827,#399,.T.);
#2202=EDGE_CURVE('',#1828,#1828,#400,.T.);
#2203=EDGE_CURVE('',#1829,#1829,#401,.T.);
#2204=EDGE_CURVE('',#1830,#1830,#402,.T.);
#2205=EDGE_CURVE('',#1831,#1831,#403,.T.);
#2206=EDGE_CURVE('',#1832,#1832,#404,.T.);
#2207=EDGE_CURVE('',#1833,#1833,#405,.T.);
#2208=EDGE_CURVE('',#1834,#1834,#406,.T.);
#2209=EDGE_CURVE('',#1835,#1835,#407,.T.);
#2210=EDGE_CURVE('',#1836,#1836,#408,.T.);
#2211=EDGE_CURVE('',#1837,#1837,#409,.T.);
#2212=EDGE_CURVE('',#1838,#1838,#410,.T.);
#2213=EDGE_CURVE('',#1839,#1839,#411,.T.);
#2214=EDGE_CURVE('',#1840,#1840,#412,.T.);
#2215=EDGE_CURVE('',#1841,#1841,#413,.T.);
#2216=EDGE_CURVE('',#1842,#1842,#414,.T.);
#2217=EDGE_CURVE('',#1843,#1843,#415,.T.);
#2218=EDGE_CURVE('',#1844,#1844,#416,.T.);
#2219=EDGE_CURVE('',#1845,#1845,#417,.T.);
#2220=EDGE_CURVE('',#1846,#1846,#418,.T.);
#2221=EDGE_CURVE('',#1847,#1847,#419,.T.);
#2222=EDGE_CURVE('',#1848,#1848,#420,.T.);
#2223=EDGE_CURVE('',#1849,#1849,#421,.T.);
#2224=EDGE_CURVE('',#1850,#1850,#422,.T.);
#2225=EDGE_CURVE('',#1851,#1851,#423,.T.);
#2226=EDGE_CURVE('',#1852,#1852,#424,.T.);
#2227=EDGE_CURVE('',#1853,#1853,#425,.T.);
#2228=EDGE_CURVE('',#1854,#1854,#426,.T.);
#2229=EDGE_CURVE('',#1855,#1855,#427,.T.);
#2230=EDGE_CURVE('',#1856,#1856,#428,.T.);
#2231=EDGE_CURVE('',#1857,#1857,#429,.T.);
#2232=EDGE_CURVE('',#1858,#1858,#430,.T.);
#2233=EDGE_CURVE('',#1859,#1859,#431,.T.);
#2234=EDGE_CURVE('',#1860,#1860,#432,.T.);
#2235=EDGE_CURVE('',#1861,#1861,#433,.T.);
#2236=EDGE_CURVE('',#1862,#1862,#434,.T.);
#2237=EDGE_CURVE('',#1863,#1863,#435,.T.);
#2238=EDGE_CURVE('',#1864,#1864,#436,.T.);
#2239=EDGE_CURVE('',#1865,#1865,#437,.T.);
#2240=EDGE_CURVE('',#1866,#1866,#438,.T.);
#2241=EDGE_CURVE('',#1867,#1867,#439,.T.);
#2242=EDGE_CURVE('',#1868,#1868,#440,.T.);
#2243=EDGE_CURVE('',#1869,#1869,#441,.T.);
#2244=EDGE_CURVE('',#1870,#1870,#442,.T.);
#2245=EDGE_CURVE('',#1871,#1871,#443,.T.);
#2246=EDGE_CURVE('',#1872,#1872,#444,.T.);
#2247=EDGE_CURVE('',#1873,#1873,#445,.T.);
#2248=EDGE_CURVE('',#1874,#1874,#446,.T.);
#2249=EDGE_CURVE('',#1875,#1875,#447,.T.);
#2250=EDGE_CURVE('',#1876,#1876,#448,.T.);
#2251=EDGE_CURVE('',#1877,#1877,#449,.T.);
#2252=EDGE_CURVE('',#1815,#1752,#1126,.T.);
#2253=EDGE_CURVE('',#1816,#1753,#1127,.T.);
#2254=EDGE_CURVE('',#1817,#1754,#1128,.T.);
#2255=EDGE_CURVE('',#1818,#1755,#1129,.T.);
#2256=EDGE_CURVE('',#1819,#1756,#1130,.T.);
#2257=EDGE_CURVE('',#1820,#1757,#1131,.T.);
#2258=EDGE_CURVE('',#1821,#1758,#1132,.T.);
#2259=EDGE_CURVE('',#1822,#1759,#1133,.T.);
#2260=EDGE_CURVE('',#1823,#1760,#1134,.T.);
#2261=EDGE_CURVE('',#1824,#1761,#1135,.T.);
#2262=EDGE_CURVE('',#1825,#1762,#1136,.T.);
#2263=EDGE_CURVE('',#1826,#1763,#1137,.T.);
#2264=EDGE_CURVE('',#1827,#1764,#1138,.T.);
#2265=EDGE_CURVE('',#1828,#1765,#1139,.T.);
#2266=EDGE_CURVE('',#1829,#1766,#1140,.T.);
#2267=EDGE_CURVE('',#1830,#1767,#1141,.T.);
#2268=EDGE_CURVE('',#1831,#1768,#1142,.T.);
#2269=EDGE_CURVE('',#1832,#1769,#1143,.T.);
#2270=EDGE_CURVE('',#1833,#1770,#1144,.T.);
#2271=EDGE_CURVE('',#1834,#1771,#1145,.T.);
#2272=EDGE_CURVE('',#1835,#1772,#1146,.T.);
#2273=EDGE_CURVE('',#1836,#1773,#1147,.T.);
#2274=EDGE_CURVE('',#1837,#1774,#1148,.T.);
#2275=EDGE_CURVE('',#1838,#1775,#1149,.T.);
#2276=EDGE_CURVE('',#1839,#1776,#1150,.T.);
#2277=EDGE_CURVE('',#1840,#1777,#1151,.T.);
#2278=EDGE_CURVE('',#1841,#1778,#1152,.T.);
#2279=EDGE_CURVE('',#1842,#1779,#1153,.T.);
#2280=EDGE_CURVE('',#1843,#1780,#1154,.T.);
#2281=EDGE_CURVE('',#1844,#1781,#1155,.T.);
#2282=EDGE_CURVE('',#1845,#1782,#1156,.T.);
#2283=EDGE_CURVE('',#1846,#1783,#1157,.T.);
#2284=EDGE_CURVE('',#1847,#1784,#1158,.T.);
#2285=EDGE_CURVE('',#1848,#1785,#1159,.T.);
#2286=EDGE_CURVE('',#1849,#1786,#1160,.T.);
#2287=EDGE_CURVE('',#1850,#1787,#1161,.T.);
#2288=EDGE_CURVE('',#1851,#1788,#1162,.T.);
#2289=EDGE_CURVE('',#1852,#1789,#1163,.T.);
#2290=EDGE_CURVE('',#1853,#1790,#1164,.T.);
#2291=EDGE_CURVE('',#1854,#1791,#1165,.T.);
#2292=EDGE_CURVE('',#1855,#1792,#1166,.T.);
#2293=EDGE_CURVE('',#1856,#1793,#1167,.T.);
#2294=EDGE_CURVE('',#1857,#1794,#1168,.T.);
#2295=EDGE_CURVE('',#1858,#1795,#1169,.T.);
#2296=EDGE_CURVE('',#1859,#1796,#1170,.T.);
#2297=EDGE_CURVE('',#1860,#1797,#1171,.T.);
#2298=EDGE_CURVE('',#1861,#1798,#1172,.T.);
#2299=EDGE_CURVE('',#1862,#1799,#1173,.T.);
#2300=EDGE_CURVE('',#1863,#1800,#1174,.T.);
#2301=EDGE_CURVE('',#1864,#1801,#1175,.T.);
#2302=EDGE_CURVE('',#1865,#1802,#1176,.T.);
#2303=EDGE_CURVE('',#1866,#1803,#1177,.T.);
#2304=EDGE_CURVE('',#1867,#1804,#1178,.T.);
#2305=EDGE_CURVE('',#1868,#1805,#1179,.T.);
#2306=EDGE_CURVE('',#1869,#1806,#1180,.T.);
#2307=EDGE_CURVE('',#1870,#1807,#1181,.T.);
#2308=EDGE_CURVE('',#1871,#1808,#1182,.T.);
#2309=EDGE_CURVE('',#1872,#1809,#1183,.T.);
#2310=EDGE_CURVE('',#1873,#1810,#1184,.T.);
#2311=EDGE_CURVE('',#1874,#1811,#1185,.T.);
#2312=EDGE_CURVE('',#1875,#1812,#1186,.T.);
#2313=EDGE_CURVE('',#1876,#1813,#1187,.T.);
#2314=EDGE_CURVE('',#1877,#1814,#1188,.T.);
#2315=EDGE_CURVE('',#1878,#1879,#1189,.T.);
#2316=EDGE_CURVE('',#1880,#1878,#1190,.T.);
#2317=EDGE_CURVE('',#1881,#1880,#1191,.T.);
#2318=EDGE_CURVE('',#1879,#1881,#1192,.T.);
#2319=EDGE_CURVE('',#1882,#1883,#450,.T.);
#2320=EDGE_CURVE('',#1883,#1884,#1193,.T.);
#2321=EDGE_CURVE('',#1884,#1885,#451,.T.);
#2322=EDGE_CURVE('',#1885,#1886,#1194,.T.);
#2323=EDGE_CURVE('',#1886,#1887,#452,.T.);
#2324=EDGE_CURVE('',#1887,#1888,#1195,.T.);
#2325=EDGE_CURVE('',#1888,#1889,#453,.T.);
#2326=EDGE_CURVE('',#1889,#1882,#1196,.T.);
#2327=EDGE_CURVE('',#1890,#1890,#454,.T.);
#2328=EDGE_CURVE('',#1891,#1891,#455,.T.);
#2329=EDGE_CURVE('',#1892,#1892,#456,.T.);
#2330=EDGE_CURVE('',#1893,#1893,#457,.T.);
#2331=EDGE_CURVE('',#1894,#1895,#458,.T.);
#2332=EDGE_CURVE('',#1895,#1883,#1197,.T.);
#2333=EDGE_CURVE('',#1882,#1894,#1198,.T.);
#2334=EDGE_CURVE('',#1896,#1895,#1199,.T.);
#2335=EDGE_CURVE('',#1897,#1896,#1200,.T.);
#2336=EDGE_CURVE('',#1897,#1898,#1201,.T.);
#2337=EDGE_CURVE('',#1898,#1884,#1202,.T.);
#2338=EDGE_CURVE('',#1894,#1899,#1203,.T.);
#2339=EDGE_CURVE('',#1900,#1899,#459,.T.);
#2340=EDGE_CURVE('',#1900,#1901,#1204,.T.);
#2341=EDGE_CURVE('',#1901,#1902,#1205,.T.);
#2342=EDGE_CURVE('',#1902,#1903,#1206,.T.);
#2343=EDGE_CURVE('',#1903,#1904,#1207,.T.);
#2344=EDGE_CURVE('',#1904,#1905,#1208,.T.);
#2345=EDGE_CURVE('',#1905,#1906,#1209,.T.);
#2346=EDGE_CURVE('',#1906,#1907,#1210,.T.);
#2347=EDGE_CURVE('',#1907,#1908,#1211,.T.);
#2348=EDGE_CURVE('',#1908,#1909,#1212,.T.);
#2349=EDGE_CURVE('',#1910,#1909,#460,.T.);
#2350=EDGE_CURVE('',#1910,#1911,#1213,.T.);
#2351=EDGE_CURVE('',#1896,#1911,#461,.T.);
#2352=EDGE_CURVE('',#1912,#1912,#462,.T.);
#2353=EDGE_CURVE('',#1913,#1913,#463,.T.);
#2354=EDGE_CURVE('',#1914,#1914,#464,.T.);
#2355=EDGE_CURVE('',#1915,#1915,#465,.T.);
#2356=EDGE_CURVE('',#1911,#1916,#1214,.T.);
#2357=EDGE_CURVE('',#1917,#1916,#1215,.T.);
#2358=EDGE_CURVE('',#1917,#1885,#1216,.T.);
#2359=EDGE_CURVE('',#1886,#1910,#1217,.T.);
#2360=EDGE_CURVE('',#1909,#1887,#1218,.T.);
#2361=EDGE_CURVE('',#1908,#1918,#1219,.T.);
#2362=EDGE_CURVE('',#1918,#1919,#1220,.T.);
#2363=EDGE_CURVE('',#1919,#1901,#1221,.T.);
#2364=EDGE_CURVE('',#1888,#1900,#1222,.T.);
#2365=EDGE_CURVE('',#1899,#1889,#1223,.T.);
#2366=EDGE_CURVE('',#1919,#1920,#1224,.T.);
#2367=EDGE_CURVE('',#1902,#1920,#1225,.T.);
#2368=EDGE_CURVE('',#1921,#1907,#1226,.T.);
#2369=EDGE_CURVE('',#1921,#1918,#1227,.T.);
#2370=EDGE_CURVE('',#1920,#1921,#1228,.T.);
#2371=EDGE_CURVE('',#1881,#1906,#1229,.T.);
#2372=EDGE_CURVE('',#1880,#1903,#1230,.T.);
#2373=EDGE_CURVE('',#1892,#1922,#1231,.T.);
#2374=EDGE_CURVE('',#1922,#1922,#466,.T.);
#2375=EDGE_CURVE('',#1890,#1923,#1232,.T.);
#2376=EDGE_CURVE('',#1923,#1923,#467,.T.);
#2377=EDGE_CURVE('',#1893,#1924,#1233,.T.);
#2378=EDGE_CURVE('',#1924,#1924,#468,.T.);
#2379=EDGE_CURVE('',#1891,#1925,#1234,.T.);
#2380=EDGE_CURVE('',#1925,#1925,#469,.T.);
#2381=EDGE_CURVE('',#1879,#1905,#1235,.T.);
#2382=EDGE_CURVE('',#1878,#1904,#1236,.T.);
#2383=EDGE_CURVE('',#1926,#1926,#470,.T.);
#2384=EDGE_CURVE('',#1926,#1914,#1237,.T.);
#2385=EDGE_CURVE('',#1927,#1927,#471,.T.);
#2386=EDGE_CURVE('',#1927,#1913,#1238,.T.);
#2387=EDGE_CURVE('',#1928,#1928,#472,.T.);
#2388=EDGE_CURVE('',#1928,#1915,#1239,.T.);
#2389=EDGE_CURVE('',#1929,#1929,#473,.T.);
#2390=EDGE_CURVE('',#1929,#1912,#1240,.T.);
#2391=EDGE_CURVE('',#1930,#1931,#474,.T.);
#2392=EDGE_CURVE('',#1932,#1930,#1241,.T.);
#2393=EDGE_CURVE('',#1933,#1932,#475,.T.);
#2394=EDGE_CURVE('',#1934,#1933,#1242,.T.);
#2395=EDGE_CURVE('',#1935,#1934,#476,.T.);
#2396=EDGE_CURVE('',#1936,#1935,#1243,.T.);
#2397=EDGE_CURVE('',#1937,#1936,#1244,.T.);
#2398=EDGE_CURVE('',#1938,#1937,#1245,.T.);
#2399=EDGE_CURVE('',#1939,#1938,#1246,.T.);
#2400=EDGE_CURVE('',#1940,#1939,#1247,.T.);
#2401=EDGE_CURVE('',#1941,#1940,#477,.T.);
#2402=EDGE_CURVE('',#1931,#1941,#1248,.T.);
#2403=EDGE_CURVE('',#1942,#1943,#1249,.T.);
#2404=EDGE_CURVE('',#1944,#1942,#478,.T.);
#2405=EDGE_CURVE('',#1945,#1944,#1250,.T.);
#2406=EDGE_CURVE('',#1946,#1945,#479,.T.);
#2407=EDGE_CURVE('',#1947,#1946,#1251,.T.);
#2408=EDGE_CURVE('',#1948,#1947,#480,.T.);
#2409=EDGE_CURVE('',#1949,#1948,#1252,.T.);
#2410=EDGE_CURVE('',#1943,#1949,#481,.T.);
#2411=EDGE_CURVE('',#1950,#1951,#1253,.T.);
#2412=EDGE_CURVE('',#1952,#1950,#482,.T.);
#2413=EDGE_CURVE('',#1953,#1952,#1254,.T.);
#2414=EDGE_CURVE('',#1954,#1953,#483,.T.);
#2415=EDGE_CURVE('',#1955,#1954,#1255,.T.);
#2416=EDGE_CURVE('',#1956,#1955,#484,.T.);
#2417=EDGE_CURVE('',#1957,#1956,#1256,.T.);
#2418=EDGE_CURVE('',#1951,#1957,#485,.T.);
#2419=EDGE_CURVE('',#1958,#1959,#1257,.T.);
#2420=EDGE_CURVE('',#1960,#1958,#486,.T.);
#2421=EDGE_CURVE('',#1961,#1960,#1258,.T.);
#2422=EDGE_CURVE('',#1962,#1961,#487,.T.);
#2423=EDGE_CURVE('',#1963,#1962,#1259,.T.);
#2424=EDGE_CURVE('',#1964,#1963,#488,.T.);
#2425=EDGE_CURVE('',#1965,#1964,#1260,.T.);
#2426=EDGE_CURVE('',#1959,#1965,#489,.T.);
#2427=EDGE_CURVE('',#1966,#1967,#1261,.T.);
#2428=EDGE_CURVE('',#1968,#1966,#490,.T.);
#2429=EDGE_CURVE('',#1969,#1968,#1262,.T.);
#2430=EDGE_CURVE('',#1970,#1969,#491,.T.);
#2431=EDGE_CURVE('',#1971,#1970,#1263,.T.);
#2432=EDGE_CURVE('',#1972,#1971,#492,.T.);
#2433=EDGE_CURVE('',#1973,#1972,#1264,.T.);
#2434=EDGE_CURVE('',#1967,#1973,#493,.T.);
#2435=EDGE_CURVE('',#1974,#1975,#1265,.T.);
#2436=EDGE_CURVE('',#1976,#1974,#494,.T.);
#2437=EDGE_CURVE('',#1977,#1976,#1266,.T.);
#2438=EDGE_CURVE('',#1978,#1977,#495,.T.);
#2439=EDGE_CURVE('',#1979,#1978,#1267,.T.);
#2440=EDGE_CURVE('',#1980,#1979,#496,.T.);
#2441=EDGE_CURVE('',#1981,#1980,#1268,.T.);
#2442=EDGE_CURVE('',#1975,#1981,#497,.T.);
#2443=EDGE_CURVE('',#1982,#1983,#1269,.T.);
#2444=EDGE_CURVE('',#1984,#1982,#498,.T.);
#2445=EDGE_CURVE('',#1985,#1984,#1270,.T.);
#2446=EDGE_CURVE('',#1986,#1985,#499,.T.);
#2447=EDGE_CURVE('',#1987,#1986,#1271,.T.);
#2448=EDGE_CURVE('',#1988,#1987,#500,.T.);
#2449=EDGE_CURVE('',#1989,#1988,#1272,.T.);
#2450=EDGE_CURVE('',#1983,#1989,#501,.T.);
#2451=EDGE_CURVE('',#1990,#1991,#1273,.T.);
#2452=EDGE_CURVE('',#1992,#1990,#502,.T.);
#2453=EDGE_CURVE('',#1993,#1992,#1274,.T.);
#2454=EDGE_CURVE('',#1994,#1993,#503,.T.);
#2455=EDGE_CURVE('',#1995,#1994,#1275,.T.);
#2456=EDGE_CURVE('',#1996,#1995,#504,.T.);
#2457=EDGE_CURVE('',#1997,#1996,#1276,.T.);
#2458=EDGE_CURVE('',#1991,#1997,#505,.T.);
#2459=EDGE_CURVE('',#1998,#1999,#1277,.T.);
#2460=EDGE_CURVE('',#2000,#1998,#506,.T.);
#2461=EDGE_CURVE('',#2001,#2000,#1278,.T.);
#2462=EDGE_CURVE('',#2002,#2001,#507,.T.);
#2463=EDGE_CURVE('',#2003,#2002,#1279,.T.);
#2464=EDGE_CURVE('',#2004,#2003,#508,.T.);
#2465=EDGE_CURVE('',#2005,#2004,#1280,.T.);
#2466=EDGE_CURVE('',#1999,#2005,#509,.T.);
#2467=EDGE_CURVE('',#2006,#2007,#1281,.T.);
#2468=EDGE_CURVE('',#2008,#2006,#510,.T.);
#2469=EDGE_CURVE('',#2009,#2008,#1282,.T.);
#2470=EDGE_CURVE('',#2010,#2009,#511,.T.);
#2471=EDGE_CURVE('',#2011,#2010,#1283,.T.);
#2472=EDGE_CURVE('',#2012,#2011,#512,.T.);
#2473=EDGE_CURVE('',#2013,#2012,#1284,.T.);
#2474=EDGE_CURVE('',#2007,#2013,#513,.T.);
#2475=EDGE_CURVE('',#2014,#2014,#514,.T.);
#2476=EDGE_CURVE('',#2015,#2015,#515,.T.);
#2477=EDGE_CURVE('',#2016,#2016,#516,.T.);
#2478=EDGE_CURVE('',#2017,#2017,#517,.T.);
#2479=EDGE_CURVE('',#2018,#2019,#1285,.T.);
#2480=EDGE_CURVE('',#2020,#2018,#1286,.T.);
#2481=EDGE_CURVE('',#2021,#2020,#1287,.T.);
#2482=EDGE_CURVE('',#2019,#2021,#1288,.T.);
#2483=EDGE_CURVE('',#1946,#2022,#1289,.T.);
#2484=EDGE_CURVE('',#2023,#2022,#1290,.T.);
#2485=EDGE_CURVE('',#1947,#2023,#1291,.T.);
#2486=EDGE_CURVE('',#1945,#2024,#1292,.T.);
#2487=EDGE_CURVE('',#2022,#2024,#518,.T.);
#2488=EDGE_CURVE('',#1944,#2025,#1293,.T.);
#2489=EDGE_CURVE('',#2024,#2025,#1294,.T.);
#2490=EDGE_CURVE('',#2026,#1942,#1295,.T.);
#2491=EDGE_CURVE('',#2025,#2026,#519,.T.);
#2492=EDGE_CURVE('',#1954,#2027,#1296,.T.);
#2493=EDGE_CURVE('',#2028,#2027,#1297,.T.);
#2494=EDGE_CURVE('',#1955,#2028,#1298,.T.);
#2495=EDGE_CURVE('',#1953,#2029,#1299,.T.);
#2496=EDGE_CURVE('',#2027,#2029,#520,.T.);
#2497=EDGE_CURVE('',#1952,#2030,#1300,.T.);
#2498=EDGE_CURVE('',#2029,#2030,#1301,.T.);
#2499=EDGE_CURVE('',#2031,#1950,#1302,.T.);
#2500=EDGE_CURVE('',#2030,#2031,#521,.T.);
#2501=EDGE_CURVE('',#1962,#2032,#1303,.T.);
#2502=EDGE_CURVE('',#2033,#2032,#1304,.T.);
#2503=EDGE_CURVE('',#1963,#2033,#1305,.T.);
#2504=EDGE_CURVE('',#1961,#2034,#1306,.T.);
#2505=EDGE_CURVE('',#2032,#2034,#522,.T.);
#2506=EDGE_CURVE('',#1960,#2035,#1307,.T.);
#2507=EDGE_CURVE('',#2034,#2035,#1308,.T.);
#2508=EDGE_CURVE('',#2036,#1958,#1309,.T.);
#2509=EDGE_CURVE('',#2035,#2036,#523,.T.);
#2510=EDGE_CURVE('',#1970,#2037,#1310,.T.);
#2511=EDGE_CURVE('',#2038,#2037,#1311,.T.);
#2512=EDGE_CURVE('',#1971,#2038,#1312,.T.);
#2513=EDGE_CURVE('',#1969,#2039,#1313,.T.);
#2514=EDGE_CURVE('',#2037,#2039,#524,.T.);
#2515=EDGE_CURVE('',#1968,#2040,#1314,.T.);
#2516=EDGE_CURVE('',#2039,#2040,#1315,.T.);
#2517=EDGE_CURVE('',#2041,#1966,#1316,.T.);
#2518=EDGE_CURVE('',#2040,#2041,#525,.T.);
#2519=EDGE_CURVE('',#1978,#2042,#1317,.T.);
#2520=EDGE_CURVE('',#2043,#2042,#1318,.T.);
#2521=EDGE_CURVE('',#1979,#2043,#1319,.T.);
#2522=EDGE_CURVE('',#1977,#2044,#1320,.T.);
#2523=EDGE_CURVE('',#2042,#2044,#526,.T.);
#2524=EDGE_CURVE('',#1976,#2045,#1321,.T.);
#2525=EDGE_CURVE('',#2044,#2045,#1322,.T.);
#2526=EDGE_CURVE('',#2046,#1974,#1323,.T.);
#2527=EDGE_CURVE('',#2045,#2046,#527,.T.);
#2528=EDGE_CURVE('',#1986,#2047,#1324,.T.);
#2529=EDGE_CURVE('',#2048,#2047,#1325,.T.);
#2530=EDGE_CURVE('',#1987,#2048,#1326,.T.);
#2531=EDGE_CURVE('',#1985,#2049,#1327,.T.);
#2532=EDGE_CURVE('',#2047,#2049,#528,.T.);
#2533=EDGE_CURVE('',#1984,#2050,#1328,.T.);
#2534=EDGE_CURVE('',#2049,#2050,#1329,.T.);
#2535=EDGE_CURVE('',#2051,#1982,#1330,.T.);
#2536=EDGE_CURVE('',#2050,#2051,#529,.T.);
#2537=EDGE_CURVE('',#1994,#2052,#1331,.T.);
#2538=EDGE_CURVE('',#2053,#2052,#1332,.T.);
#2539=EDGE_CURVE('',#1995,#2053,#1333,.T.);
#2540=EDGE_CURVE('',#1993,#2054,#1334,.T.);
#2541=EDGE_CURVE('',#2052,#2054,#530,.T.);
#2542=EDGE_CURVE('',#1992,#2055,#1335,.T.);
#2543=EDGE_CURVE('',#2054,#2055,#1336,.T.);
#2544=EDGE_CURVE('',#2056,#1990,#1337,.T.);
#2545=EDGE_CURVE('',#2055,#2056,#531,.T.);
#2546=EDGE_CURVE('',#2002,#2057,#1338,.T.);
#2547=EDGE_CURVE('',#2058,#2057,#1339,.T.);
#2548=EDGE_CURVE('',#2003,#2058,#1340,.T.);
#2549=EDGE_CURVE('',#2001,#2059,#1341,.T.);
#2550=EDGE_CURVE('',#2057,#2059,#532,.T.);
#2551=EDGE_CURVE('',#2000,#2060,#1342,.T.);
#2552=EDGE_CURVE('',#2059,#2060,#1343,.T.);
#2553=EDGE_CURVE('',#2061,#1998,#1344,.T.);
#2554=EDGE_CURVE('',#2060,#2061,#533,.T.);
#2555=EDGE_CURVE('',#2010,#2062,#1345,.T.);
#2556=EDGE_CURVE('',#2063,#2062,#1346,.T.);
#2557=EDGE_CURVE('',#2011,#2063,#1347,.T.);
#2558=EDGE_CURVE('',#2009,#2064,#1348,.T.);
#2559=EDGE_CURVE('',#2062,#2064,#534,.T.);
#2560=EDGE_CURVE('',#2008,#2065,#1349,.T.);
#2561=EDGE_CURVE('',#2064,#2065,#1350,.T.);
#2562=EDGE_CURVE('',#2066,#2006,#1351,.T.);
#2563=EDGE_CURVE('',#2065,#2066,#535,.T.);
#2564=EDGE_CURVE('',#2020,#2067,#1352,.T.);
#2565=EDGE_CURVE('',#2068,#2067,#1353,.T.);
#2566=EDGE_CURVE('',#2021,#2068,#1354,.T.);
#2567=EDGE_CURVE('',#2069,#2018,#1355,.T.);
#2568=EDGE_CURVE('',#2067,#2069,#1356,.T.);
#2569=EDGE_CURVE('',#1936,#2070,#1357,.T.);
#2570=EDGE_CURVE('',#2071,#2070,#1358,.T.);
#2571=EDGE_CURVE('',#1937,#2071,#1359,.T.);
#2572=EDGE_CURVE('',#1935,#2072,#1360,.T.);
#2573=EDGE_CURVE('',#2070,#2072,#1361,.T.);
#2574=EDGE_CURVE('',#1934,#2073,#1362,.T.);
#2575=EDGE_CURVE('',#2072,#2073,#536,.T.);
#2576=EDGE_CURVE('',#1933,#2074,#1363,.T.);
#2577=EDGE_CURVE('',#2073,#2074,#1364,.T.);
#2578=EDGE_CURVE('',#1932,#2075,#1365,.T.);
#2579=EDGE_CURVE('',#2074,#2075,#537,.T.);
#2580=EDGE_CURVE('',#2076,#1930,#1366,.T.);
#2581=EDGE_CURVE('',#2075,#2076,#1367,.T.);
#2582=EDGE_CURVE('',#2076,#2077,#538,.T.);
#2583=EDGE_CURVE('',#2077,#2078,#1368,.T.);
#2584=EDGE_CURVE('',#2078,#2079,#539,.T.);
#2585=EDGE_CURVE('',#2079,#2080,#1369,.T.);
#2586=EDGE_CURVE('',#2080,#2081,#1370,.T.);
#2587=EDGE_CURVE('',#2081,#2071,#1371,.T.);
#2588=EDGE_CURVE('',#2026,#2082,#1372,.T.);
#2589=EDGE_CURVE('',#2082,#2083,#540,.T.);
#2590=EDGE_CURVE('',#2083,#2084,#1373,.T.);
#2591=EDGE_CURVE('',#2084,#2023,#541,.T.);
#2592=EDGE_CURVE('',#2031,#2085,#1374,.T.);
#2593=EDGE_CURVE('',#2085,#2086,#542,.T.);
#2594=EDGE_CURVE('',#2086,#2087,#1375,.T.);
#2595=EDGE_CURVE('',#2087,#2028,#543,.T.);
#2596=EDGE_CURVE('',#2036,#2088,#1376,.T.);
#2597=EDGE_CURVE('',#2088,#2089,#544,.T.);
#2598=EDGE_CURVE('',#2089,#2090,#1377,.T.);
#2599=EDGE_CURVE('',#2090,#2033,#545,.T.);
#2600=EDGE_CURVE('',#2041,#2091,#1378,.T.);
#2601=EDGE_CURVE('',#2091,#2092,#546,.T.);
#2602=EDGE_CURVE('',#2092,#2093,#1379,.T.);
#2603=EDGE_CURVE('',#2093,#2038,#547,.T.);
#2604=EDGE_CURVE('',#2046,#2094,#1380,.T.);
#2605=EDGE_CURVE('',#2094,#2095,#548,.T.);
#2606=EDGE_CURVE('',#2095,#2096,#1381,.T.);
#2607=EDGE_CURVE('',#2096,#2043,#549,.T.);
#2608=EDGE_CURVE('',#2051,#2097,#1382,.T.);
#2609=EDGE_CURVE('',#2097,#2098,#550,.T.);
#2610=EDGE_CURVE('',#2098,#2099,#1383,.T.);
#2611=EDGE_CURVE('',#2099,#2048,#551,.T.);
#2612=EDGE_CURVE('',#2056,#2100,#1384,.T.);
#2613=EDGE_CURVE('',#2100,#2101,#552,.T.);
#2614=EDGE_CURVE('',#2101,#2102,#1385,.T.);
#2615=EDGE_CURVE('',#2102,#2053,#553,.T.);
#2616=EDGE_CURVE('',#2061,#2103,#1386,.T.);
#2617=EDGE_CURVE('',#2103,#2104,#554,.T.);
#2618=EDGE_CURVE('',#2104,#2105,#1387,.T.);
#2619=EDGE_CURVE('',#2105,#2058,#555,.T.);
#2620=EDGE_CURVE('',#2066,#2106,#1388,.T.);
#2621=EDGE_CURVE('',#2106,#2107,#556,.T.);
#2622=EDGE_CURVE('',#2107,#2108,#1389,.T.);
#2623=EDGE_CURVE('',#2108,#2063,#557,.T.);
#2624=EDGE_CURVE('',#2109,#2109,#558,.T.);
#2625=EDGE_CURVE('',#2110,#2110,#559,.T.);
#2626=EDGE_CURVE('',#2111,#2111,#560,.T.);
#2627=EDGE_CURVE('',#2112,#2112,#561,.T.);
#2628=EDGE_CURVE('',#2069,#2113,#1390,.T.);
#2629=EDGE_CURVE('',#2113,#2068,#1391,.T.);
#2630=EDGE_CURVE('',#1931,#2077,#1392,.T.);
#2631=EDGE_CURVE('',#1941,#2078,#1393,.T.);
#2632=EDGE_CURVE('',#1940,#2079,#1394,.T.);
#2633=EDGE_CURVE('',#1948,#2084,#1395,.T.);
#2634=EDGE_CURVE('',#1949,#2083,#1396,.T.);
#2635=EDGE_CURVE('',#1943,#2082,#1397,.T.);
#2636=EDGE_CURVE('',#1956,#2087,#1398,.T.);
#2637=EDGE_CURVE('',#1957,#2086,#1399,.T.);
#2638=EDGE_CURVE('',#1951,#2085,#1400,.T.);
#2639=EDGE_CURVE('',#1964,#2090,#1401,.T.);
#2640=EDGE_CURVE('',#1965,#2089,#1402,.T.);
#2641=EDGE_CURVE('',#1959,#2088,#1403,.T.);
#2642=EDGE_CURVE('',#1972,#2093,#1404,.T.);
#2643=EDGE_CURVE('',#1973,#2092,#1405,.T.);
#2644=EDGE_CURVE('',#1967,#2091,#1406,.T.);
#2645=EDGE_CURVE('',#1980,#2096,#1407,.T.);
#2646=EDGE_CURVE('',#1981,#2095,#1408,.T.);
#2647=EDGE_CURVE('',#1975,#2094,#1409,.T.);
#2648=EDGE_CURVE('',#1988,#2099,#1410,.T.);
#2649=EDGE_CURVE('',#1989,#2098,#1411,.T.);
#2650=EDGE_CURVE('',#1983,#2097,#1412,.T.);
#2651=EDGE_CURVE('',#1996,#2102,#1413,.T.);
#2652=EDGE_CURVE('',#1997,#2101,#1414,.T.);
#2653=EDGE_CURVE('',#1991,#2100,#1415,.T.);
#2654=EDGE_CURVE('',#2004,#2105,#1416,.T.);
#2655=EDGE_CURVE('',#2005,#2104,#1417,.T.);
#2656=EDGE_CURVE('',#1999,#2103,#1418,.T.);
#2657=EDGE_CURVE('',#2012,#2108,#1419,.T.);
#2658=EDGE_CURVE('',#2013,#2107,#1420,.T.);
#2659=EDGE_CURVE('',#2007,#2106,#1421,.T.);
#2660=EDGE_CURVE('',#2019,#2113,#1422,.T.);
#2661=EDGE_CURVE('',#2112,#2017,#1423,.T.);
#2662=EDGE_CURVE('',#2111,#2016,#1424,.T.);
#2663=EDGE_CURVE('',#2110,#2015,#1425,.T.);
#2664=EDGE_CURVE('',#2109,#2014,#1426,.T.);
#2665=EDGE_CURVE('',#1938,#2081,#1427,.T.);
#2666=EDGE_CURVE('',#1939,#2080,#1428,.T.);
#2667=ORIENTED_EDGE('',*,*,#2114,.T.);
#2668=ORIENTED_EDGE('',*,*,#2115,.T.);
#2669=ORIENTED_EDGE('',*,*,#2116,.F.);
#2670=ORIENTED_EDGE('',*,*,#2117,.F.);
#2671=ORIENTED_EDGE('',*,*,#2118,.T.);
#2672=ORIENTED_EDGE('',*,*,#2119,.T.);
#2673=ORIENTED_EDGE('',*,*,#2114,.F.);
#2674=ORIENTED_EDGE('',*,*,#2120,.F.);
#2675=ORIENTED_EDGE('',*,*,#2116,.T.);
#2676=ORIENTED_EDGE('',*,*,#2121,.T.);
#2677=ORIENTED_EDGE('',*,*,#2122,.F.);
#2678=ORIENTED_EDGE('',*,*,#2123,.F.);
#2679=ORIENTED_EDGE('',*,*,#2117,.T.);
#2680=ORIENTED_EDGE('',*,*,#2123,.T.);
#2681=ORIENTED_EDGE('',*,*,#2124,.T.);
#2682=ORIENTED_EDGE('',*,*,#2120,.T.);
#2683=ORIENTED_EDGE('',*,*,#2125,.F.);
#2684=ORIENTED_EDGE('',*,*,#2126,.F.);
#2685=ORIENTED_EDGE('',*,*,#2127,.F.);
#2686=ORIENTED_EDGE('',*,*,#2128,.F.);
#2687=ORIENTED_EDGE('',*,*,#2129,.F.);
#2688=ORIENTED_EDGE('',*,*,#2130,.F.);
#2689=ORIENTED_EDGE('',*,*,#2131,.F.);
#2690=ORIENTED_EDGE('',*,*,#2132,.F.);
#2691=ORIENTED_EDGE('',*,*,#2133,.F.);
#2692=ORIENTED_EDGE('',*,*,#2134,.F.);
#2693=ORIENTED_EDGE('',*,*,#2135,.F.);
#2694=ORIENTED_EDGE('',*,*,#2136,.F.);
#2695=ORIENTED_EDGE('',*,*,#2137,.F.);
#2696=ORIENTED_EDGE('',*,*,#2138,.F.);
#2697=ORIENTED_EDGE('',*,*,#2139,.F.);
#2698=ORIENTED_EDGE('',*,*,#2140,.F.);
#2699=ORIENTED_EDGE('',*,*,#2141,.F.);
#2700=ORIENTED_EDGE('',*,*,#2142,.F.);
#2701=ORIENTED_EDGE('',*,*,#2143,.F.);
#2702=ORIENTED_EDGE('',*,*,#2144,.F.);
#2703=ORIENTED_EDGE('',*,*,#2145,.F.);
#2704=ORIENTED_EDGE('',*,*,#2146,.F.);
#2705=ORIENTED_EDGE('',*,*,#2147,.F.);
#2706=ORIENTED_EDGE('',*,*,#2148,.F.);
#2707=ORIENTED_EDGE('',*,*,#2149,.F.);
#2708=ORIENTED_EDGE('',*,*,#2150,.F.);
#2709=ORIENTED_EDGE('',*,*,#2151,.F.);
#2710=ORIENTED_EDGE('',*,*,#2152,.F.);
#2711=ORIENTED_EDGE('',*,*,#2153,.F.);
#2712=ORIENTED_EDGE('',*,*,#2154,.F.);
#2713=ORIENTED_EDGE('',*,*,#2155,.F.);
#2714=ORIENTED_EDGE('',*,*,#2156,.F.);
#2715=ORIENTED_EDGE('',*,*,#2157,.F.);
#2716=ORIENTED_EDGE('',*,*,#2158,.F.);
#2717=ORIENTED_EDGE('',*,*,#2159,.F.);
#2718=ORIENTED_EDGE('',*,*,#2160,.F.);
#2719=ORIENTED_EDGE('',*,*,#2161,.F.);
#2720=ORIENTED_EDGE('',*,*,#2162,.F.);
#2721=ORIENTED_EDGE('',*,*,#2163,.F.);
#2722=ORIENTED_EDGE('',*,*,#2164,.F.);
#2723=ORIENTED_EDGE('',*,*,#2165,.F.);
#2724=ORIENTED_EDGE('',*,*,#2166,.F.);
#2725=ORIENTED_EDGE('',*,*,#2167,.F.);
#2726=ORIENTED_EDGE('',*,*,#2168,.F.);
#2727=ORIENTED_EDGE('',*,*,#2169,.F.);
#2728=ORIENTED_EDGE('',*,*,#2170,.F.);
#2729=ORIENTED_EDGE('',*,*,#2171,.F.);
#2730=ORIENTED_EDGE('',*,*,#2172,.F.);
#2731=ORIENTED_EDGE('',*,*,#2173,.F.);
#2732=ORIENTED_EDGE('',*,*,#2174,.F.);
#2733=ORIENTED_EDGE('',*,*,#2175,.F.);
#2734=ORIENTED_EDGE('',*,*,#2176,.F.);
#2735=ORIENTED_EDGE('',*,*,#2177,.F.);
#2736=ORIENTED_EDGE('',*,*,#2178,.F.);
#2737=ORIENTED_EDGE('',*,*,#2179,.F.);
#2738=ORIENTED_EDGE('',*,*,#2180,.F.);
#2739=ORIENTED_EDGE('',*,*,#2181,.F.);
#2740=ORIENTED_EDGE('',*,*,#2182,.F.);
#2741=ORIENTED_EDGE('',*,*,#2183,.F.);
#2742=ORIENTED_EDGE('',*,*,#2184,.F.);
#2743=ORIENTED_EDGE('',*,*,#2185,.F.);
#2744=ORIENTED_EDGE('',*,*,#2186,.F.);
#2745=ORIENTED_EDGE('',*,*,#2187,.F.);
#2746=ORIENTED_EDGE('',*,*,#2115,.F.);
#2747=ORIENTED_EDGE('',*,*,#2119,.F.);
#2748=ORIENTED_EDGE('',*,*,#2188,.F.);
#2749=ORIENTED_EDGE('',*,*,#2121,.F.);
#2750=ORIENTED_EDGE('',*,*,#2189,.T.);
#2751=ORIENTED_EDGE('',*,*,#2190,.T.);
#2752=ORIENTED_EDGE('',*,*,#2191,.T.);
#2753=ORIENTED_EDGE('',*,*,#2192,.T.);
#2754=ORIENTED_EDGE('',*,*,#2193,.T.);
#2755=ORIENTED_EDGE('',*,*,#2194,.T.);
#2756=ORIENTED_EDGE('',*,*,#2195,.T.);
#2757=ORIENTED_EDGE('',*,*,#2196,.T.);
#2758=ORIENTED_EDGE('',*,*,#2197,.T.);
#2759=ORIENTED_EDGE('',*,*,#2198,.T.);
#2760=ORIENTED_EDGE('',*,*,#2199,.T.);
#2761=ORIENTED_EDGE('',*,*,#2200,.T.);
#2762=ORIENTED_EDGE('',*,*,#2201,.T.);
#2763=ORIENTED_EDGE('',*,*,#2202,.T.);
#2764=ORIENTED_EDGE('',*,*,#2203,.T.);
#2765=ORIENTED_EDGE('',*,*,#2204,.T.);
#2766=ORIENTED_EDGE('',*,*,#2205,.T.);
#2767=ORIENTED_EDGE('',*,*,#2206,.T.);
#2768=ORIENTED_EDGE('',*,*,#2207,.T.);
#2769=ORIENTED_EDGE('',*,*,#2208,.T.);
#2770=ORIENTED_EDGE('',*,*,#2209,.T.);
#2771=ORIENTED_EDGE('',*,*,#2210,.T.);
#2772=ORIENTED_EDGE('',*,*,#2211,.T.);
#2773=ORIENTED_EDGE('',*,*,#2212,.T.);
#2774=ORIENTED_EDGE('',*,*,#2213,.T.);
#2775=ORIENTED_EDGE('',*,*,#2214,.T.);
#2776=ORIENTED_EDGE('',*,*,#2215,.T.);
#2777=ORIENTED_EDGE('',*,*,#2216,.T.);
#2778=ORIENTED_EDGE('',*,*,#2217,.T.);
#2779=ORIENTED_EDGE('',*,*,#2218,.T.);
#2780=ORIENTED_EDGE('',*,*,#2219,.T.);
#2781=ORIENTED_EDGE('',*,*,#2220,.T.);
#2782=ORIENTED_EDGE('',*,*,#2221,.T.);
#2783=ORIENTED_EDGE('',*,*,#2222,.T.);
#2784=ORIENTED_EDGE('',*,*,#2223,.T.);
#2785=ORIENTED_EDGE('',*,*,#2224,.T.);
#2786=ORIENTED_EDGE('',*,*,#2225,.T.);
#2787=ORIENTED_EDGE('',*,*,#2226,.T.);
#2788=ORIENTED_EDGE('',*,*,#2227,.T.);
#2789=ORIENTED_EDGE('',*,*,#2228,.T.);
#2790=ORIENTED_EDGE('',*,*,#2229,.T.);
#2791=ORIENTED_EDGE('',*,*,#2230,.T.);
#2792=ORIENTED_EDGE('',*,*,#2231,.T.);
#2793=ORIENTED_EDGE('',*,*,#2232,.T.);
#2794=ORIENTED_EDGE('',*,*,#2233,.T.);
#2795=ORIENTED_EDGE('',*,*,#2234,.T.);
#2796=ORIENTED_EDGE('',*,*,#2235,.T.);
#2797=ORIENTED_EDGE('',*,*,#2236,.T.);
#2798=ORIENTED_EDGE('',*,*,#2237,.T.);
#2799=ORIENTED_EDGE('',*,*,#2238,.T.);
#2800=ORIENTED_EDGE('',*,*,#2239,.T.);
#2801=ORIENTED_EDGE('',*,*,#2240,.T.);
#2802=ORIENTED_EDGE('',*,*,#2241,.T.);
#2803=ORIENTED_EDGE('',*,*,#2242,.T.);
#2804=ORIENTED_EDGE('',*,*,#2243,.T.);
#2805=ORIENTED_EDGE('',*,*,#2244,.T.);
#2806=ORIENTED_EDGE('',*,*,#2245,.T.);
#2807=ORIENTED_EDGE('',*,*,#2246,.T.);
#2808=ORIENTED_EDGE('',*,*,#2247,.T.);
#2809=ORIENTED_EDGE('',*,*,#2248,.T.);
#2810=ORIENTED_EDGE('',*,*,#2249,.T.);
#2811=ORIENTED_EDGE('',*,*,#2250,.T.);
#2812=ORIENTED_EDGE('',*,*,#2251,.T.);
#2813=ORIENTED_EDGE('',*,*,#2122,.T.);
#2814=ORIENTED_EDGE('',*,*,#2188,.T.);
#2815=ORIENTED_EDGE('',*,*,#2118,.F.);
#2816=ORIENTED_EDGE('',*,*,#2124,.F.);
#2817=ORIENTED_EDGE('',*,*,#2189,.F.);
#2818=ORIENTED_EDGE('',*,*,#2252,.T.);
#2819=ORIENTED_EDGE('',*,*,#2125,.T.);
#2820=ORIENTED_EDGE('',*,*,#2252,.F.);
#2821=ORIENTED_EDGE('',*,*,#2190,.F.);
#2822=ORIENTED_EDGE('',*,*,#2253,.T.);
#2823=ORIENTED_EDGE('',*,*,#2126,.T.);
#2824=ORIENTED_EDGE('',*,*,#2253,.F.);
#2825=ORIENTED_EDGE('',*,*,#2191,.F.);
#2826=ORIENTED_EDGE('',*,*,#2254,.T.);
#2827=ORIENTED_EDGE('',*,*,#2127,.T.);
#2828=ORIENTED_EDGE('',*,*,#2254,.F.);
#2829=ORIENTED_EDGE('',*,*,#2192,.F.);
#2830=ORIENTED_EDGE('',*,*,#2255,.T.);
#2831=ORIENTED_EDGE('',*,*,#2128,.T.);
#2832=ORIENTED_EDGE('',*,*,#2255,.F.);
#2833=ORIENTED_EDGE('',*,*,#2193,.F.);
#2834=ORIENTED_EDGE('',*,*,#2256,.T.);
#2835=ORIENTED_EDGE('',*,*,#2129,.T.);
#2836=ORIENTED_EDGE('',*,*,#2256,.F.);
#2837=ORIENTED_EDGE('',*,*,#2194,.F.);
#2838=ORIENTED_EDGE('',*,*,#2257,.T.);
#2839=ORIENTED_EDGE('',*,*,#2130,.T.);
#2840=ORIENTED_EDGE('',*,*,#2257,.F.);
#2841=ORIENTED_EDGE('',*,*,#2195,.F.);
#2842=ORIENTED_EDGE('',*,*,#2258,.T.);
#2843=ORIENTED_EDGE('',*,*,#2131,.T.);
#2844=ORIENTED_EDGE('',*,*,#2258,.F.);
#2845=ORIENTED_EDGE('',*,*,#2196,.F.);
#2846=ORIENTED_EDGE('',*,*,#2259,.T.);
#2847=ORIENTED_EDGE('',*,*,#2132,.T.);
#2848=ORIENTED_EDGE('',*,*,#2259,.F.);
#2849=ORIENTED_EDGE('',*,*,#2197,.F.);
#2850=ORIENTED_EDGE('',*,*,#2260,.T.);
#2851=ORIENTED_EDGE('',*,*,#2133,.T.);
#2852=ORIENTED_EDGE('',*,*,#2260,.F.);
#2853=ORIENTED_EDGE('',*,*,#2198,.F.);
#2854=ORIENTED_EDGE('',*,*,#2261,.T.);
#2855=ORIENTED_EDGE('',*,*,#2134,.T.);
#2856=ORIENTED_EDGE('',*,*,#2261,.F.);
#2857=ORIENTED_EDGE('',*,*,#2199,.F.);
#2858=ORIENTED_EDGE('',*,*,#2262,.T.);
#2859=ORIENTED_EDGE('',*,*,#2135,.T.);
#2860=ORIENTED_EDGE('',*,*,#2262,.F.);
#2861=ORIENTED_EDGE('',*,*,#2200,.F.);
#2862=ORIENTED_EDGE('',*,*,#2263,.T.);
#2863=ORIENTED_EDGE('',*,*,#2136,.T.);
#2864=ORIENTED_EDGE('',*,*,#2263,.F.);
#2865=ORIENTED_EDGE('',*,*,#2201,.F.);
#2866=ORIENTED_EDGE('',*,*,#2264,.T.);
#2867=ORIENTED_EDGE('',*,*,#2137,.T.);
#2868=ORIENTED_EDGE('',*,*,#2264,.F.);
#2869=ORIENTED_EDGE('',*,*,#2202,.F.);
#2870=ORIENTED_EDGE('',*,*,#2265,.T.);
#2871=ORIENTED_EDGE('',*,*,#2138,.T.);
#2872=ORIENTED_EDGE('',*,*,#2265,.F.);
#2873=ORIENTED_EDGE('',*,*,#2203,.F.);
#2874=ORIENTED_EDGE('',*,*,#2266,.T.);
#2875=ORIENTED_EDGE('',*,*,#2139,.T.);
#2876=ORIENTED_EDGE('',*,*,#2266,.F.);
#2877=ORIENTED_EDGE('',*,*,#2204,.F.);
#2878=ORIENTED_EDGE('',*,*,#2267,.T.);
#2879=ORIENTED_EDGE('',*,*,#2140,.T.);
#2880=ORIENTED_EDGE('',*,*,#2267,.F.);
#2881=ORIENTED_EDGE('',*,*,#2205,.F.);
#2882=ORIENTED_EDGE('',*,*,#2268,.T.);
#2883=ORIENTED_EDGE('',*,*,#2141,.T.);
#2884=ORIENTED_EDGE('',*,*,#2268,.F.);
#2885=ORIENTED_EDGE('',*,*,#2206,.F.);
#2886=ORIENTED_EDGE('',*,*,#2269,.T.);
#2887=ORIENTED_EDGE('',*,*,#2142,.T.);
#2888=ORIENTED_EDGE('',*,*,#2269,.F.);
#2889=ORIENTED_EDGE('',*,*,#2207,.F.);
#2890=ORIENTED_EDGE('',*,*,#2270,.T.);
#2891=ORIENTED_EDGE('',*,*,#2143,.T.);
#2892=ORIENTED_EDGE('',*,*,#2270,.F.);
#2893=ORIENTED_EDGE('',*,*,#2208,.F.);
#2894=ORIENTED_EDGE('',*,*,#2271,.T.);
#2895=ORIENTED_EDGE('',*,*,#2144,.T.);
#2896=ORIENTED_EDGE('',*,*,#2271,.F.);
#2897=ORIENTED_EDGE('',*,*,#2209,.F.);
#2898=ORIENTED_EDGE('',*,*,#2272,.T.);
#2899=ORIENTED_EDGE('',*,*,#2145,.T.);
#2900=ORIENTED_EDGE('',*,*,#2272,.F.);
#2901=ORIENTED_EDGE('',*,*,#2210,.F.);
#2902=ORIENTED_EDGE('',*,*,#2273,.T.);
#2903=ORIENTED_EDGE('',*,*,#2146,.T.);
#2904=ORIENTED_EDGE('',*,*,#2273,.F.);
#2905=ORIENTED_EDGE('',*,*,#2211,.F.);
#2906=ORIENTED_EDGE('',*,*,#2274,.T.);
#2907=ORIENTED_EDGE('',*,*,#2147,.T.);
#2908=ORIENTED_EDGE('',*,*,#2274,.F.);
#2909=ORIENTED_EDGE('',*,*,#2212,.F.);
#2910=ORIENTED_EDGE('',*,*,#2275,.T.);
#2911=ORIENTED_EDGE('',*,*,#2148,.T.);
#2912=ORIENTED_EDGE('',*,*,#2275,.F.);
#2913=ORIENTED_EDGE('',*,*,#2213,.F.);
#2914=ORIENTED_EDGE('',*,*,#2276,.T.);
#2915=ORIENTED_EDGE('',*,*,#2149,.T.);
#2916=ORIENTED_EDGE('',*,*,#2276,.F.);
#2917=ORIENTED_EDGE('',*,*,#2214,.F.);
#2918=ORIENTED_EDGE('',*,*,#2277,.T.);
#2919=ORIENTED_EDGE('',*,*,#2150,.T.);
#2920=ORIENTED_EDGE('',*,*,#2277,.F.);
#2921=ORIENTED_EDGE('',*,*,#2215,.F.);
#2922=ORIENTED_EDGE('',*,*,#2278,.T.);
#2923=ORIENTED_EDGE('',*,*,#2151,.T.);
#2924=ORIENTED_EDGE('',*,*,#2278,.F.);
#2925=ORIENTED_EDGE('',*,*,#2216,.F.);
#2926=ORIENTED_EDGE('',*,*,#2279,.T.);
#2927=ORIENTED_EDGE('',*,*,#2152,.T.);
#2928=ORIENTED_EDGE('',*,*,#2279,.F.);
#2929=ORIENTED_EDGE('',*,*,#2217,.F.);
#2930=ORIENTED_EDGE('',*,*,#2280,.T.);
#2931=ORIENTED_EDGE('',*,*,#2153,.T.);
#2932=ORIENTED_EDGE('',*,*,#2280,.F.);
#2933=ORIENTED_EDGE('',*,*,#2218,.F.);
#2934=ORIENTED_EDGE('',*,*,#2281,.T.);
#2935=ORIENTED_EDGE('',*,*,#2154,.T.);
#2936=ORIENTED_EDGE('',*,*,#2281,.F.);
#2937=ORIENTED_EDGE('',*,*,#2219,.F.);
#2938=ORIENTED_EDGE('',*,*,#2282,.T.);
#2939=ORIENTED_EDGE('',*,*,#2155,.T.);
#2940=ORIENTED_EDGE('',*,*,#2282,.F.);
#2941=ORIENTED_EDGE('',*,*,#2220,.F.);
#2942=ORIENTED_EDGE('',*,*,#2283,.T.);
#2943=ORIENTED_EDGE('',*,*,#2156,.T.);
#2944=ORIENTED_EDGE('',*,*,#2283,.F.);
#2945=ORIENTED_EDGE('',*,*,#2221,.F.);
#2946=ORIENTED_EDGE('',*,*,#2284,.T.);
#2947=ORIENTED_EDGE('',*,*,#2157,.T.);
#2948=ORIENTED_EDGE('',*,*,#2284,.F.);
#2949=ORIENTED_EDGE('',*,*,#2222,.F.);
#2950=ORIENTED_EDGE('',*,*,#2285,.T.);
#2951=ORIENTED_EDGE('',*,*,#2158,.T.);
#2952=ORIENTED_EDGE('',*,*,#2285,.F.);
#2953=ORIENTED_EDGE('',*,*,#2223,.F.);
#2954=ORIENTED_EDGE('',*,*,#2286,.T.);
#2955=ORIENTED_EDGE('',*,*,#2159,.T.);
#2956=ORIENTED_EDGE('',*,*,#2286,.F.);
#2957=ORIENTED_EDGE('',*,*,#2224,.F.);
#2958=ORIENTED_EDGE('',*,*,#2287,.T.);
#2959=ORIENTED_EDGE('',*,*,#2160,.T.);
#2960=ORIENTED_EDGE('',*,*,#2287,.F.);
#2961=ORIENTED_EDGE('',*,*,#2225,.F.);
#2962=ORIENTED_EDGE('',*,*,#2288,.T.);
#2963=ORIENTED_EDGE('',*,*,#2161,.T.);
#2964=ORIENTED_EDGE('',*,*,#2288,.F.);
#2965=ORIENTED_EDGE('',*,*,#2226,.F.);
#2966=ORIENTED_EDGE('',*,*,#2289,.T.);
#2967=ORIENTED_EDGE('',*,*,#2162,.T.);
#2968=ORIENTED_EDGE('',*,*,#2289,.F.);
#2969=ORIENTED_EDGE('',*,*,#2227,.F.);
#2970=ORIENTED_EDGE('',*,*,#2290,.T.);
#2971=ORIENTED_EDGE('',*,*,#2163,.T.);
#2972=ORIENTED_EDGE('',*,*,#2290,.F.);
#2973=ORIENTED_EDGE('',*,*,#2228,.F.);
#2974=ORIENTED_EDGE('',*,*,#2291,.T.);
#2975=ORIENTED_EDGE('',*,*,#2164,.T.);
#2976=ORIENTED_EDGE('',*,*,#2291,.F.);
#2977=ORIENTED_EDGE('',*,*,#2229,.F.);
#2978=ORIENTED_EDGE('',*,*,#2292,.T.);
#2979=ORIENTED_EDGE('',*,*,#2165,.T.);
#2980=ORIENTED_EDGE('',*,*,#2292,.F.);
#2981=ORIENTED_EDGE('',*,*,#2230,.F.);
#2982=ORIENTED_EDGE('',*,*,#2293,.T.);
#2983=ORIENTED_EDGE('',*,*,#2166,.T.);
#2984=ORIENTED_EDGE('',*,*,#2293,.F.);
#2985=ORIENTED_EDGE('',*,*,#2231,.F.);
#2986=ORIENTED_EDGE('',*,*,#2294,.T.);
#2987=ORIENTED_EDGE('',*,*,#2167,.T.);
#2988=ORIENTED_EDGE('',*,*,#2294,.F.);
#2989=ORIENTED_EDGE('',*,*,#2232,.F.);
#2990=ORIENTED_EDGE('',*,*,#2295,.T.);
#2991=ORIENTED_EDGE('',*,*,#2168,.T.);
#2992=ORIENTED_EDGE('',*,*,#2295,.F.);
#2993=ORIENTED_EDGE('',*,*,#2233,.F.);
#2994=ORIENTED_EDGE('',*,*,#2296,.T.);
#2995=ORIENTED_EDGE('',*,*,#2169,.T.);
#2996=ORIENTED_EDGE('',*,*,#2296,.F.);
#2997=ORIENTED_EDGE('',*,*,#2234,.F.);
#2998=ORIENTED_EDGE('',*,*,#2297,.T.);
#2999=ORIENTED_EDGE('',*,*,#2170,.T.);
#3000=ORIENTED_EDGE('',*,*,#2297,.F.);
#3001=ORIENTED_EDGE('',*,*,#2235,.F.);
#3002=ORIENTED_EDGE('',*,*,#2298,.T.);
#3003=ORIENTED_EDGE('',*,*,#2171,.T.);
#3004=ORIENTED_EDGE('',*,*,#2298,.F.);
#3005=ORIENTED_EDGE('',*,*,#2236,.F.);
#3006=ORIENTED_EDGE('',*,*,#2299,.T.);
#3007=ORIENTED_EDGE('',*,*,#2172,.T.);
#3008=ORIENTED_EDGE('',*,*,#2299,.F.);
#3009=ORIENTED_EDGE('',*,*,#2237,.F.);
#3010=ORIENTED_EDGE('',*,*,#2300,.T.);
#3011=ORIENTED_EDGE('',*,*,#2173,.T.);
#3012=ORIENTED_EDGE('',*,*,#2300,.F.);
#3013=ORIENTED_EDGE('',*,*,#2238,.F.);
#3014=ORIENTED_EDGE('',*,*,#2301,.T.);
#3015=ORIENTED_EDGE('',*,*,#2174,.T.);
#3016=ORIENTED_EDGE('',*,*,#2301,.F.);
#3017=ORIENTED_EDGE('',*,*,#2239,.F.);
#3018=ORIENTED_EDGE('',*,*,#2302,.T.);
#3019=ORIENTED_EDGE('',*,*,#2175,.T.);
#3020=ORIENTED_EDGE('',*,*,#2302,.F.);
#3021=ORIENTED_EDGE('',*,*,#2240,.F.);
#3022=ORIENTED_EDGE('',*,*,#2303,.T.);
#3023=ORIENTED_EDGE('',*,*,#2176,.T.);
#3024=ORIENTED_EDGE('',*,*,#2303,.F.);
#3025=ORIENTED_EDGE('',*,*,#2241,.F.);
#3026=ORIENTED_EDGE('',*,*,#2304,.T.);
#3027=ORIENTED_EDGE('',*,*,#2177,.T.);
#3028=ORIENTED_EDGE('',*,*,#2304,.F.);
#3029=ORIENTED_EDGE('',*,*,#2242,.F.);
#3030=ORIENTED_EDGE('',*,*,#2305,.T.);
#3031=ORIENTED_EDGE('',*,*,#2178,.T.);
#3032=ORIENTED_EDGE('',*,*,#2305,.F.);
#3033=ORIENTED_EDGE('',*,*,#2243,.F.);
#3034=ORIENTED_EDGE('',*,*,#2306,.T.);
#3035=ORIENTED_EDGE('',*,*,#2179,.T.);
#3036=ORIENTED_EDGE('',*,*,#2306,.F.);
#3037=ORIENTED_EDGE('',*,*,#2244,.F.);
#3038=ORIENTED_EDGE('',*,*,#2307,.T.);
#3039=ORIENTED_EDGE('',*,*,#2180,.T.);
#3040=ORIENTED_EDGE('',*,*,#2307,.F.);
#3041=ORIENTED_EDGE('',*,*,#2245,.F.);
#3042=ORIENTED_EDGE('',*,*,#2308,.T.);
#3043=ORIENTED_EDGE('',*,*,#2181,.T.);
#3044=ORIENTED_EDGE('',*,*,#2308,.F.);
#3045=ORIENTED_EDGE('',*,*,#2246,.F.);
#3046=ORIENTED_EDGE('',*,*,#2309,.T.);
#3047=ORIENTED_EDGE('',*,*,#2182,.T.);
#3048=ORIENTED_EDGE('',*,*,#2309,.F.);
#3049=ORIENTED_EDGE('',*,*,#2247,.F.);
#3050=ORIENTED_EDGE('',*,*,#2310,.T.);
#3051=ORIENTED_EDGE('',*,*,#2183,.T.);
#3052=ORIENTED_EDGE('',*,*,#2310,.F.);
#3053=ORIENTED_EDGE('',*,*,#2248,.F.);
#3054=ORIENTED_EDGE('',*,*,#2311,.T.);
#3055=ORIENTED_EDGE('',*,*,#2184,.T.);
#3056=ORIENTED_EDGE('',*,*,#2311,.F.);
#3057=ORIENTED_EDGE('',*,*,#2249,.F.);
#3058=ORIENTED_EDGE('',*,*,#2312,.T.);
#3059=ORIENTED_EDGE('',*,*,#2185,.T.);
#3060=ORIENTED_EDGE('',*,*,#2312,.F.);
#3061=ORIENTED_EDGE('',*,*,#2250,.F.);
#3062=ORIENTED_EDGE('',*,*,#2313,.T.);
#3063=ORIENTED_EDGE('',*,*,#2186,.T.);
#3064=ORIENTED_EDGE('',*,*,#2313,.F.);
#3065=ORIENTED_EDGE('',*,*,#2251,.F.);
#3066=ORIENTED_EDGE('',*,*,#2314,.T.);
#3067=ORIENTED_EDGE('',*,*,#2187,.T.);
#3068=ORIENTED_EDGE('',*,*,#2314,.F.);
#3069=ORIENTED_EDGE('',*,*,#2315,.F.);
#3070=ORIENTED_EDGE('',*,*,#2316,.F.);
#3071=ORIENTED_EDGE('',*,*,#2317,.F.);
#3072=ORIENTED_EDGE('',*,*,#2318,.F.);
#3073=ORIENTED_EDGE('',*,*,#2319,.T.);
#3074=ORIENTED_EDGE('',*,*,#2320,.T.);
#3075=ORIENTED_EDGE('',*,*,#2321,.T.);
#3076=ORIENTED_EDGE('',*,*,#2322,.T.);
#3077=ORIENTED_EDGE('',*,*,#2323,.T.);
#3078=ORIENTED_EDGE('',*,*,#2324,.T.);
#3079=ORIENTED_EDGE('',*,*,#2325,.T.);
#3080=ORIENTED_EDGE('',*,*,#2326,.T.);
#3081=ORIENTED_EDGE('',*,*,#2327,.T.);
#3082=ORIENTED_EDGE('',*,*,#2328,.T.);
#3083=ORIENTED_EDGE('',*,*,#2329,.T.);
#3084=ORIENTED_EDGE('',*,*,#2330,.T.);
#3085=ORIENTED_EDGE('',*,*,#2331,.T.);
#3086=ORIENTED_EDGE('',*,*,#2332,.T.);
#3087=ORIENTED_EDGE('',*,*,#2319,.F.);
#3088=ORIENTED_EDGE('',*,*,#2333,.T.);
#3089=ORIENTED_EDGE('',*,*,#2332,.F.);
#3090=ORIENTED_EDGE('',*,*,#2334,.F.);
#3091=ORIENTED_EDGE('',*,*,#2335,.F.);
#3092=ORIENTED_EDGE('',*,*,#2336,.T.);
#3093=ORIENTED_EDGE('',*,*,#2337,.T.);
#3094=ORIENTED_EDGE('',*,*,#2320,.F.);
#3095=ORIENTED_EDGE('',*,*,#2331,.F.);
#3096=ORIENTED_EDGE('',*,*,#2338,.T.);
#3097=ORIENTED_EDGE('',*,*,#2339,.F.);
#3098=ORIENTED_EDGE('',*,*,#2340,.T.);
#3099=ORIENTED_EDGE('',*,*,#2341,.T.);
#3100=ORIENTED_EDGE('',*,*,#2342,.T.);
#3101=ORIENTED_EDGE('',*,*,#2343,.T.);
#3102=ORIENTED_EDGE('',*,*,#2344,.T.);
#3103=ORIENTED_EDGE('',*,*,#2345,.T.);
#3104=ORIENTED_EDGE('',*,*,#2346,.T.);
#3105=ORIENTED_EDGE('',*,*,#2347,.T.);
#3106=ORIENTED_EDGE('',*,*,#2348,.T.);
#3107=ORIENTED_EDGE('',*,*,#2349,.F.);
#3108=ORIENTED_EDGE('',*,*,#2350,.T.);
#3109=ORIENTED_EDGE('',*,*,#2351,.F.);
#3110=ORIENTED_EDGE('',*,*,#2334,.T.);
#3111=ORIENTED_EDGE('',*,*,#2352,.T.);
#3112=ORIENTED_EDGE('',*,*,#2353,.T.);
#3113=ORIENTED_EDGE('',*,*,#2354,.T.);
#3114=ORIENTED_EDGE('',*,*,#2355,.T.);
#3115=ORIENTED_EDGE('',*,*,#2351,.T.);
#3116=ORIENTED_EDGE('',*,*,#2356,.T.);
#3117=ORIENTED_EDGE('',*,*,#2357,.F.);
#3118=ORIENTED_EDGE('',*,*,#2358,.T.);
#3119=ORIENTED_EDGE('',*,*,#2321,.F.);
#3120=ORIENTED_EDGE('',*,*,#2337,.F.);
#3121=ORIENTED_EDGE('',*,*,#2336,.F.);
#3122=ORIENTED_EDGE('',*,*,#2335,.T.);
#3123=ORIENTED_EDGE('',*,*,#2356,.F.);
#3124=ORIENTED_EDGE('',*,*,#2350,.F.);
#3125=ORIENTED_EDGE('',*,*,#2359,.F.);
#3126=ORIENTED_EDGE('',*,*,#2322,.F.);
#3127=ORIENTED_EDGE('',*,*,#2358,.F.);
#3128=ORIENTED_EDGE('',*,*,#2357,.T.);
#3129=ORIENTED_EDGE('',*,*,#2349,.T.);
#3130=ORIENTED_EDGE('',*,*,#2360,.T.);
#3131=ORIENTED_EDGE('',*,*,#2323,.F.);
#3132=ORIENTED_EDGE('',*,*,#2359,.T.);
#3133=ORIENTED_EDGE('',*,*,#2360,.F.);
#3134=ORIENTED_EDGE('',*,*,#2348,.F.);
#3135=ORIENTED_EDGE('',*,*,#2361,.T.);
#3136=ORIENTED_EDGE('',*,*,#2362,.T.);
#3137=ORIENTED_EDGE('',*,*,#2363,.T.);
#3138=ORIENTED_EDGE('',*,*,#2340,.F.);
#3139=ORIENTED_EDGE('',*,*,#2364,.F.);
#3140=ORIENTED_EDGE('',*,*,#2324,.F.);
#3141=ORIENTED_EDGE('',*,*,#2339,.T.);
#3142=ORIENTED_EDGE('',*,*,#2365,.T.);
#3143=ORIENTED_EDGE('',*,*,#2325,.F.);
#3144=ORIENTED_EDGE('',*,*,#2364,.T.);
#3145=ORIENTED_EDGE('',*,*,#2333,.F.);
#3146=ORIENTED_EDGE('',*,*,#2326,.F.);
#3147=ORIENTED_EDGE('',*,*,#2365,.F.);
#3148=ORIENTED_EDGE('',*,*,#2338,.F.);
#3149=ORIENTED_EDGE('',*,*,#2341,.F.);
#3150=ORIENTED_EDGE('',*,*,#2363,.F.);
#3151=ORIENTED_EDGE('',*,*,#2366,.T.);
#3152=ORIENTED_EDGE('',*,*,#2367,.F.);
#3153=ORIENTED_EDGE('',*,*,#2347,.F.);
#3154=ORIENTED_EDGE('',*,*,#2368,.F.);
#3155=ORIENTED_EDGE('',*,*,#2369,.T.);
#3156=ORIENTED_EDGE('',*,*,#2361,.F.);
#3157=ORIENTED_EDGE('',*,*,#2370,.F.);
#3158=ORIENTED_EDGE('',*,*,#2366,.F.);
#3159=ORIENTED_EDGE('',*,*,#2362,.F.);
#3160=ORIENTED_EDGE('',*,*,#2369,.F.);
#3161=ORIENTED_EDGE('',*,*,#2367,.T.);
#3162=ORIENTED_EDGE('',*,*,#2370,.T.);
#3163=ORIENTED_EDGE('',*,*,#2368,.T.);
#3164=ORIENTED_EDGE('',*,*,#2346,.F.);
#3165=ORIENTED_EDGE('',*,*,#2371,.F.);
#3166=ORIENTED_EDGE('',*,*,#2317,.T.);
#3167=ORIENTED_EDGE('',*,*,#2372,.T.);
#3168=ORIENTED_EDGE('',*,*,#2342,.F.);
#3169=ORIENTED_EDGE('',*,*,#2329,.F.);
#3170=ORIENTED_EDGE('',*,*,#2373,.T.);
#3171=ORIENTED_EDGE('',*,*,#2374,.T.);
#3172=ORIENTED_EDGE('',*,*,#2373,.F.);
#3173=ORIENTED_EDGE('',*,*,#2327,.F.);
#3174=ORIENTED_EDGE('',*,*,#2375,.T.);
#3175=ORIENTED_EDGE('',*,*,#2376,.T.);
#3176=ORIENTED_EDGE('',*,*,#2375,.F.);
#3177=ORIENTED_EDGE('',*,*,#2330,.F.);
#3178=ORIENTED_EDGE('',*,*,#2377,.T.);
#3179=ORIENTED_EDGE('',*,*,#2378,.T.);
#3180=ORIENTED_EDGE('',*,*,#2377,.F.);
#3181=ORIENTED_EDGE('',*,*,#2328,.F.);
#3182=ORIENTED_EDGE('',*,*,#2379,.T.);
#3183=ORIENTED_EDGE('',*,*,#2380,.T.);
#3184=ORIENTED_EDGE('',*,*,#2379,.F.);
#3185=ORIENTED_EDGE('',*,*,#2315,.T.);
#3186=ORIENTED_EDGE('',*,*,#2381,.T.);
#3187=ORIENTED_EDGE('',*,*,#2344,.F.);
#3188=ORIENTED_EDGE('',*,*,#2382,.F.);
#3189=ORIENTED_EDGE('',*,*,#2316,.T.);
#3190=ORIENTED_EDGE('',*,*,#2382,.T.);
#3191=ORIENTED_EDGE('',*,*,#2343,.F.);
#3192=ORIENTED_EDGE('',*,*,#2372,.F.);
#3193=ORIENTED_EDGE('',*,*,#2318,.T.);
#3194=ORIENTED_EDGE('',*,*,#2371,.T.);
#3195=ORIENTED_EDGE('',*,*,#2345,.F.);
#3196=ORIENTED_EDGE('',*,*,#2381,.F.);
#3197=ORIENTED_EDGE('',*,*,#2383,.T.);
#3198=ORIENTED_EDGE('',*,*,#2384,.T.);
#3199=ORIENTED_EDGE('',*,*,#2354,.F.);
#3200=ORIENTED_EDGE('',*,*,#2384,.F.);
#3201=ORIENTED_EDGE('',*,*,#2380,.F.);
#3202=ORIENTED_EDGE('',*,*,#2383,.F.);
#3203=ORIENTED_EDGE('',*,*,#2385,.T.);
#3204=ORIENTED_EDGE('',*,*,#2386,.T.);
#3205=ORIENTED_EDGE('',*,*,#2353,.F.);
#3206=ORIENTED_EDGE('',*,*,#2386,.F.);
#3207=ORIENTED_EDGE('',*,*,#2378,.F.);
#3208=ORIENTED_EDGE('',*,*,#2385,.F.);
#3209=ORIENTED_EDGE('',*,*,#2387,.T.);
#3210=ORIENTED_EDGE('',*,*,#2388,.T.);
#3211=ORIENTED_EDGE('',*,*,#2355,.F.);
#3212=ORIENTED_EDGE('',*,*,#2388,.F.);
#3213=ORIENTED_EDGE('',*,*,#2376,.F.);
#3214=ORIENTED_EDGE('',*,*,#2387,.F.);
#3215=ORIENTED_EDGE('',*,*,#2389,.T.);
#3216=ORIENTED_EDGE('',*,*,#2390,.T.);
#3217=ORIENTED_EDGE('',*,*,#2352,.F.);
#3218=ORIENTED_EDGE('',*,*,#2390,.F.);
#3219=ORIENTED_EDGE('',*,*,#2374,.F.);
#3220=ORIENTED_EDGE('',*,*,#2389,.F.);
#3221=ORIENTED_EDGE('',*,*,#2391,.F.);
#3222=ORIENTED_EDGE('',*,*,#2392,.F.);
#3223=ORIENTED_EDGE('',*,*,#2393,.F.);
#3224=ORIENTED_EDGE('',*,*,#2394,.F.);
#3225=ORIENTED_EDGE('',*,*,#2395,.F.);
#3226=ORIENTED_EDGE('',*,*,#2396,.F.);
#3227=ORIENTED_EDGE('',*,*,#2397,.F.);
#3228=ORIENTED_EDGE('',*,*,#2398,.F.);
#3229=ORIENTED_EDGE('',*,*,#2399,.F.);
#3230=ORIENTED_EDGE('',*,*,#2400,.F.);
#3231=ORIENTED_EDGE('',*,*,#2401,.F.);
#3232=ORIENTED_EDGE('',*,*,#2402,.F.);
#3233=ORIENTED_EDGE('',*,*,#2403,.F.);
#3234=ORIENTED_EDGE('',*,*,#2404,.F.);
#3235=ORIENTED_EDGE('',*,*,#2405,.F.);
#3236=ORIENTED_EDGE('',*,*,#2406,.F.);
#3237=ORIENTED_EDGE('',*,*,#2407,.F.);
#3238=ORIENTED_EDGE('',*,*,#2408,.F.);
#3239=ORIENTED_EDGE('',*,*,#2409,.F.);
#3240=ORIENTED_EDGE('',*,*,#2410,.F.);
#3241=ORIENTED_EDGE('',*,*,#2411,.F.);
#3242=ORIENTED_EDGE('',*,*,#2412,.F.);
#3243=ORIENTED_EDGE('',*,*,#2413,.F.);
#3244=ORIENTED_EDGE('',*,*,#2414,.F.);
#3245=ORIENTED_EDGE('',*,*,#2415,.F.);
#3246=ORIENTED_EDGE('',*,*,#2416,.F.);
#3247=ORIENTED_EDGE('',*,*,#2417,.F.);
#3248=ORIENTED_EDGE('',*,*,#2418,.F.);
#3249=ORIENTED_EDGE('',*,*,#2419,.F.);
#3250=ORIENTED_EDGE('',*,*,#2420,.F.);
#3251=ORIENTED_EDGE('',*,*,#2421,.F.);
#3252=ORIENTED_EDGE('',*,*,#2422,.F.);
#3253=ORIENTED_EDGE('',*,*,#2423,.F.);
#3254=ORIENTED_EDGE('',*,*,#2424,.F.);
#3255=ORIENTED_EDGE('',*,*,#2425,.F.);
#3256=ORIENTED_EDGE('',*,*,#2426,.F.);
#3257=ORIENTED_EDGE('',*,*,#2427,.F.);
#3258=ORIENTED_EDGE('',*,*,#2428,.F.);
#3259=ORIENTED_EDGE('',*,*,#2429,.F.);
#3260=ORIENTED_EDGE('',*,*,#2430,.F.);
#3261=ORIENTED_EDGE('',*,*,#2431,.F.);
#3262=ORIENTED_EDGE('',*,*,#2432,.F.);
#3263=ORIENTED_EDGE('',*,*,#2433,.F.);
#3264=ORIENTED_EDGE('',*,*,#2434,.F.);
#3265=ORIENTED_EDGE('',*,*,#2435,.F.);
#3266=ORIENTED_EDGE('',*,*,#2436,.F.);
#3267=ORIENTED_EDGE('',*,*,#2437,.F.);
#3268=ORIENTED_EDGE('',*,*,#2438,.F.);
#3269=ORIENTED_EDGE('',*,*,#2439,.F.);
#3270=ORIENTED_EDGE('',*,*,#2440,.F.);
#3271=ORIENTED_EDGE('',*,*,#2441,.F.);
#3272=ORIENTED_EDGE('',*,*,#2442,.F.);
#3273=ORIENTED_EDGE('',*,*,#2443,.F.);
#3274=ORIENTED_EDGE('',*,*,#2444,.F.);
#3275=ORIENTED_EDGE('',*,*,#2445,.F.);
#3276=ORIENTED_EDGE('',*,*,#2446,.F.);
#3277=ORIENTED_EDGE('',*,*,#2447,.F.);
#3278=ORIENTED_EDGE('',*,*,#2448,.F.);
#3279=ORIENTED_EDGE('',*,*,#2449,.F.);
#3280=ORIENTED_EDGE('',*,*,#2450,.F.);
#3281=ORIENTED_EDGE('',*,*,#2451,.F.);
#3282=ORIENTED_EDGE('',*,*,#2452,.F.);
#3283=ORIENTED_EDGE('',*,*,#2453,.F.);
#3284=ORIENTED_EDGE('',*,*,#2454,.F.);
#3285=ORIENTED_EDGE('',*,*,#2455,.F.);
#3286=ORIENTED_EDGE('',*,*,#2456,.F.);
#3287=ORIENTED_EDGE('',*,*,#2457,.F.);
#3288=ORIENTED_EDGE('',*,*,#2458,.F.);
#3289=ORIENTED_EDGE('',*,*,#2459,.F.);
#3290=ORIENTED_EDGE('',*,*,#2460,.F.);
#3291=ORIENTED_EDGE('',*,*,#2461,.F.);
#3292=ORIENTED_EDGE('',*,*,#2462,.F.);
#3293=ORIENTED_EDGE('',*,*,#2463,.F.);
#3294=ORIENTED_EDGE('',*,*,#2464,.F.);
#3295=ORIENTED_EDGE('',*,*,#2465,.F.);
#3296=ORIENTED_EDGE('',*,*,#2466,.F.);
#3297=ORIENTED_EDGE('',*,*,#2467,.F.);
#3298=ORIENTED_EDGE('',*,*,#2468,.F.);
#3299=ORIENTED_EDGE('',*,*,#2469,.F.);
#3300=ORIENTED_EDGE('',*,*,#2470,.F.);
#3301=ORIENTED_EDGE('',*,*,#2471,.F.);
#3302=ORIENTED_EDGE('',*,*,#2472,.F.);
#3303=ORIENTED_EDGE('',*,*,#2473,.F.);
#3304=ORIENTED_EDGE('',*,*,#2474,.F.);
#3305=ORIENTED_EDGE('',*,*,#2475,.F.);
#3306=ORIENTED_EDGE('',*,*,#2476,.F.);
#3307=ORIENTED_EDGE('',*,*,#2477,.F.);
#3308=ORIENTED_EDGE('',*,*,#2478,.F.);
#3309=ORIENTED_EDGE('',*,*,#2479,.F.);
#3310=ORIENTED_EDGE('',*,*,#2480,.F.);
#3311=ORIENTED_EDGE('',*,*,#2481,.F.);
#3312=ORIENTED_EDGE('',*,*,#2482,.F.);
#3313=ORIENTED_EDGE('',*,*,#2407,.T.);
#3314=ORIENTED_EDGE('',*,*,#2483,.T.);
#3315=ORIENTED_EDGE('',*,*,#2484,.F.);
#3316=ORIENTED_EDGE('',*,*,#2485,.F.);
#3317=ORIENTED_EDGE('',*,*,#2406,.T.);
#3318=ORIENTED_EDGE('',*,*,#2486,.T.);
#3319=ORIENTED_EDGE('',*,*,#2487,.F.);
#3320=ORIENTED_EDGE('',*,*,#2483,.F.);
#3321=ORIENTED_EDGE('',*,*,#2405,.T.);
#3322=ORIENTED_EDGE('',*,*,#2488,.T.);
#3323=ORIENTED_EDGE('',*,*,#2489,.F.);
#3324=ORIENTED_EDGE('',*,*,#2486,.F.);
#3325=ORIENTED_EDGE('',*,*,#2404,.T.);
#3326=ORIENTED_EDGE('',*,*,#2490,.F.);
#3327=ORIENTED_EDGE('',*,*,#2491,.F.);
#3328=ORIENTED_EDGE('',*,*,#2488,.F.);
#3329=ORIENTED_EDGE('',*,*,#2415,.T.);
#3330=ORIENTED_EDGE('',*,*,#2492,.T.);
#3331=ORIENTED_EDGE('',*,*,#2493,.F.);
#3332=ORIENTED_EDGE('',*,*,#2494,.F.);
#3333=ORIENTED_EDGE('',*,*,#2414,.T.);
#3334=ORIENTED_EDGE('',*,*,#2495,.T.);
#3335=ORIENTED_EDGE('',*,*,#2496,.F.);
#3336=ORIENTED_EDGE('',*,*,#2492,.F.);
#3337=ORIENTED_EDGE('',*,*,#2413,.T.);
#3338=ORIENTED_EDGE('',*,*,#2497,.T.);
#3339=ORIENTED_EDGE('',*,*,#2498,.F.);
#3340=ORIENTED_EDGE('',*,*,#2495,.F.);
#3341=ORIENTED_EDGE('',*,*,#2412,.T.);
#3342=ORIENTED_EDGE('',*,*,#2499,.F.);
#3343=ORIENTED_EDGE('',*,*,#2500,.F.);
#3344=ORIENTED_EDGE('',*,*,#2497,.F.);
#3345=ORIENTED_EDGE('',*,*,#2423,.T.);
#3346=ORIENTED_EDGE('',*,*,#2501,.T.);
#3347=ORIENTED_EDGE('',*,*,#2502,.F.);
#3348=ORIENTED_EDGE('',*,*,#2503,.F.);
#3349=ORIENTED_EDGE('',*,*,#2422,.T.);
#3350=ORIENTED_EDGE('',*,*,#2504,.T.);
#3351=ORIENTED_EDGE('',*,*,#2505,.F.);
#3352=ORIENTED_EDGE('',*,*,#2501,.F.);
#3353=ORIENTED_EDGE('',*,*,#2421,.T.);
#3354=ORIENTED_EDGE('',*,*,#2506,.T.);
#3355=ORIENTED_EDGE('',*,*,#2507,.F.);
#3356=ORIENTED_EDGE('',*,*,#2504,.F.);
#3357=ORIENTED_EDGE('',*,*,#2420,.T.);
#3358=ORIENTED_EDGE('',*,*,#2508,.F.);
#3359=ORIENTED_EDGE('',*,*,#2509,.F.);
#3360=ORIENTED_EDGE('',*,*,#2506,.F.);
#3361=ORIENTED_EDGE('',*,*,#2431,.T.);
#3362=ORIENTED_EDGE('',*,*,#2510,.T.);
#3363=ORIENTED_EDGE('',*,*,#2511,.F.);
#3364=ORIENTED_EDGE('',*,*,#2512,.F.);
#3365=ORIENTED_EDGE('',*,*,#2430,.T.);
#3366=ORIENTED_EDGE('',*,*,#2513,.T.);
#3367=ORIENTED_EDGE('',*,*,#2514,.F.);
#3368=ORIENTED_EDGE('',*,*,#2510,.F.);
#3369=ORIENTED_EDGE('',*,*,#2429,.T.);
#3370=ORIENTED_EDGE('',*,*,#2515,.T.);
#3371=ORIENTED_EDGE('',*,*,#2516,.F.);
#3372=ORIENTED_EDGE('',*,*,#2513,.F.);
#3373=ORIENTED_EDGE('',*,*,#2428,.T.);
#3374=ORIENTED_EDGE('',*,*,#2517,.F.);
#3375=ORIENTED_EDGE('',*,*,#2518,.F.);
#3376=ORIENTED_EDGE('',*,*,#2515,.F.);
#3377=ORIENTED_EDGE('',*,*,#2439,.T.);
#3378=ORIENTED_EDGE('',*,*,#2519,.T.);
#3379=ORIENTED_EDGE('',*,*,#2520,.F.);
#3380=ORIENTED_EDGE('',*,*,#2521,.F.);
#3381=ORIENTED_EDGE('',*,*,#2438,.T.);
#3382=ORIENTED_EDGE('',*,*,#2522,.T.);
#3383=ORIENTED_EDGE('',*,*,#2523,.F.);
#3384=ORIENTED_EDGE('',*,*,#2519,.F.);
#3385=ORIENTED_EDGE('',*,*,#2437,.T.);
#3386=ORIENTED_EDGE('',*,*,#2524,.T.);
#3387=ORIENTED_EDGE('',*,*,#2525,.F.);
#3388=ORIENTED_EDGE('',*,*,#2522,.F.);
#3389=ORIENTED_EDGE('',*,*,#2436,.T.);
#3390=ORIENTED_EDGE('',*,*,#2526,.F.);
#3391=ORIENTED_EDGE('',*,*,#2527,.F.);
#3392=ORIENTED_EDGE('',*,*,#2524,.F.);
#3393=ORIENTED_EDGE('',*,*,#2447,.T.);
#3394=ORIENTED_EDGE('',*,*,#2528,.T.);
#3395=ORIENTED_EDGE('',*,*,#2529,.F.);
#3396=ORIENTED_EDGE('',*,*,#2530,.F.);
#3397=ORIENTED_EDGE('',*,*,#2446,.T.);
#3398=ORIENTED_EDGE('',*,*,#2531,.T.);
#3399=ORIENTED_EDGE('',*,*,#2532,.F.);
#3400=ORIENTED_EDGE('',*,*,#2528,.F.);
#3401=ORIENTED_EDGE('',*,*,#2445,.T.);
#3402=ORIENTED_EDGE('',*,*,#2533,.T.);
#3403=ORIENTED_EDGE('',*,*,#2534,.F.);
#3404=ORIENTED_EDGE('',*,*,#2531,.F.);
#3405=ORIENTED_EDGE('',*,*,#2444,.T.);
#3406=ORIENTED_EDGE('',*,*,#2535,.F.);
#3407=ORIENTED_EDGE('',*,*,#2536,.F.);
#3408=ORIENTED_EDGE('',*,*,#2533,.F.);
#3409=ORIENTED_EDGE('',*,*,#2455,.T.);
#3410=ORIENTED_EDGE('',*,*,#2537,.T.);
#3411=ORIENTED_EDGE('',*,*,#2538,.F.);
#3412=ORIENTED_EDGE('',*,*,#2539,.F.);
#3413=ORIENTED_EDGE('',*,*,#2454,.T.);
#3414=ORIENTED_EDGE('',*,*,#2540,.T.);
#3415=ORIENTED_EDGE('',*,*,#2541,.F.);
#3416=ORIENTED_EDGE('',*,*,#2537,.F.);
#3417=ORIENTED_EDGE('',*,*,#2453,.T.);
#3418=ORIENTED_EDGE('',*,*,#2542,.T.);
#3419=ORIENTED_EDGE('',*,*,#2543,.F.);
#3420=ORIENTED_EDGE('',*,*,#2540,.F.);
#3421=ORIENTED_EDGE('',*,*,#2452,.T.);
#3422=ORIENTED_EDGE('',*,*,#2544,.F.);
#3423=ORIENTED_EDGE('',*,*,#2545,.F.);
#3424=ORIENTED_EDGE('',*,*,#2542,.F.);
#3425=ORIENTED_EDGE('',*,*,#2463,.T.);
#3426=ORIENTED_EDGE('',*,*,#2546,.T.);
#3427=ORIENTED_EDGE('',*,*,#2547,.F.);
#3428=ORIENTED_EDGE('',*,*,#2548,.F.);
#3429=ORIENTED_EDGE('',*,*,#2462,.T.);
#3430=ORIENTED_EDGE('',*,*,#2549,.T.);
#3431=ORIENTED_EDGE('',*,*,#2550,.F.);
#3432=ORIENTED_EDGE('',*,*,#2546,.F.);
#3433=ORIENTED_EDGE('',*,*,#2461,.T.);
#3434=ORIENTED_EDGE('',*,*,#2551,.T.);
#3435=ORIENTED_EDGE('',*,*,#2552,.F.);
#3436=ORIENTED_EDGE('',*,*,#2549,.F.);
#3437=ORIENTED_EDGE('',*,*,#2460,.T.);
#3438=ORIENTED_EDGE('',*,*,#2553,.F.);
#3439=ORIENTED_EDGE('',*,*,#2554,.F.);
#3440=ORIENTED_EDGE('',*,*,#2551,.F.);
#3441=ORIENTED_EDGE('',*,*,#2471,.T.);
#3442=ORIENTED_EDGE('',*,*,#2555,.T.);
#3443=ORIENTED_EDGE('',*,*,#2556,.F.);
#3444=ORIENTED_EDGE('',*,*,#2557,.F.);
#3445=ORIENTED_EDGE('',*,*,#2470,.T.);
#3446=ORIENTED_EDGE('',*,*,#2558,.T.);
#3447=ORIENTED_EDGE('',*,*,#2559,.F.);
#3448=ORIENTED_EDGE('',*,*,#2555,.F.);
#3449=ORIENTED_EDGE('',*,*,#2469,.T.);
#3450=ORIENTED_EDGE('',*,*,#2560,.T.);
#3451=ORIENTED_EDGE('',*,*,#2561,.F.);
#3452=ORIENTED_EDGE('',*,*,#2558,.F.);
#3453=ORIENTED_EDGE('',*,*,#2468,.T.);
#3454=ORIENTED_EDGE('',*,*,#2562,.F.);
#3455=ORIENTED_EDGE('',*,*,#2563,.F.);
#3456=ORIENTED_EDGE('',*,*,#2560,.F.);
#3457=ORIENTED_EDGE('',*,*,#2481,.T.);
#3458=ORIENTED_EDGE('',*,*,#2564,.T.);
#3459=ORIENTED_EDGE('',*,*,#2565,.F.);
#3460=ORIENTED_EDGE('',*,*,#2566,.F.);
#3461=ORIENTED_EDGE('',*,*,#2480,.T.);
#3462=ORIENTED_EDGE('',*,*,#2567,.F.);
#3463=ORIENTED_EDGE('',*,*,#2568,.F.);
#3464=ORIENTED_EDGE('',*,*,#2564,.F.);
#3465=ORIENTED_EDGE('',*,*,#2397,.T.);
#3466=ORIENTED_EDGE('',*,*,#2569,.T.);
#3467=ORIENTED_EDGE('',*,*,#2570,.F.);
#3468=ORIENTED_EDGE('',*,*,#2571,.F.);
#3469=ORIENTED_EDGE('',*,*,#2396,.T.);
#3470=ORIENTED_EDGE('',*,*,#2572,.T.);
#3471=ORIENTED_EDGE('',*,*,#2573,.F.);
#3472=ORIENTED_EDGE('',*,*,#2569,.F.);
#3473=ORIENTED_EDGE('',*,*,#2395,.T.);
#3474=ORIENTED_EDGE('',*,*,#2574,.T.);
#3475=ORIENTED_EDGE('',*,*,#2575,.F.);
#3476=ORIENTED_EDGE('',*,*,#2572,.F.);
#3477=ORIENTED_EDGE('',*,*,#2394,.T.);
#3478=ORIENTED_EDGE('',*,*,#2576,.T.);
#3479=ORIENTED_EDGE('',*,*,#2577,.F.);
#3480=ORIENTED_EDGE('',*,*,#2574,.F.);
#3481=ORIENTED_EDGE('',*,*,#2393,.T.);
#3482=ORIENTED_EDGE('',*,*,#2578,.T.);
#3483=ORIENTED_EDGE('',*,*,#2579,.F.);
#3484=ORIENTED_EDGE('',*,*,#2576,.F.);
#3485=ORIENTED_EDGE('',*,*,#2392,.T.);
#3486=ORIENTED_EDGE('',*,*,#2580,.F.);
#3487=ORIENTED_EDGE('',*,*,#2581,.F.);
#3488=ORIENTED_EDGE('',*,*,#2578,.F.);
#3489=ORIENTED_EDGE('',*,*,#2582,.T.);
#3490=ORIENTED_EDGE('',*,*,#2583,.T.);
#3491=ORIENTED_EDGE('',*,*,#2584,.T.);
#3492=ORIENTED_EDGE('',*,*,#2585,.T.);
#3493=ORIENTED_EDGE('',*,*,#2586,.T.);
#3494=ORIENTED_EDGE('',*,*,#2587,.T.);
#3495=ORIENTED_EDGE('',*,*,#2570,.T.);
#3496=ORIENTED_EDGE('',*,*,#2573,.T.);
#3497=ORIENTED_EDGE('',*,*,#2575,.T.);
#3498=ORIENTED_EDGE('',*,*,#2577,.T.);
#3499=ORIENTED_EDGE('',*,*,#2579,.T.);
#3500=ORIENTED_EDGE('',*,*,#2581,.T.);
#3501=ORIENTED_EDGE('',*,*,#2588,.T.);
#3502=ORIENTED_EDGE('',*,*,#2589,.T.);
#3503=ORIENTED_EDGE('',*,*,#2590,.T.);
#3504=ORIENTED_EDGE('',*,*,#2591,.T.);
#3505=ORIENTED_EDGE('',*,*,#2484,.T.);
#3506=ORIENTED_EDGE('',*,*,#2487,.T.);
#3507=ORIENTED_EDGE('',*,*,#2489,.T.);
#3508=ORIENTED_EDGE('',*,*,#2491,.T.);
#3509=ORIENTED_EDGE('',*,*,#2592,.T.);
#3510=ORIENTED_EDGE('',*,*,#2593,.T.);
#3511=ORIENTED_EDGE('',*,*,#2594,.T.);
#3512=ORIENTED_EDGE('',*,*,#2595,.T.);
#3513=ORIENTED_EDGE('',*,*,#2493,.T.);
#3514=ORIENTED_EDGE('',*,*,#2496,.T.);
#3515=ORIENTED_EDGE('',*,*,#2498,.T.);
#3516=ORIENTED_EDGE('',*,*,#2500,.T.);
#3517=ORIENTED_EDGE('',*,*,#2596,.T.);
#3518=ORIENTED_EDGE('',*,*,#2597,.T.);
#3519=ORIENTED_EDGE('',*,*,#2598,.T.);
#3520=ORIENTED_EDGE('',*,*,#2599,.T.);
#3521=ORIENTED_EDGE('',*,*,#2502,.T.);
#3522=ORIENTED_EDGE('',*,*,#2505,.T.);
#3523=ORIENTED_EDGE('',*,*,#2507,.T.);
#3524=ORIENTED_EDGE('',*,*,#2509,.T.);
#3525=ORIENTED_EDGE('',*,*,#2600,.T.);
#3526=ORIENTED_EDGE('',*,*,#2601,.T.);
#3527=ORIENTED_EDGE('',*,*,#2602,.T.);
#3528=ORIENTED_EDGE('',*,*,#2603,.T.);
#3529=ORIENTED_EDGE('',*,*,#2511,.T.);
#3530=ORIENTED_EDGE('',*,*,#2514,.T.);
#3531=ORIENTED_EDGE('',*,*,#2516,.T.);
#3532=ORIENTED_EDGE('',*,*,#2518,.T.);
#3533=ORIENTED_EDGE('',*,*,#2604,.T.);
#3534=ORIENTED_EDGE('',*,*,#2605,.T.);
#3535=ORIENTED_EDGE('',*,*,#2606,.T.);
#3536=ORIENTED_EDGE('',*,*,#2607,.T.);
#3537=ORIENTED_EDGE('',*,*,#2520,.T.);
#3538=ORIENTED_EDGE('',*,*,#2523,.T.);
#3539=ORIENTED_EDGE('',*,*,#2525,.T.);
#3540=ORIENTED_EDGE('',*,*,#2527,.T.);
#3541=ORIENTED_EDGE('',*,*,#2608,.T.);
#3542=ORIENTED_EDGE('',*,*,#2609,.T.);
#3543=ORIENTED_EDGE('',*,*,#2610,.T.);
#3544=ORIENTED_EDGE('',*,*,#2611,.T.);
#3545=ORIENTED_EDGE('',*,*,#2529,.T.);
#3546=ORIENTED_EDGE('',*,*,#2532,.T.);
#3547=ORIENTED_EDGE('',*,*,#2534,.T.);
#3548=ORIENTED_EDGE('',*,*,#2536,.T.);
#3549=ORIENTED_EDGE('',*,*,#2612,.T.);
#3550=ORIENTED_EDGE('',*,*,#2613,.T.);
#3551=ORIENTED_EDGE('',*,*,#2614,.T.);
#3552=ORIENTED_EDGE('',*,*,#2615,.T.);
#3553=ORIENTED_EDGE('',*,*,#2538,.T.);
#3554=ORIENTED_EDGE('',*,*,#2541,.T.);
#3555=ORIENTED_EDGE('',*,*,#2543,.T.);
#3556=ORIENTED_EDGE('',*,*,#2545,.T.);
#3557=ORIENTED_EDGE('',*,*,#2616,.T.);
#3558=ORIENTED_EDGE('',*,*,#2617,.T.);
#3559=ORIENTED_EDGE('',*,*,#2618,.T.);
#3560=ORIENTED_EDGE('',*,*,#2619,.T.);
#3561=ORIENTED_EDGE('',*,*,#2547,.T.);
#3562=ORIENTED_EDGE('',*,*,#2550,.T.);
#3563=ORIENTED_EDGE('',*,*,#2552,.T.);
#3564=ORIENTED_EDGE('',*,*,#2554,.T.);
#3565=ORIENTED_EDGE('',*,*,#2620,.T.);
#3566=ORIENTED_EDGE('',*,*,#2621,.T.);
#3567=ORIENTED_EDGE('',*,*,#2622,.T.);
#3568=ORIENTED_EDGE('',*,*,#2623,.T.);
#3569=ORIENTED_EDGE('',*,*,#2556,.T.);
#3570=ORIENTED_EDGE('',*,*,#2559,.T.);
#3571=ORIENTED_EDGE('',*,*,#2561,.T.);
#3572=ORIENTED_EDGE('',*,*,#2563,.T.);
#3573=ORIENTED_EDGE('',*,*,#2624,.T.);
#3574=ORIENTED_EDGE('',*,*,#2625,.T.);
#3575=ORIENTED_EDGE('',*,*,#2626,.T.);
#3576=ORIENTED_EDGE('',*,*,#2627,.T.);
#3577=ORIENTED_EDGE('',*,*,#2628,.T.);
#3578=ORIENTED_EDGE('',*,*,#2629,.T.);
#3579=ORIENTED_EDGE('',*,*,#2565,.T.);
#3580=ORIENTED_EDGE('',*,*,#2568,.T.);
#3581=ORIENTED_EDGE('',*,*,#2391,.T.);
#3582=ORIENTED_EDGE('',*,*,#2630,.T.);
#3583=ORIENTED_EDGE('',*,*,#2582,.F.);
#3584=ORIENTED_EDGE('',*,*,#2580,.T.);
#3585=ORIENTED_EDGE('',*,*,#2402,.T.);
#3586=ORIENTED_EDGE('',*,*,#2631,.T.);
#3587=ORIENTED_EDGE('',*,*,#2583,.F.);
#3588=ORIENTED_EDGE('',*,*,#2630,.F.);
#3589=ORIENTED_EDGE('',*,*,#2401,.T.);
#3590=ORIENTED_EDGE('',*,*,#2632,.T.);
#3591=ORIENTED_EDGE('',*,*,#2584,.F.);
#3592=ORIENTED_EDGE('',*,*,#2631,.F.);
#3593=ORIENTED_EDGE('',*,*,#2408,.T.);
#3594=ORIENTED_EDGE('',*,*,#2485,.T.);
#3595=ORIENTED_EDGE('',*,*,#2591,.F.);
#3596=ORIENTED_EDGE('',*,*,#2633,.F.);
#3597=ORIENTED_EDGE('',*,*,#2409,.T.);
#3598=ORIENTED_EDGE('',*,*,#2633,.T.);
#3599=ORIENTED_EDGE('',*,*,#2590,.F.);
#3600=ORIENTED_EDGE('',*,*,#2634,.F.);
#3601=ORIENTED_EDGE('',*,*,#2410,.T.);
#3602=ORIENTED_EDGE('',*,*,#2634,.T.);
#3603=ORIENTED_EDGE('',*,*,#2589,.F.);
#3604=ORIENTED_EDGE('',*,*,#2635,.F.);
#3605=ORIENTED_EDGE('',*,*,#2403,.T.);
#3606=ORIENTED_EDGE('',*,*,#2635,.T.);
#3607=ORIENTED_EDGE('',*,*,#2588,.F.);
#3608=ORIENTED_EDGE('',*,*,#2490,.T.);
#3609=ORIENTED_EDGE('',*,*,#2416,.T.);
#3610=ORIENTED_EDGE('',*,*,#2494,.T.);
#3611=ORIENTED_EDGE('',*,*,#2595,.F.);
#3612=ORIENTED_EDGE('',*,*,#2636,.F.);
#3613=ORIENTED_EDGE('',*,*,#2417,.T.);
#3614=ORIENTED_EDGE('',*,*,#2636,.T.);
#3615=ORIENTED_EDGE('',*,*,#2594,.F.);
#3616=ORIENTED_EDGE('',*,*,#2637,.F.);
#3617=ORIENTED_EDGE('',*,*,#2418,.T.);
#3618=ORIENTED_EDGE('',*,*,#2637,.T.);
#3619=ORIENTED_EDGE('',*,*,#2593,.F.);
#3620=ORIENTED_EDGE('',*,*,#2638,.F.);
#3621=ORIENTED_EDGE('',*,*,#2411,.T.);
#3622=ORIENTED_EDGE('',*,*,#2638,.T.);
#3623=ORIENTED_EDGE('',*,*,#2592,.F.);
#3624=ORIENTED_EDGE('',*,*,#2499,.T.);
#3625=ORIENTED_EDGE('',*,*,#2424,.T.);
#3626=ORIENTED_EDGE('',*,*,#2503,.T.);
#3627=ORIENTED_EDGE('',*,*,#2599,.F.);
#3628=ORIENTED_EDGE('',*,*,#2639,.F.);
#3629=ORIENTED_EDGE('',*,*,#2425,.T.);
#3630=ORIENTED_EDGE('',*,*,#2639,.T.);
#3631=ORIENTED_EDGE('',*,*,#2598,.F.);
#3632=ORIENTED_EDGE('',*,*,#2640,.F.);
#3633=ORIENTED_EDGE('',*,*,#2426,.T.);
#3634=ORIENTED_EDGE('',*,*,#2640,.T.);
#3635=ORIENTED_EDGE('',*,*,#2597,.F.);
#3636=ORIENTED_EDGE('',*,*,#2641,.F.);
#3637=ORIENTED_EDGE('',*,*,#2419,.T.);
#3638=ORIENTED_EDGE('',*,*,#2641,.T.);
#3639=ORIENTED_EDGE('',*,*,#2596,.F.);
#3640=ORIENTED_EDGE('',*,*,#2508,.T.);
#3641=ORIENTED_EDGE('',*,*,#2432,.T.);
#3642=ORIENTED_EDGE('',*,*,#2512,.T.);
#3643=ORIENTED_EDGE('',*,*,#2603,.F.);
#3644=ORIENTED_EDGE('',*,*,#2642,.F.);
#3645=ORIENTED_EDGE('',*,*,#2433,.T.);
#3646=ORIENTED_EDGE('',*,*,#2642,.T.);
#3647=ORIENTED_EDGE('',*,*,#2602,.F.);
#3648=ORIENTED_EDGE('',*,*,#2643,.F.);
#3649=ORIENTED_EDGE('',*,*,#2434,.T.);
#3650=ORIENTED_EDGE('',*,*,#2643,.T.);
#3651=ORIENTED_EDGE('',*,*,#2601,.F.);
#3652=ORIENTED_EDGE('',*,*,#2644,.F.);
#3653=ORIENTED_EDGE('',*,*,#2427,.T.);
#3654=ORIENTED_EDGE('',*,*,#2644,.T.);
#3655=ORIENTED_EDGE('',*,*,#2600,.F.);
#3656=ORIENTED_EDGE('',*,*,#2517,.T.);
#3657=ORIENTED_EDGE('',*,*,#2440,.T.);
#3658=ORIENTED_EDGE('',*,*,#2521,.T.);
#3659=ORIENTED_EDGE('',*,*,#2607,.F.);
#3660=ORIENTED_EDGE('',*,*,#2645,.F.);
#3661=ORIENTED_EDGE('',*,*,#2441,.T.);
#3662=ORIENTED_EDGE('',*,*,#2645,.T.);
#3663=ORIENTED_EDGE('',*,*,#2606,.F.);
#3664=ORIENTED_EDGE('',*,*,#2646,.F.);
#3665=ORIENTED_EDGE('',*,*,#2442,.T.);
#3666=ORIENTED_EDGE('',*,*,#2646,.T.);
#3667=ORIENTED_EDGE('',*,*,#2605,.F.);
#3668=ORIENTED_EDGE('',*,*,#2647,.F.);
#3669=ORIENTED_EDGE('',*,*,#2435,.T.);
#3670=ORIENTED_EDGE('',*,*,#2647,.T.);
#3671=ORIENTED_EDGE('',*,*,#2604,.F.);
#3672=ORIENTED_EDGE('',*,*,#2526,.T.);
#3673=ORIENTED_EDGE('',*,*,#2448,.T.);
#3674=ORIENTED_EDGE('',*,*,#2530,.T.);
#3675=ORIENTED_EDGE('',*,*,#2611,.F.);
#3676=ORIENTED_EDGE('',*,*,#2648,.F.);
#3677=ORIENTED_EDGE('',*,*,#2449,.T.);
#3678=ORIENTED_EDGE('',*,*,#2648,.T.);
#3679=ORIENTED_EDGE('',*,*,#2610,.F.);
#3680=ORIENTED_EDGE('',*,*,#2649,.F.);
#3681=ORIENTED_EDGE('',*,*,#2450,.T.);
#3682=ORIENTED_EDGE('',*,*,#2649,.T.);
#3683=ORIENTED_EDGE('',*,*,#2609,.F.);
#3684=ORIENTED_EDGE('',*,*,#2650,.F.);
#3685=ORIENTED_EDGE('',*,*,#2443,.T.);
#3686=ORIENTED_EDGE('',*,*,#2650,.T.);
#3687=ORIENTED_EDGE('',*,*,#2608,.F.);
#3688=ORIENTED_EDGE('',*,*,#2535,.T.);
#3689=ORIENTED_EDGE('',*,*,#2456,.T.);
#3690=ORIENTED_EDGE('',*,*,#2539,.T.);
#3691=ORIENTED_EDGE('',*,*,#2615,.F.);
#3692=ORIENTED_EDGE('',*,*,#2651,.F.);
#3693=ORIENTED_EDGE('',*,*,#2457,.T.);
#3694=ORIENTED_EDGE('',*,*,#2651,.T.);
#3695=ORIENTED_EDGE('',*,*,#2614,.F.);
#3696=ORIENTED_EDGE('',*,*,#2652,.F.);
#3697=ORIENTED_EDGE('',*,*,#2458,.T.);
#3698=ORIENTED_EDGE('',*,*,#2652,.T.);
#3699=ORIENTED_EDGE('',*,*,#2613,.F.);
#3700=ORIENTED_EDGE('',*,*,#2653,.F.);
#3701=ORIENTED_EDGE('',*,*,#2451,.T.);
#3702=ORIENTED_EDGE('',*,*,#2653,.T.);
#3703=ORIENTED_EDGE('',*,*,#2612,.F.);
#3704=ORIENTED_EDGE('',*,*,#2544,.T.);
#3705=ORIENTED_EDGE('',*,*,#2464,.T.);
#3706=ORIENTED_EDGE('',*,*,#2548,.T.);
#3707=ORIENTED_EDGE('',*,*,#2619,.F.);
#3708=ORIENTED_EDGE('',*,*,#2654,.F.);
#3709=ORIENTED_EDGE('',*,*,#2465,.T.);
#3710=ORIENTED_EDGE('',*,*,#2654,.T.);
#3711=ORIENTED_EDGE('',*,*,#2618,.F.);
#3712=ORIENTED_EDGE('',*,*,#2655,.F.);
#3713=ORIENTED_EDGE('',*,*,#2466,.T.);
#3714=ORIENTED_EDGE('',*,*,#2655,.T.);
#3715=ORIENTED_EDGE('',*,*,#2617,.F.);
#3716=ORIENTED_EDGE('',*,*,#2656,.F.);
#3717=ORIENTED_EDGE('',*,*,#2459,.T.);
#3718=ORIENTED_EDGE('',*,*,#2656,.T.);
#3719=ORIENTED_EDGE('',*,*,#2616,.F.);
#3720=ORIENTED_EDGE('',*,*,#2553,.T.);
#3721=ORIENTED_EDGE('',*,*,#2472,.T.);
#3722=ORIENTED_EDGE('',*,*,#2557,.T.);
#3723=ORIENTED_EDGE('',*,*,#2623,.F.);
#3724=ORIENTED_EDGE('',*,*,#2657,.F.);
#3725=ORIENTED_EDGE('',*,*,#2473,.T.);
#3726=ORIENTED_EDGE('',*,*,#2657,.T.);
#3727=ORIENTED_EDGE('',*,*,#2622,.F.);
#3728=ORIENTED_EDGE('',*,*,#2658,.F.);
#3729=ORIENTED_EDGE('',*,*,#2474,.T.);
#3730=ORIENTED_EDGE('',*,*,#2658,.T.);
#3731=ORIENTED_EDGE('',*,*,#2621,.F.);
#3732=ORIENTED_EDGE('',*,*,#2659,.F.);
#3733=ORIENTED_EDGE('',*,*,#2467,.T.);
#3734=ORIENTED_EDGE('',*,*,#2659,.T.);
#3735=ORIENTED_EDGE('',*,*,#2620,.F.);
#3736=ORIENTED_EDGE('',*,*,#2562,.T.);
#3737=ORIENTED_EDGE('',*,*,#2482,.T.);
#3738=ORIENTED_EDGE('',*,*,#2566,.T.);
#3739=ORIENTED_EDGE('',*,*,#2629,.F.);
#3740=ORIENTED_EDGE('',*,*,#2660,.F.);
#3741=ORIENTED_EDGE('',*,*,#2479,.T.);
#3742=ORIENTED_EDGE('',*,*,#2660,.T.);
#3743=ORIENTED_EDGE('',*,*,#2628,.F.);
#3744=ORIENTED_EDGE('',*,*,#2567,.T.);
#3745=ORIENTED_EDGE('',*,*,#2627,.F.);
#3746=ORIENTED_EDGE('',*,*,#2661,.T.);
#3747=ORIENTED_EDGE('',*,*,#2478,.T.);
#3748=ORIENTED_EDGE('',*,*,#2661,.F.);
#3749=ORIENTED_EDGE('',*,*,#2626,.F.);
#3750=ORIENTED_EDGE('',*,*,#2662,.T.);
#3751=ORIENTED_EDGE('',*,*,#2477,.T.);
#3752=ORIENTED_EDGE('',*,*,#2662,.F.);
#3753=ORIENTED_EDGE('',*,*,#2625,.F.);
#3754=ORIENTED_EDGE('',*,*,#2663,.T.);
#3755=ORIENTED_EDGE('',*,*,#2476,.T.);
#3756=ORIENTED_EDGE('',*,*,#2663,.F.);
#3757=ORIENTED_EDGE('',*,*,#2624,.F.);
#3758=ORIENTED_EDGE('',*,*,#2664,.T.);
#3759=ORIENTED_EDGE('',*,*,#2475,.T.);
#3760=ORIENTED_EDGE('',*,*,#2664,.F.);
#3761=ORIENTED_EDGE('',*,*,#2399,.T.);
#3762=ORIENTED_EDGE('',*,*,#2665,.T.);
#3763=ORIENTED_EDGE('',*,*,#2586,.F.);
#3764=ORIENTED_EDGE('',*,*,#2666,.F.);
#3765=ORIENTED_EDGE('',*,*,#2398,.T.);
#3766=ORIENTED_EDGE('',*,*,#2571,.T.);
#3767=ORIENTED_EDGE('',*,*,#2587,.F.);
#3768=ORIENTED_EDGE('',*,*,#2665,.F.);
#3769=ORIENTED_EDGE('',*,*,#2400,.T.);
#3770=ORIENTED_EDGE('',*,*,#2666,.T.);
#3771=ORIENTED_EDGE('',*,*,#2585,.F.);
#3772=ORIENTED_EDGE('',*,*,#2632,.F.);
#3773=PLANE('',#4079);
#3774=PLANE('',#4080);
#3775=PLANE('',#4081);
#3776=PLANE('',#4082);
#3777=PLANE('',#4146);
#3778=PLANE('',#4210);
#3779=PLANE('',#4276);
#3780=PLANE('',#4277);
#3781=PLANE('',#4288);
#3782=PLANE('',#4289);
#3783=PLANE('',#4298);
#3784=PLANE('',#4300);
#3785=PLANE('',#4302);
#3786=PLANE('',#4303);
#3787=PLANE('',#4304);
#3788=PLANE('',#4305);
#3789=PLANE('',#4306);
#3790=PLANE('',#4315);
#3791=PLANE('',#4316);
#3792=PLANE('',#4317);
#3793=PLANE('',#4320);
#3794=PLANE('',#4323);
#3795=PLANE('',#4326);
#3796=PLANE('',#4329);
#3797=PLANE('',#4332);
#3798=PLANE('',#4377);
#3799=PLANE('',#4380);
#3800=PLANE('',#4383);
#3801=PLANE('',#4386);
#3802=PLANE('',#4389);
#3803=PLANE('',#4392);
#3804=PLANE('',#4395);
#3805=PLANE('',#4398);
#3806=PLANE('',#4401);
#3807=PLANE('',#4404);
#3808=PLANE('',#4407);
#3809=PLANE('',#4410);
#3810=PLANE('',#4413);
#3811=PLANE('',#4416);
#3812=PLANE('',#4419);
#3813=PLANE('',#4422);
#3814=PLANE('',#4425);
#3815=PLANE('',#4428);
#3816=PLANE('',#4431);
#3817=PLANE('',#4432);
#3818=PLANE('',#4433);
#3819=PLANE('',#4434);
#3820=PLANE('',#4437);
#3821=PLANE('',#4440);
#3822=PLANE('',#4441);
#3823=PLANE('',#4467);
#3824=PLANE('',#4470);
#3825=PLANE('',#4472);
#3826=PLANE('',#4474);
#3827=PLANE('',#4476);
#3828=PLANE('',#4478);
#3829=PLANE('',#4480);
#3830=PLANE('',#4482);
#3831=PLANE('',#4484);
#3832=PLANE('',#4486);
#3833=PLANE('',#4488);
#3834=PLANE('',#4490);
#3835=PLANE('',#4492);
#3836=PLANE('',#4494);
#3837=PLANE('',#4496);
#3838=PLANE('',#4498);
#3839=PLANE('',#4500);
#3840=PLANE('',#4502);
#3841=PLANE('',#4504);
#3842=PLANE('',#4505);
#3843=PLANE('',#4506);
#3844=PLANE('',#4511);
#3845=PLANE('',#4512);
#3846=PLANE('',#4513);
#3847=ADVANCED_FACE('',(#562),#3773,.T.);
#3848=ADVANCED_FACE('',(#563),#3774,.T.);
#3849=ADVANCED_FACE('',(#564),#3775,.T.);
#3850=ADVANCED_FACE('',(#565,#158,#159,#160,#161,#162,#163,#164,#165,#166,
#167,#168,#169,#170,#171,#172,#173,#174,#175,#176,#177,#178,#179,#180,#181,
#182,#183,#184,#185,#186,#187,#188,#189,#190,#191,#192,#193,#194,#195,#196,
#197,#198,#199,#200,#201,#202,#203,#204,#205,#206,#207,#208,#209,#210,#211,
#212,#213,#214,#215,#216,#217,#218,#219,#220),#3776,.F.);
#3851=ADVANCED_FACE('',(#566,#221,#222,#223,#224,#225,#226,#227,#228,#229,
#230,#231,#232,#233,#234,#235,#236,#237,#238,#239,#240,#241,#242,#243,#244,
#245,#246,#247,#248,#249,#250,#251,#252,#253,#254,#255,#256,#257,#258,#259,
#260,#261,#262,#263,#264,#265,#266,#267,#268,#269,#270,#271,#272,#273,#274,
#275,#276,#277,#278,#279,#280,#281,#282,#283),#3777,.T.);
#3852=ADVANCED_FACE('',(#567),#3778,.T.);
#3853=ADVANCED_FACE('',(#568),#39,.F.);
#3854=ADVANCED_FACE('',(#569),#40,.F.);
#3855=ADVANCED_FACE('',(#570),#41,.F.);
#3856=ADVANCED_FACE('',(#571),#42,.F.);
#3857=ADVANCED_FACE('',(#572),#43,.F.);
#3858=ADVANCED_FACE('',(#573),#44,.F.);
#3859=ADVANCED_FACE('',(#574),#45,.F.);
#3860=ADVANCED_FACE('',(#575),#46,.F.);
#3861=ADVANCED_FACE('',(#576),#47,.F.);
#3862=ADVANCED_FACE('',(#577),#48,.F.);
#3863=ADVANCED_FACE('',(#578),#49,.F.);
#3864=ADVANCED_FACE('',(#579),#50,.F.);
#3865=ADVANCED_FACE('',(#580),#51,.F.);
#3866=ADVANCED_FACE('',(#581),#52,.F.);
#3867=ADVANCED_FACE('',(#582),#53,.F.);
#3868=ADVANCED_FACE('',(#583),#54,.F.);
#3869=ADVANCED_FACE('',(#584),#55,.F.);
#3870=ADVANCED_FACE('',(#585),#56,.F.);
#3871=ADVANCED_FACE('',(#586),#57,.F.);
#3872=ADVANCED_FACE('',(#587),#58,.F.);
#3873=ADVANCED_FACE('',(#588),#59,.F.);
#3874=ADVANCED_FACE('',(#589),#60,.F.);
#3875=ADVANCED_FACE('',(#590),#61,.F.);
#3876=ADVANCED_FACE('',(#591),#62,.F.);
#3877=ADVANCED_FACE('',(#592),#63,.F.);
#3878=ADVANCED_FACE('',(#593),#64,.F.);
#3879=ADVANCED_FACE('',(#594),#65,.F.);
#3880=ADVANCED_FACE('',(#595),#66,.F.);
#3881=ADVANCED_FACE('',(#596),#67,.F.);
#3882=ADVANCED_FACE('',(#597),#68,.F.);
#3883=ADVANCED_FACE('',(#598),#69,.F.);
#3884=ADVANCED_FACE('',(#599),#70,.F.);
#3885=ADVANCED_FACE('',(#600),#71,.F.);
#3886=ADVANCED_FACE('',(#601),#72,.F.);
#3887=ADVANCED_FACE('',(#602),#73,.F.);
#3888=ADVANCED_FACE('',(#603),#74,.F.);
#3889=ADVANCED_FACE('',(#604),#75,.F.);
#3890=ADVANCED_FACE('',(#605),#76,.F.);
#3891=ADVANCED_FACE('',(#606),#77,.F.);
#3892=ADVANCED_FACE('',(#607),#78,.F.);
#3893=ADVANCED_FACE('',(#608),#79,.F.);
#3894=ADVANCED_FACE('',(#609),#80,.F.);
#3895=ADVANCED_FACE('',(#610),#81,.F.);
#3896=ADVANCED_FACE('',(#611),#82,.F.);
#3897=ADVANCED_FACE('',(#612),#83,.F.);
#3898=ADVANCED_FACE('',(#613),#84,.F.);
#3899=ADVANCED_FACE('',(#614),#85,.F.);
#3900=ADVANCED_FACE('',(#615),#86,.F.);
#3901=ADVANCED_FACE('',(#616),#87,.F.);
#3902=ADVANCED_FACE('',(#617),#88,.F.);
#3903=ADVANCED_FACE('',(#618),#89,.F.);
#3904=ADVANCED_FACE('',(#619),#90,.F.);
#3905=ADVANCED_FACE('',(#620),#91,.F.);
#3906=ADVANCED_FACE('',(#621),#92,.F.);
#3907=ADVANCED_FACE('',(#622),#93,.F.);
#3908=ADVANCED_FACE('',(#623),#94,.F.);
#3909=ADVANCED_FACE('',(#624),#95,.F.);
#3910=ADVANCED_FACE('',(#625),#96,.F.);
#3911=ADVANCED_FACE('',(#626),#97,.F.);
#3912=ADVANCED_FACE('',(#627),#98,.F.);
#3913=ADVANCED_FACE('',(#628),#99,.F.);
#3914=ADVANCED_FACE('',(#629),#100,.F.);
#3915=ADVANCED_FACE('',(#630),#101,.F.);
#3916=ADVANCED_FACE('',(#631),#3779,.F.);
#3917=ADVANCED_FACE('',(#632,#284,#285,#286,#287),#3780,.T.);
#3918=ADVANCED_FACE('',(#633),#102,.T.);
#3919=ADVANCED_FACE('',(#634),#3781,.T.);
#3920=ADVANCED_FACE('',(#635,#288,#289,#290,#291),#3782,.T.);
#3921=ADVANCED_FACE('',(#636),#103,.T.);
#3922=ADVANCED_FACE('',(#637),#3783,.T.);
#3923=ADVANCED_FACE('',(#638),#104,.T.);
#3924=ADVANCED_FACE('',(#639),#3784,.T.);
#3925=ADVANCED_FACE('',(#640),#105,.T.);
#3926=ADVANCED_FACE('',(#641),#3785,.T.);
#3927=ADVANCED_FACE('',(#642),#3786,.F.);
#3928=ADVANCED_FACE('',(#643),#3787,.F.);
#3929=ADVANCED_FACE('',(#644),#3788,.F.);
#3930=ADVANCED_FACE('',(#645),#3789,.T.);
#3931=ADVANCED_FACE('',(#646),#106,.F.);
#3932=ADVANCED_FACE('',(#647),#107,.F.);
#3933=ADVANCED_FACE('',(#648),#108,.F.);
#3934=ADVANCED_FACE('',(#649),#109,.F.);
#3935=ADVANCED_FACE('',(#650),#3790,.T.);
#3936=ADVANCED_FACE('',(#651),#3791,.T.);
#3937=ADVANCED_FACE('',(#652),#3792,.T.);
#3938=ADVANCED_FACE('',(#653),#110,.F.);
#3939=ADVANCED_FACE('',(#654,#292),#3793,.F.);
#3940=ADVANCED_FACE('',(#655),#111,.F.);
#3941=ADVANCED_FACE('',(#656,#293),#3794,.F.);
#3942=ADVANCED_FACE('',(#657),#112,.F.);
#3943=ADVANCED_FACE('',(#658,#294),#3795,.F.);
#3944=ADVANCED_FACE('',(#659),#113,.F.);
#3945=ADVANCED_FACE('',(#660,#295),#3796,.F.);
#3946=ADVANCED_FACE('',(#661,#296,#297,#298,#299,#300,#301,#302,#303,#304,
#305,#306,#307,#308,#309),#3797,.T.);
#3947=ADVANCED_FACE('',(#662),#3798,.F.);
#3948=ADVANCED_FACE('',(#663),#114,.F.);
#3949=ADVANCED_FACE('',(#664),#3799,.F.);
#3950=ADVANCED_FACE('',(#665),#115,.F.);
#3951=ADVANCED_FACE('',(#666),#3800,.F.);
#3952=ADVANCED_FACE('',(#667),#116,.F.);
#3953=ADVANCED_FACE('',(#668),#3801,.F.);
#3954=ADVANCED_FACE('',(#669),#117,.F.);
#3955=ADVANCED_FACE('',(#670),#3802,.F.);
#3956=ADVANCED_FACE('',(#671),#118,.F.);
#3957=ADVANCED_FACE('',(#672),#3803,.F.);
#3958=ADVANCED_FACE('',(#673),#119,.F.);
#3959=ADVANCED_FACE('',(#674),#3804,.F.);
#3960=ADVANCED_FACE('',(#675),#120,.F.);
#3961=ADVANCED_FACE('',(#676),#3805,.F.);
#3962=ADVANCED_FACE('',(#677),#121,.F.);
#3963=ADVANCED_FACE('',(#678),#3806,.F.);
#3964=ADVANCED_FACE('',(#679),#122,.F.);
#3965=ADVANCED_FACE('',(#680),#3807,.F.);
#3966=ADVANCED_FACE('',(#681),#123,.F.);
#3967=ADVANCED_FACE('',(#682),#3808,.F.);
#3968=ADVANCED_FACE('',(#683),#124,.F.);
#3969=ADVANCED_FACE('',(#684),#3809,.F.);
#3970=ADVANCED_FACE('',(#685),#125,.F.);
#3971=ADVANCED_FACE('',(#686),#3810,.F.);
#3972=ADVANCED_FACE('',(#687),#126,.F.);
#3973=ADVANCED_FACE('',(#688),#3811,.F.);
#3974=ADVANCED_FACE('',(#689),#127,.F.);
#3975=ADVANCED_FACE('',(#690),#3812,.F.);
#3976=ADVANCED_FACE('',(#691),#128,.F.);
#3977=ADVANCED_FACE('',(#692),#3813,.F.);
#3978=ADVANCED_FACE('',(#693),#129,.F.);
#3979=ADVANCED_FACE('',(#694),#3814,.F.);
#3980=ADVANCED_FACE('',(#695),#130,.F.);
#3981=ADVANCED_FACE('',(#696),#3815,.F.);
#3982=ADVANCED_FACE('',(#697),#131,.F.);
#3983=ADVANCED_FACE('',(#698),#3816,.T.);
#3984=ADVANCED_FACE('',(#699),#3817,.T.);
#3985=ADVANCED_FACE('',(#700),#3818,.T.);
#3986=ADVANCED_FACE('',(#701),#3819,.T.);
#3987=ADVANCED_FACE('',(#702),#132,.T.);
#3988=ADVANCED_FACE('',(#703),#3820,.T.);
#3989=ADVANCED_FACE('',(#704),#133,.T.);
#3990=ADVANCED_FACE('',(#705),#3821,.T.);
#3991=ADVANCED_FACE('',(#706,#310,#311,#312,#313,#314,#315,#316,#317,#318,
#319,#320,#321,#322,#323),#3822,.F.);
#3992=ADVANCED_FACE('',(#707),#134,.T.);
#3993=ADVANCED_FACE('',(#708),#3823,.T.);
#3994=ADVANCED_FACE('',(#709),#135,.T.);
#3995=ADVANCED_FACE('',(#710),#136,.F.);
#3996=ADVANCED_FACE('',(#711),#3824,.F.);
#3997=ADVANCED_FACE('',(#712),#137,.F.);
#3998=ADVANCED_FACE('',(#713),#3825,.F.);
#3999=ADVANCED_FACE('',(#714),#138,.F.);
#4000=ADVANCED_FACE('',(#715),#3826,.F.);
#4001=ADVANCED_FACE('',(#716),#139,.F.);
#4002=ADVANCED_FACE('',(#717),#3827,.F.);
#4003=ADVANCED_FACE('',(#718),#140,.F.);
#4004=ADVANCED_FACE('',(#719),#3828,.F.);
#4005=ADVANCED_FACE('',(#720),#141,.F.);
#4006=ADVANCED_FACE('',(#721),#3829,.F.);
#4007=ADVANCED_FACE('',(#722),#142,.F.);
#4008=ADVANCED_FACE('',(#723),#3830,.F.);
#4009=ADVANCED_FACE('',(#724),#143,.F.);
#4010=ADVANCED_FACE('',(#725),#3831,.F.);
#4011=ADVANCED_FACE('',(#726),#144,.F.);
#4012=ADVANCED_FACE('',(#727),#3832,.F.);
#4013=ADVANCED_FACE('',(#728),#145,.F.);
#4014=ADVANCED_FACE('',(#729),#3833,.F.);
#4015=ADVANCED_FACE('',(#730),#146,.F.);
#4016=ADVANCED_FACE('',(#731),#3834,.F.);
#4017=ADVANCED_FACE('',(#732),#147,.F.);
#4018=ADVANCED_FACE('',(#733),#3835,.F.);
#4019=ADVANCED_FACE('',(#734),#148,.F.);
#4020=ADVANCED_FACE('',(#735),#3836,.F.);
#4021=ADVANCED_FACE('',(#736),#149,.F.);
#4022=ADVANCED_FACE('',(#737),#3837,.F.);
#4023=ADVANCED_FACE('',(#738),#150,.F.);
#4024=ADVANCED_FACE('',(#739),#3838,.F.);
#4025=ADVANCED_FACE('',(#740),#151,.F.);
#4026=ADVANCED_FACE('',(#741),#3839,.F.);
#4027=ADVANCED_FACE('',(#742),#152,.F.);
#4028=ADVANCED_FACE('',(#743),#3840,.F.);
#4029=ADVANCED_FACE('',(#744),#153,.F.);
#4030=ADVANCED_FACE('',(#745),#3841,.F.);
#4031=ADVANCED_FACE('',(#746),#3842,.T.);
#4032=ADVANCED_FACE('',(#747),#3843,.T.);
#4033=ADVANCED_FACE('',(#748),#154,.F.);
#4034=ADVANCED_FACE('',(#749),#155,.F.);
#4035=ADVANCED_FACE('',(#750),#156,.F.);
#4036=ADVANCED_FACE('',(#751),#157,.F.);
#4037=ADVANCED_FACE('',(#752),#3844,.T.);
#4038=ADVANCED_FACE('',(#753),#3845,.T.);
#4039=ADVANCED_FACE('',(#754),#3846,.T.);
#4040=CLOSED_SHELL('',(#3847,#3848,#3849,#3850,#3851,#3852,#3853,#3854,
#3855,#3856,#3857,#3858,#3859,#3860,#3861,#3862,#3863,#3864,#3865,#3866,
#3867,#3868,#3869,#3870,#3871,#3872,#3873,#3874,#3875,#3876,#3877,#3878,
#3879,#3880,#3881,#3882,#3883,#3884,#3885,#3886,#3887,#3888,#3889,#3890,
#3891,#3892,#3893,#3894,#3895,#3896,#3897,#3898,#3899,#3900,#3901,#3902,
#3903,#3904,#3905,#3906,#3907,#3908,#3909,#3910,#3911,#3912,#3913,#3914,
#3915));
#4041=CLOSED_SHELL('',(#3916,#3917,#3918,#3919,#3920,#3921,#3922,#3923,
#3924,#3925,#3926,#3927,#3928,#3929,#3930,#3931,#3932,#3933,#3934,#3935,
#3936,#3937,#3938,#3939,#3940,#3941,#3942,#3943,#3944,#3945));
#4042=CLOSED_SHELL('',(#3946,#3947,#3948,#3949,#3950,#3951,#3952,#3953,
#3954,#3955,#3956,#3957,#3958,#3959,#3960,#3961,#3962,#3963,#3964,#3965,
#3966,#3967,#3968,#3969,#3970,#3971,#3972,#3973,#3974,#3975,#3976,#3977,
#3978,#3979,#3980,#3981,#3982,#3983,#3984,#3985,#3986,#3987,#3988,#3989,
#3990,#3991,#3992,#3993,#3994,#3995,#3996,#3997,#3998,#3999,#4000,#4001,
#4002,#4003,#4004,#4005,#4006,#4007,#4008,#4009,#4010,#4011,#4012,#4013,
#4014,#4015,#4016,#4017,#4018,#4019,#4020,#4021,#4022,#4023,#4024,#4025,
#4026,#4027,#4028,#4029,#4030,#4031,#4032,#4033,#4034,#4035,#4036,#4037,
#4038,#4039));
#4043=DERIVED_UNIT_ELEMENT(#4049,1.);
#4044=DERIVED_UNIT_ELEMENT(#6850,-3.);
#4045=DERIVED_UNIT_ELEMENT(#4049,1.);
#4046=DERIVED_UNIT_ELEMENT(#6850,-3.);
#4047=DERIVED_UNIT_ELEMENT(#4049,1.);
#4048=DERIVED_UNIT_ELEMENT(#6850,-3.);
#4049=(
MASS_UNIT()
NAMED_UNIT(*)
SI_UNIT(.KILO.,.GRAM.)
);
#4050=DERIVED_UNIT((#4043,#4044));
#4051=DERIVED_UNIT((#4045,#4046));
#4052=DERIVED_UNIT((#4047,#4048));
#4053=MEASURE_REPRESENTATION_ITEM('density measure',
POSITIVE_RATIO_MEASURE(7850.),#4050);
#4054=MEASURE_REPRESENTATION_ITEM('density measure',
POSITIVE_RATIO_MEASURE(7850.),#4051);
#4055=MEASURE_REPRESENTATION_ITEM('density measure',
POSITIVE_RATIO_MEASURE(7850.),#4052);
#4056=PROPERTY_DEFINITION_REPRESENTATION(#4071,#4062);
#4057=PROPERTY_DEFINITION_REPRESENTATION(#4072,#4063);
#4058=PROPERTY_DEFINITION_REPRESENTATION(#4073,#4064);
#4059=PROPERTY_DEFINITION_REPRESENTATION(#4074,#4065);
#4060=PROPERTY_DEFINITION_REPRESENTATION(#4075,#4066);
#4061=PROPERTY_DEFINITION_REPRESENTATION(#4076,#4067);
#4062=REPRESENTATION('material name',(#4068),#6844);
#4063=REPRESENTATION('density',(#4053),#6844);
#4064=REPRESENTATION('material name',(#4069),#6846);
#4065=REPRESENTATION('density',(#4054),#6846);
#4066=REPRESENTATION('material name',(#4070),#6847);
#4067=REPRESENTATION('density',(#4055),#6847);
#4068=DESCRIPTIVE_REPRESENTATION_ITEM('Acciaio','Acciaio');
#4069=DESCRIPTIVE_REPRESENTATION_ITEM('Acciaio','Acciaio');
#4070=DESCRIPTIVE_REPRESENTATION_ITEM('Acciaio','Acciaio');
#4071=PROPERTY_DEFINITION('material property','material name',#6874);
#4072=PROPERTY_DEFINITION('material property','density of part',#6874);
#4073=PROPERTY_DEFINITION('material property','material name',#6876);
#4074=PROPERTY_DEFINITION('material property','density of part',#6876);
#4075=PROPERTY_DEFINITION('material property','material name',#6877);
#4076=PROPERTY_DEFINITION('material property','density of part',#6877);
#4077=AXIS2_PLACEMENT_3D('',#5712,#4517,#4518);
#4078=AXIS2_PLACEMENT_3D('',#5713,#4519,#4520);
#4079=AXIS2_PLACEMENT_3D('',#5714,#4521,#4522);
#4080=AXIS2_PLACEMENT_3D('',#5723,#4527,#4528);
#4081=AXIS2_PLACEMENT_3D('',#5729,#4532,#4533);
#4082=AXIS2_PLACEMENT_3D('',#5735,#4537,#4538);
#4083=AXIS2_PLACEMENT_3D('',#5738,#4540,#4541);
#4084=AXIS2_PLACEMENT_3D('',#5740,#4542,#4543);
#4085=AXIS2_PLACEMENT_3D('',#5742,#4544,#4545);
#4086=AXIS2_PLACEMENT_3D('',#5744,#4546,#4547);
#4087=AXIS2_PLACEMENT_3D('',#5746,#4548,#4549);
#4088=AXIS2_PLACEMENT_3D('',#5748,#4550,#4551);
#4089=AXIS2_PLACEMENT_3D('',#5750,#4552,#4553);
#4090=AXIS2_PLACEMENT_3D('',#5752,#4554,#4555);
#4091=AXIS2_PLACEMENT_3D('',#5754,#4556,#4557);
#4092=AXIS2_PLACEMENT_3D('',#5756,#4558,#4559);
#4093=AXIS2_PLACEMENT_3D('',#5758,#4560,#4561);
#4094=AXIS2_PLACEMENT_3D('',#5760,#4562,#4563);
#4095=AXIS2_PLACEMENT_3D('',#5762,#4564,#4565);
#4096=AXIS2_PLACEMENT_3D('',#5764,#4566,#4567);
#4097=AXIS2_PLACEMENT_3D('',#5766,#4568,#4569);
#4098=AXIS2_PLACEMENT_3D('',#5768,#4570,#4571);
#4099=AXIS2_PLACEMENT_3D('',#5770,#4572,#4573);
#4100=AXIS2_PLACEMENT_3D('',#5772,#4574,#4575);
#4101=AXIS2_PLACEMENT_3D('',#5774,#4576,#4577);
#4102=AXIS2_PLACEMENT_3D('',#5776,#4578,#4579);
#4103=AXIS2_PLACEMENT_3D('',#5778,#4580,#4581);
#4104=AXIS2_PLACEMENT_3D('',#5780,#4582,#4583);
#4105=AXIS2_PLACEMENT_3D('',#5782,#4584,#4585);
#4106=AXIS2_PLACEMENT_3D('',#5784,#4586,#4587);
#4107=AXIS2_PLACEMENT_3D('',#5786,#4588,#4589);
#4108=AXIS2_PLACEMENT_3D('',#5788,#4590,#4591);
#4109=AXIS2_PLACEMENT_3D('',#5790,#4592,#4593);
#4110=AXIS2_PLACEMENT_3D('',#5792,#4594,#4595);
#4111=AXIS2_PLACEMENT_3D('',#5794,#4596,#4597);
#4112=AXIS2_PLACEMENT_3D('',#5796,#4598,#4599);
#4113=AXIS2_PLACEMENT_3D('',#5798,#4600,#4601);
#4114=AXIS2_PLACEMENT_3D('',#5800,#4602,#4603);
#4115=AXIS2_PLACEMENT_3D('',#5802,#4604,#4605);
#4116=AXIS2_PLACEMENT_3D('',#5804,#4606,#4607);
#4117=AXIS2_PLACEMENT_3D('',#5806,#4608,#4609);
#4118=AXIS2_PLACEMENT_3D('',#5808,#4610,#4611);
#4119=AXIS2_PLACEMENT_3D('',#5810,#4612,#4613);
#4120=AXIS2_PLACEMENT_3D('',#5812,#4614,#4615);
#4121=AXIS2_PLACEMENT_3D('',#5814,#4616,#4617);
#4122=AXIS2_PLACEMENT_3D('',#5816,#4618,#4619);
#4123=AXIS2_PLACEMENT_3D('',#5818,#4620,#4621);
#4124=AXIS2_PLACEMENT_3D('',#5820,#4622,#4623);
#4125=AXIS2_PLACEMENT_3D('',#5822,#4624,#4625);
#4126=AXIS2_PLACEMENT_3D('',#5824,#4626,#4627);
#4127=AXIS2_PLACEMENT_3D('',#5826,#4628,#4629);
#4128=AXIS2_PLACEMENT_3D('',#5828,#4630,#4631);
#4129=AXIS2_PLACEMENT_3D('',#5830,#4632,#4633);
#4130=AXIS2_PLACEMENT_3D('',#5832,#4634,#4635);
#4131=AXIS2_PLACEMENT_3D('',#5834,#4636,#4637);
#4132=AXIS2_PLACEMENT_3D('',#5836,#4638,#4639);
#4133=AXIS2_PLACEMENT_3D('',#5838,#4640,#4641);
#4134=AXIS2_PLACEMENT_3D('',#5840,#4642,#4643);
#4135=AXIS2_PLACEMENT_3D('',#5842,#4644,#4645);
#4136=AXIS2_PLACEMENT_3D('',#5844,#4646,#4647);
#4137=AXIS2_PLACEMENT_3D('',#5846,#4648,#4649);
#4138=AXIS2_PLACEMENT_3D('',#5848,#4650,#4651);
#4139=AXIS2_PLACEMENT_3D('',#5850,#4652,#4653);
#4140=AXIS2_PLACEMENT_3D('',#5852,#4654,#4655);
#4141=AXIS2_PLACEMENT_3D('',#5854,#4656,#4657);
#4142=AXIS2_PLACEMENT_3D('',#5856,#4658,#4659);
#4143=AXIS2_PLACEMENT_3D('',#5858,#4660,#4661);
#4144=AXIS2_PLACEMENT_3D('',#5860,#4662,#4663);
#4145=AXIS2_PLACEMENT_3D('',#5862,#4664,#4665);
#4146=AXIS2_PLACEMENT_3D('',#5863,#4666,#4667);
#4147=AXIS2_PLACEMENT_3D('',#5866,#4669,#4670);
#4148=AXIS2_PLACEMENT_3D('',#5868,#4671,#4672);
#4149=AXIS2_PLACEMENT_3D('',#5870,#4673,#4674);
#4150=AXIS2_PLACEMENT_3D('',#5872,#4675,#4676);
#4151=AXIS2_PLACEMENT_3D('',#5874,#4677,#4678);
#4152=AXIS2_PLACEMENT_3D('',#5876,#4679,#4680);
#4153=AXIS2_PLACEMENT_3D('',#5878,#4681,#4682);
#4154=AXIS2_PLACEMENT_3D('',#5880,#4683,#4684);
#4155=AXIS2_PLACEMENT_3D('',#5882,#4685,#4686);
#4156=AXIS2_PLACEMENT_3D('',#5884,#4687,#4688);
#4157=AXIS2_PLACEMENT_3D('',#5886,#4689,#4690);
#4158=AXIS2_PLACEMENT_3D('',#5888,#4691,#4692);
#4159=AXIS2_PLACEMENT_3D('',#5890,#4693,#4694);
#4160=AXIS2_PLACEMENT_3D('',#5892,#4695,#4696);
#4161=AXIS2_PLACEMENT_3D('',#5894,#4697,#4698);
#4162=AXIS2_PLACEMENT_3D('',#5896,#4699,#4700);
#4163=AXIS2_PLACEMENT_3D('',#5898,#4701,#4702);
#4164=AXIS2_PLACEMENT_3D('',#5900,#4703,#4704);
#4165=AXIS2_PLACEMENT_3D('',#5902,#4705,#4706);
#4166=AXIS2_PLACEMENT_3D('',#5904,#4707,#4708);
#4167=AXIS2_PLACEMENT_3D('',#5906,#4709,#4710);
#4168=AXIS2_PLACEMENT_3D('',#5908,#4711,#4712);
#4169=AXIS2_PLACEMENT_3D('',#5910,#4713,#4714);
#4170=AXIS2_PLACEMENT_3D('',#5912,#4715,#4716);
#4171=AXIS2_PLACEMENT_3D('',#5914,#4717,#4718);
#4172=AXIS2_PLACEMENT_3D('',#5916,#4719,#4720);
#4173=AXIS2_PLACEMENT_3D('',#5918,#4721,#4722);
#4174=AXIS2_PLACEMENT_3D('',#5920,#4723,#4724);
#4175=AXIS2_PLACEMENT_3D('',#5922,#4725,#4726);
#4176=AXIS2_PLACEMENT_3D('',#5924,#4727,#4728);
#4177=AXIS2_PLACEMENT_3D('',#5926,#4729,#4730);
#4178=AXIS2_PLACEMENT_3D('',#5928,#4731,#4732);
#4179=AXIS2_PLACEMENT_3D('',#5930,#4733,#4734);
#4180=AXIS2_PLACEMENT_3D('',#5932,#4735,#4736);
#4181=AXIS2_PLACEMENT_3D('',#5934,#4737,#4738);
#4182=AXIS2_PLACEMENT_3D('',#5936,#4739,#4740);
#4183=AXIS2_PLACEMENT_3D('',#5938,#4741,#4742);
#4184=AXIS2_PLACEMENT_3D('',#5940,#4743,#4744);
#4185=AXIS2_PLACEMENT_3D('',#5942,#4745,#4746);
#4186=AXIS2_PLACEMENT_3D('',#5944,#4747,#4748);
#4187=AXIS2_PLACEMENT_3D('',#5946,#4749,#4750);
#4188=AXIS2_PLACEMENT_3D('',#5948,#4751,#4752);
#4189=AXIS2_PLACEMENT_3D('',#5950,#4753,#4754);
#4190=AXIS2_PLACEMENT_3D('',#5952,#4755,#4756);
#4191=AXIS2_PLACEMENT_3D('',#5954,#4757,#4758);
#4192=AXIS2_PLACEMENT_3D('',#5956,#4759,#4760);
#4193=AXIS2_PLACEMENT_3D('',#5958,#4761,#4762);
#4194=AXIS2_PLACEMENT_3D('',#5960,#4763,#4764);
#4195=AXIS2_PLACEMENT_3D('',#5962,#4765,#4766);
#4196=AXIS2_PLACEMENT_3D('',#5964,#4767,#4768);
#4197=AXIS2_PLACEMENT_3D('',#5966,#4769,#4770);
#4198=AXIS2_PLACEMENT_3D('',#5968,#4771,#4772);
#4199=AXIS2_PLACEMENT_3D('',#5970,#4773,#4774);
#4200=AXIS2_PLACEMENT_3D('',#5972,#4775,#4776);
#4201=AXIS2_PLACEMENT_3D('',#5974,#4777,#4778);
#4202=AXIS2_PLACEMENT_3D('',#5976,#4779,#4780);
#4203=AXIS2_PLACEMENT_3D('',#5978,#4781,#4782);
#4204=AXIS2_PLACEMENT_3D('',#5980,#4783,#4784);
#4205=AXIS2_PLACEMENT_3D('',#5982,#4785,#4786);
#4206=AXIS2_PLACEMENT_3D('',#5984,#4787,#4788);
#4207=AXIS2_PLACEMENT_3D('',#5986,#4789,#4790);
#4208=AXIS2_PLACEMENT_3D('',#5988,#4791,#4792);
#4209=AXIS2_PLACEMENT_3D('',#5990,#4793,#4794);
#4210=AXIS2_PLACEMENT_3D('',#5991,#4795,#4796);
#4211=AXIS2_PLACEMENT_3D('',#5992,#4797,#4798);
#4212=AXIS2_PLACEMENT_3D('',#5994,#4800,#4801);
#4213=AXIS2_PLACEMENT_3D('',#5996,#4803,#4804);
#4214=AXIS2_PLACEMENT_3D('',#5998,#4806,#4807);
#4215=AXIS2_PLACEMENT_3D('',#6000,#4809,#4810);
#4216=AXIS2_PLACEMENT_3D('',#6002,#4812,#4813);
#4217=AXIS2_PLACEMENT_3D('',#6004,#4815,#4816);
#4218=AXIS2_PLACEMENT_3D('',#6006,#4818,#4819);
#4219=AXIS2_PLACEMENT_3D('',#6008,#4821,#4822);
#4220=AXIS2_PLACEMENT_3D('',#6010,#4824,#4825);
#4221=AXIS2_PLACEMENT_3D('',#6012,#4827,#4828);
#4222=AXIS2_PLACEMENT_3D('',#6014,#4830,#4831);
#4223=AXIS2_PLACEMENT_3D('',#6016,#4833,#4834);
#4224=AXIS2_PLACEMENT_3D('',#6018,#4836,#4837);
#4225=AXIS2_PLACEMENT_3D('',#6020,#4839,#4840);
#4226=AXIS2_PLACEMENT_3D('',#6022,#4842,#4843);
#4227=AXIS2_PLACEMENT_3D('',#6024,#4845,#4846);
#4228=AXIS2_PLACEMENT_3D('',#6026,#4848,#4849);
#4229=AXIS2_PLACEMENT_3D('',#6028,#4851,#4852);
#4230=AXIS2_PLACEMENT_3D('',#6030,#4854,#4855);
#4231=AXIS2_PLACEMENT_3D('',#6032,#4857,#4858);
#4232=AXIS2_PLACEMENT_3D('',#6034,#4860,#4861);
#4233=AXIS2_PLACEMENT_3D('',#6036,#4863,#4864);
#4234=AXIS2_PLACEMENT_3D('',#6038,#4866,#4867);
#4235=AXIS2_PLACEMENT_3D('',#6040,#4869,#4870);
#4236=AXIS2_PLACEMENT_3D('',#6042,#4872,#4873);
#4237=AXIS2_PLACEMENT_3D('',#6044,#4875,#4876);
#4238=AXIS2_PLACEMENT_3D('',#6046,#4878,#4879);
#4239=AXIS2_PLACEMENT_3D('',#6048,#4881,#4882);
#4240=AXIS2_PLACEMENT_3D('',#6050,#4884,#4885);
#4241=AXIS2_PLACEMENT_3D('',#6052,#4887,#4888);
#4242=AXIS2_PLACEMENT_3D('',#6054,#4890,#4891);
#4243=AXIS2_PLACEMENT_3D('',#6056,#4893,#4894);
#4244=AXIS2_PLACEMENT_3D('',#6058,#4896,#4897);
#4245=AXIS2_PLACEMENT_3D('',#6060,#4899,#4900);
#4246=AXIS2_PLACEMENT_3D('',#6062,#4902,#4903);
#4247=AXIS2_PLACEMENT_3D('',#6064,#4905,#4906);
#4248=AXIS2_PLACEMENT_3D('',#6066,#4908,#4909);
#4249=AXIS2_PLACEMENT_3D('',#6068,#4911,#4912);
#4250=AXIS2_PLACEMENT_3D('',#6070,#4914,#4915);
#4251=AXIS2_PLACEMENT_3D('',#6072,#4917,#4918);
#4252=AXIS2_PLACEMENT_3D('',#6074,#4920,#4921);
#4253=AXIS2_PLACEMENT_3D('',#6076,#4923,#4924);
#4254=AXIS2_PLACEMENT_3D('',#6078,#4926,#4927);
#4255=AXIS2_PLACEMENT_3D('',#6080,#4929,#4930);
#4256=AXIS2_PLACEMENT_3D('',#6082,#4932,#4933);
#4257=AXIS2_PLACEMENT_3D('',#6084,#4935,#4936);
#4258=AXIS2_PLACEMENT_3D('',#6086,#4938,#4939);
#4259=AXIS2_PLACEMENT_3D('',#6088,#4941,#4942);
#4260=AXIS2_PLACEMENT_3D('',#6090,#4944,#4945);
#4261=AXIS2_PLACEMENT_3D('',#6092,#4947,#4948);
#4262=AXIS2_PLACEMENT_3D('',#6094,#4950,#4951);
#4263=AXIS2_PLACEMENT_3D('',#6096,#4953,#4954);
#4264=AXIS2_PLACEMENT_3D('',#6098,#4956,#4957);
#4265=AXIS2_PLACEMENT_3D('',#6100,#4959,#4960);
#4266=AXIS2_PLACEMENT_3D('',#6102,#4962,#4963);
#4267=AXIS2_PLACEMENT_3D('',#6104,#4965,#4966);
#4268=AXIS2_PLACEMENT_3D('',#6106,#4968,#4969);
#4269=AXIS2_PLACEMENT_3D('',#6108,#4971,#4972);
#4270=AXIS2_PLACEMENT_3D('',#6110,#4974,#4975);
#4271=AXIS2_PLACEMENT_3D('',#6112,#4977,#4978);
#4272=AXIS2_PLACEMENT_3D('',#6114,#4980,#4981);
#4273=AXIS2_PLACEMENT_3D('',#6116,#4983,#4984);
#4274=AXIS2_PLACEMENT_3D('',#6118,#4986,#4987);
#4275=AXIS2_PLACEMENT_3D('',#6119,#4988,#4989);
#4276=AXIS2_PLACEMENT_3D('',#6120,#4990,#4991);
#4277=AXIS2_PLACEMENT_3D('',#6129,#4996,#4997);
#4278=AXIS2_PLACEMENT_3D('',#6132,#4998,#4999);
#4279=AXIS2_PLACEMENT_3D('',#6136,#5001,#5002);
#4280=AXIS2_PLACEMENT_3D('',#6140,#5004,#5005);
#4281=AXIS2_PLACEMENT_3D('',#6144,#5007,#5008);
#4282=AXIS2_PLACEMENT_3D('',#6147,#5010,#5011);
#4283=AXIS2_PLACEMENT_3D('',#6149,#5012,#5013);
#4284=AXIS2_PLACEMENT_3D('',#6151,#5014,#5015);
#4285=AXIS2_PLACEMENT_3D('',#6153,#5016,#5017);
#4286=AXIS2_PLACEMENT_3D('',#6154,#5018,#5019);
#4287=AXIS2_PLACEMENT_3D('',#6157,#5020,#5021);
#4288=AXIS2_PLACEMENT_3D('',#6160,#5024,#5025);
#4289=AXIS2_PLACEMENT_3D('',#6168,#5030,#5031);
#4290=AXIS2_PLACEMENT_3D('',#6172,#5033,#5034);
#4291=AXIS2_PLACEMENT_3D('',#6192,#5044,#5045);
#4292=AXIS2_PLACEMENT_3D('',#6195,#5047,#5048);
#4293=AXIS2_PLACEMENT_3D('',#6197,#5049,#5050);
#4294=AXIS2_PLACEMENT_3D('',#6199,#5051,#5052);
#4295=AXIS2_PLACEMENT_3D('',#6201,#5053,#5054);
#4296=AXIS2_PLACEMENT_3D('',#6203,#5055,#5056);
#4297=AXIS2_PLACEMENT_3D('',#6204,#5057,#5058);
#4298=AXIS2_PLACEMENT_3D('',#6210,#5062,#5063);
#4299=AXIS2_PLACEMENT_3D('',#6212,#5065,#5066);
#4300=AXIS2_PLACEMENT_3D('',#6214,#5068,#5069);
#4301=AXIS2_PLACEMENT_3D('',#6221,#5074,#5075);
#4302=AXIS2_PLACEMENT_3D('',#6223,#5077,#5078);
#4303=AXIS2_PLACEMENT_3D('',#6224,#5079,#5080);
#4304=AXIS2_PLACEMENT_3D('',#6228,#5083,#5084);
#4305=AXIS2_PLACEMENT_3D('',#6232,#5087,#5088);
#4306=AXIS2_PLACEMENT_3D('',#6234,#5090,#5091);
#4307=AXIS2_PLACEMENT_3D('',#6237,#5094,#5095);
#4308=AXIS2_PLACEMENT_3D('',#6240,#5097,#5098);
#4309=AXIS2_PLACEMENT_3D('',#6241,#5099,#5100);
#4310=AXIS2_PLACEMENT_3D('',#6244,#5102,#5103);
#4311=AXIS2_PLACEMENT_3D('',#6245,#5104,#5105);
#4312=AXIS2_PLACEMENT_3D('',#6248,#5107,#5108);
#4313=AXIS2_PLACEMENT_3D('',#6249,#5109,#5110);
#4314=AXIS2_PLACEMENT_3D('',#6252,#5112,#5113);
#4315=AXIS2_PLACEMENT_3D('',#6253,#5114,#5115);
#4316=AXIS2_PLACEMENT_3D('',#6256,#5118,#5119);
#4317=AXIS2_PLACEMENT_3D('',#6257,#5120,#5121);
#4318=AXIS2_PLACEMENT_3D('',#6258,#5122,#5123);
#4319=AXIS2_PLACEMENT_3D('',#6260,#5124,#5125);
#4320=AXIS2_PLACEMENT_3D('',#6262,#5127,#5128);
#4321=AXIS2_PLACEMENT_3D('',#6263,#5129,#5130);
#4322=AXIS2_PLACEMENT_3D('',#6265,#5131,#5132);
#4323=AXIS2_PLACEMENT_3D('',#6267,#5134,#5135);
#4324=AXIS2_PLACEMENT_3D('',#6268,#5136,#5137);
#4325=AXIS2_PLACEMENT_3D('',#6270,#5138,#5139);
#4326=AXIS2_PLACEMENT_3D('',#6272,#5141,#5142);
#4327=AXIS2_PLACEMENT_3D('',#6273,#5143,#5144);
#4328=AXIS2_PLACEMENT_3D('',#6275,#5145,#5146);
#4329=AXIS2_PLACEMENT_3D('',#6277,#5148,#5149);
#4330=AXIS2_PLACEMENT_3D('',#6278,#5150,#5151);
#4331=AXIS2_PLACEMENT_3D('',#6279,#5152,#5153);
#4332=AXIS2_PLACEMENT_3D('',#6280,#5154,#5155);
#4333=AXIS2_PLACEMENT_3D('',#6283,#5156,#5157);
#4334=AXIS2_PLACEMENT_3D('',#6287,#5159,#5160);
#4335=AXIS2_PLACEMENT_3D('',#6291,#5162,#5163);
#4336=AXIS2_PLACEMENT_3D('',#6303,#5169,#5170);
#4337=AXIS2_PLACEMENT_3D('',#6309,#5173,#5174);
#4338=AXIS2_PLACEMENT_3D('',#6313,#5176,#5177);
#4339=AXIS2_PLACEMENT_3D('',#6317,#5179,#5180);
#4340=AXIS2_PLACEMENT_3D('',#6320,#5182,#5183);
#4341=AXIS2_PLACEMENT_3D('',#6325,#5185,#5186);
#4342=AXIS2_PLACEMENT_3D('',#6329,#5188,#5189);
#4343=AXIS2_PLACEMENT_3D('',#6333,#5191,#5192);
#4344=AXIS2_PLACEMENT_3D('',#6336,#5194,#5195);
#4345=AXIS2_PLACEMENT_3D('',#6341,#5197,#5198);
#4346=AXIS2_PLACEMENT_3D('',#6345,#5200,#5201);
#4347=AXIS2_PLACEMENT_3D('',#6349,#5203,#5204);
#4348=AXIS2_PLACEMENT_3D('',#6352,#5206,#5207);
#4349=AXIS2_PLACEMENT_3D('',#6357,#5209,#5210);
#4350=AXIS2_PLACEMENT_3D('',#6361,#5212,#5213);
#4351=AXIS2_PLACEMENT_3D('',#6365,#5215,#5216);
#4352=AXIS2_PLACEMENT_3D('',#6368,#5218,#5219);
#4353=AXIS2_PLACEMENT_3D('',#6373,#5221,#5222);
#4354=AXIS2_PLACEMENT_3D('',#6377,#5224,#5225);
#4355=AXIS2_PLACEMENT_3D('',#6381,#5227,#5228);
#4356=AXIS2_PLACEMENT_3D('',#6384,#5230,#5231);
#4357=AXIS2_PLACEMENT_3D('',#6389,#5233,#5234);
#4358=AXIS2_PLACEMENT_3D('',#6393,#5236,#5237);
#4359=AXIS2_PLACEMENT_3D('',#6397,#5239,#5240);
#4360=AXIS2_PLACEMENT_3D('',#6400,#5242,#5243);
#4361=AXIS2_PLACEMENT_3D('',#6405,#5245,#5246);
#4362=AXIS2_PLACEMENT_3D('',#6409,#5248,#5249);
#4363=AXIS2_PLACEMENT_3D('',#6413,#5251,#5252);
#4364=AXIS2_PLACEMENT_3D('',#6416,#5254,#5255);
#4365=AXIS2_PLACEMENT_3D('',#6421,#5257,#5258);
#4366=AXIS2_PLACEMENT_3D('',#6425,#5260,#5261);
#4367=AXIS2_PLACEMENT_3D('',#6429,#5263,#5264);
#4368=AXIS2_PLACEMENT_3D('',#6432,#5266,#5267);
#4369=AXIS2_PLACEMENT_3D('',#6437,#5269,#5270);
#4370=AXIS2_PLACEMENT_3D('',#6441,#5272,#5273);
#4371=AXIS2_PLACEMENT_3D('',#6445,#5275,#5276);
#4372=AXIS2_PLACEMENT_3D('',#6448,#5278,#5279);
#4373=AXIS2_PLACEMENT_3D('',#6450,#5280,#5281);
#4374=AXIS2_PLACEMENT_3D('',#6452,#5282,#5283);
#4375=AXIS2_PLACEMENT_3D('',#6454,#5284,#5285);
#4376=AXIS2_PLACEMENT_3D('',#6456,#5286,#5287);
#4377=AXIS2_PLACEMENT_3D('',#6465,#5292,#5293);
#4378=AXIS2_PLACEMENT_3D('',#6471,#5297,#5298);
#4379=AXIS2_PLACEMENT_3D('',#6474,#5300,#5301);
#4380=AXIS2_PLACEMENT_3D('',#6475,#5302,#5303);
#4381=AXIS2_PLACEMENT_3D('',#6479,#5306,#5307);
#4382=AXIS2_PLACEMENT_3D('',#6482,#5309,#5310);
#4383=AXIS2_PLACEMENT_3D('',#6483,#5311,#5312);
#4384=AXIS2_PLACEMENT_3D('',#6489,#5316,#5317);
#4385=AXIS2_PLACEMENT_3D('',#6492,#5319,#5320);
#4386=AXIS2_PLACEMENT_3D('',#6493,#5321,#5322);
#4387=AXIS2_PLACEMENT_3D('',#6497,#5325,#5326);
#4388=AXIS2_PLACEMENT_3D('',#6500,#5328,#5329);
#4389=AXIS2_PLACEMENT_3D('',#6501,#5330,#5331);
#4390=AXIS2_PLACEMENT_3D('',#6507,#5335,#5336);
#4391=AXIS2_PLACEMENT_3D('',#6510,#5338,#5339);
#4392=AXIS2_PLACEMENT_3D('',#6511,#5340,#5341);
#4393=AXIS2_PLACEMENT_3D('',#6515,#5344,#5345);
#4394=AXIS2_PLACEMENT_3D('',#6518,#5347,#5348);
#4395=AXIS2_PLACEMENT_3D('',#6519,#5349,#5350);
#4396=AXIS2_PLACEMENT_3D('',#6525,#5354,#5355);
#4397=AXIS2_PLACEMENT_3D('',#6528,#5357,#5358);
#4398=AXIS2_PLACEMENT_3D('',#6529,#5359,#5360);
#4399=AXIS2_PLACEMENT_3D('',#6533,#5363,#5364);
#4400=AXIS2_PLACEMENT_3D('',#6536,#5366,#5367);
#4401=AXIS2_PLACEMENT_3D('',#6537,#5368,#5369);
#4402=AXIS2_PLACEMENT_3D('',#6543,#5373,#5374);
#4403=AXIS2_PLACEMENT_3D('',#6546,#5376,#5377);
#4404=AXIS2_PLACEMENT_3D('',#6547,#5378,#5379);
#4405=AXIS2_PLACEMENT_3D('',#6551,#5382,#5383);
#4406=AXIS2_PLACEMENT_3D('',#6554,#5385,#5386);
#4407=AXIS2_PLACEMENT_3D('',#6555,#5387,#5388);
#4408=AXIS2_PLACEMENT_3D('',#6561,#5392,#5393);
#4409=AXIS2_PLACEMENT_3D('',#6564,#5395,#5396);
#4410=AXIS2_PLACEMENT_3D('',#6565,#5397,#5398);
#4411=AXIS2_PLACEMENT_3D('',#6569,#5401,#5402);
#4412=AXIS2_PLACEMENT_3D('',#6572,#5404,#5405);
#4413=AXIS2_PLACEMENT_3D('',#6573,#5406,#5407);
#4414=AXIS2_PLACEMENT_3D('',#6579,#5411,#5412);
#4415=AXIS2_PLACEMENT_3D('',#6582,#5414,#5415);
#4416=AXIS2_PLACEMENT_3D('',#6583,#5416,#5417);
#4417=AXIS2_PLACEMENT_3D('',#6587,#5420,#5421);
#4418=AXIS2_PLACEMENT_3D('',#6590,#5423,#5424);
#4419=AXIS2_PLACEMENT_3D('',#6591,#5425,#5426);
#4420=AXIS2_PLACEMENT_3D('',#6597,#5430,#5431);
#4421=AXIS2_PLACEMENT_3D('',#6600,#5433,#5434);
#4422=AXIS2_PLACEMENT_3D('',#6601,#5435,#5436);
#4423=AXIS2_PLACEMENT_3D('',#6605,#5439,#5440);
#4424=AXIS2_PLACEMENT_3D('',#6608,#5442,#5443);
#4425=AXIS2_PLACEMENT_3D('',#6609,#5444,#5445);
#4426=AXIS2_PLACEMENT_3D('',#6615,#5449,#5450);
#4427=AXIS2_PLACEMENT_3D('',#6618,#5452,#5453);
#4428=AXIS2_PLACEMENT_3D('',#6619,#5454,#5455);
#4429=AXIS2_PLACEMENT_3D('',#6623,#5458,#5459);
#4430=AXIS2_PLACEMENT_3D('',#6626,#5461,#5462);
#4431=AXIS2_PLACEMENT_3D('',#6627,#5463,#5464);
#4432=AXIS2_PLACEMENT_3D('',#6633,#5468,#5469);
#4433=AXIS2_PLACEMENT_3D('',#6637,#5472,#5473);
#4434=AXIS2_PLACEMENT_3D('',#6643,#5477,#5478);
#4435=AXIS2_PLACEMENT_3D('',#6647,#5481,#5482);
#4436=AXIS2_PLACEMENT_3D('',#6650,#5484,#5485);
#4437=AXIS2_PLACEMENT_3D('',#6651,#5486,#5487);
#4438=AXIS2_PLACEMENT_3D('',#6655,#5490,#5491);
#4439=AXIS2_PLACEMENT_3D('',#6658,#5493,#5494);
#4440=AXIS2_PLACEMENT_3D('',#6659,#5495,#5496);
#4441=AXIS2_PLACEMENT_3D('',#6663,#5499,#5500);
#4442=AXIS2_PLACEMENT_3D('',#6665,#5501,#5502);
#4443=AXIS2_PLACEMENT_3D('',#6669,#5504,#5505);
#4444=AXIS2_PLACEMENT_3D('',#6678,#5510,#5511);
#4445=AXIS2_PLACEMENT_3D('',#6681,#5513,#5514);
#4446=AXIS2_PLACEMENT_3D('',#6685,#5516,#5517);
#4447=AXIS2_PLACEMENT_3D('',#6688,#5519,#5520);
#4448=AXIS2_PLACEMENT_3D('',#6692,#5522,#5523);
#4449=AXIS2_PLACEMENT_3D('',#6695,#5525,#5526);
#4450=AXIS2_PLACEMENT_3D('',#6699,#5528,#5529);
#4451=AXIS2_PLACEMENT_3D('',#6702,#5531,#5532);
#4452=AXIS2_PLACEMENT_3D('',#6706,#5534,#5535);
#4453=AXIS2_PLACEMENT_3D('',#6709,#5537,#5538);
#4454=AXIS2_PLACEMENT_3D('',#6713,#5540,#5541);
#4455=AXIS2_PLACEMENT_3D('',#6716,#5543,#5544);
#4456=AXIS2_PLACEMENT_3D('',#6720,#5546,#5547);
#4457=AXIS2_PLACEMENT_3D('',#6723,#5549,#5550);
#4458=AXIS2_PLACEMENT_3D('',#6727,#5552,#5553);
#4459=AXIS2_PLACEMENT_3D('',#6730,#5555,#5556);
#4460=AXIS2_PLACEMENT_3D('',#6734,#5558,#5559);
#4461=AXIS2_PLACEMENT_3D('',#6737,#5561,#5562);
#4462=AXIS2_PLACEMENT_3D('',#6739,#5563,#5564);
#4463=AXIS2_PLACEMENT_3D('',#6741,#5565,#5566);
#4464=AXIS2_PLACEMENT_3D('',#6743,#5567,#5568);
#4465=AXIS2_PLACEMENT_3D('',#6745,#5569,#5570);
#4466=AXIS2_PLACEMENT_3D('',#6749,#5573,#5574);
#4467=AXIS2_PLACEMENT_3D('',#6751,#5576,#5577);
#4468=AXIS2_PLACEMENT_3D('',#6753,#5579,#5580);
#4469=AXIS2_PLACEMENT_3D('',#6755,#5582,#5583);
#4470=AXIS2_PLACEMENT_3D('',#6757,#5585,#5586);
#4471=AXIS2_PLACEMENT_3D('',#6759,#5588,#5589);
#4472=AXIS2_PLACEMENT_3D('',#6761,#5591,#5592);
#4473=AXIS2_PLACEMENT_3D('',#6762,#5593,#5594);
#4474=AXIS2_PLACEMENT_3D('',#6764,#5596,#5597);
#4475=AXIS2_PLACEMENT_3D('',#6766,#5599,#5600);
#4476=AXIS2_PLACEMENT_3D('',#6768,#5602,#5603);
#4477=AXIS2_PLACEMENT_3D('',#6769,#5604,#5605);
#4478=AXIS2_PLACEMENT_3D('',#6771,#5607,#5608);
#4479=AXIS2_PLACEMENT_3D('',#6773,#5610,#5611);
#4480=AXIS2_PLACEMENT_3D('',#6775,#5613,#5614);
#4481=AXIS2_PLACEMENT_3D('',#6776,#5615,#5616);
#4482=AXIS2_PLACEMENT_3D('',#6778,#5618,#5619);
#4483=AXIS2_PLACEMENT_3D('',#6780,#5621,#5622);
#4484=AXIS2_PLACEMENT_3D('',#6782,#5624,#5625);
#4485=AXIS2_PLACEMENT_3D('',#6783,#5626,#5627);
#4486=AXIS2_PLACEMENT_3D('',#6785,#5629,#5630);
#4487=AXIS2_PLACEMENT_3D('',#6787,#5632,#5633);
#4488=AXIS2_PLACEMENT_3D('',#6789,#5635,#5636);
#4489=AXIS2_PLACEMENT_3D('',#6790,#5637,#5638);
#4490=AXIS2_PLACEMENT_3D('',#6792,#5640,#5641);
#4491=AXIS2_PLACEMENT_3D('',#6794,#5643,#5644);
#4492=AXIS2_PLACEMENT_3D('',#6796,#5646,#5647);
#4493=AXIS2_PLACEMENT_3D('',#6797,#5648,#5649);
#4494=AXIS2_PLACEMENT_3D('',#6799,#5651,#5652);
#4495=AXIS2_PLACEMENT_3D('',#6801,#5654,#5655);
#4496=AXIS2_PLACEMENT_3D('',#6803,#5657,#5658);
#4497=AXIS2_PLACEMENT_3D('',#6804,#5659,#5660);
#4498=AXIS2_PLACEMENT_3D('',#6806,#5662,#5663);
#4499=AXIS2_PLACEMENT_3D('',#6808,#5665,#5666);
#4500=AXIS2_PLACEMENT_3D('',#6810,#5668,#5669);
#4501=AXIS2_PLACEMENT_3D('',#6811,#5670,#5671);
#4502=AXIS2_PLACEMENT_3D('',#6813,#5673,#5674);
#4503=AXIS2_PLACEMENT_3D('',#6815,#5676,#5677);
#4504=AXIS2_PLACEMENT_3D('',#6817,#5679,#5680);
#4505=AXIS2_PLACEMENT_3D('',#6818,#5681,#5682);
#4506=AXIS2_PLACEMENT_3D('',#6820,#5684,#5685);
#4507=AXIS2_PLACEMENT_3D('',#6821,#5686,#5687);
#4508=AXIS2_PLACEMENT_3D('',#6823,#5689,#5690);
#4509=AXIS2_PLACEMENT_3D('',#6825,#5692,#5693);
#4510=AXIS2_PLACEMENT_3D('',#6827,#5695,#5696);
#4511=AXIS2_PLACEMENT_3D('',#6829,#5698,#5699);
#4512=AXIS2_PLACEMENT_3D('',#6832,#5702,#5703);
#4513=AXIS2_PLACEMENT_3D('',#6833,#5704,#5705);
#4514=AXIS2_PLACEMENT_3D('',#6834,#5706,#5707);
#4515=AXIS2_PLACEMENT_3D('',#6835,#5708,#5709);
#4516=AXIS2_PLACEMENT_3D('',#6836,#5710,#5711);
#4517=DIRECTION('axis',(0.,0.,1.));
#4518=DIRECTION('refdir',(1.,0.,0.));
#4519=DIRECTION('axis',(0.,0.,1.));
#4520=DIRECTION('refdir',(1.,0.,0.));
#4521=DIRECTION('center_axis',(0.,-1.,0.));
#4522=DIRECTION('ref_axis',(-1.,0.,0.));
#4523=DIRECTION('',(0.,0.,1.));
#4524=DIRECTION('',(-1.,0.,0.));
#4525=DIRECTION('',(0.,0.,1.));
#4526=DIRECTION('',(-1.,0.,0.));
#4527=DIRECTION('center_axis',(1.,0.,0.));
#4528=DIRECTION('ref_axis',(0.,-1.,0.));
#4529=DIRECTION('',(0.,0.,1.));
#4530=DIRECTION('',(0.,-1.,0.));
#4531=DIRECTION('',(0.,-1.,0.));
#4532=DIRECTION('center_axis',(-1.,0.,0.));
#4533=DIRECTION('ref_axis',(0.,1.,0.));
#4534=DIRECTION('',(0.,1.,0.));
#4535=DIRECTION('',(0.,0.,1.));
#4536=DIRECTION('',(0.,1.,0.));
#4537=DIRECTION('center_axis',(0.,0.,1.));
#4538=DIRECTION('ref_axis',(1.,0.,0.));
#4539=DIRECTION('',(1.,0.,0.));
#4540=DIRECTION('center_axis',(0.,0.,-1.));
#4541=DIRECTION('ref_axis',(0.,-1.,0.));
#4542=DIRECTION('center_axis',(0.,0.,-1.));
#4543=DIRECTION('ref_axis',(0.,-1.,0.));
#4544=DIRECTION('center_axis',(0.,0.,-1.));
#4545=DIRECTION('ref_axis',(0.,-1.,0.));
#4546=DIRECTION('center_axis',(0.,0.,-1.));
#4547=DIRECTION('ref_axis',(0.,-1.,0.));
#4548=DIRECTION('center_axis',(0.,0.,-1.));
#4549=DIRECTION('ref_axis',(1.671865260612E-14,-1.,0.));
#4550=DIRECTION('center_axis',(0.,0.,-1.));
#4551=DIRECTION('ref_axis',(0.,-1.,0.));
#4552=DIRECTION('center_axis',(0.,0.,-1.));
#4553=DIRECTION('ref_axis',(0.,-1.,0.));
#4554=DIRECTION('center_axis',(0.,0.,-1.));
#4555=DIRECTION('ref_axis',(0.,-1.,0.));
#4556=DIRECTION('center_axis',(0.,0.,-1.));
#4557=DIRECTION('ref_axis',(0.,-1.,0.));
#4558=DIRECTION('center_axis',(0.,0.,-1.));
#4559=DIRECTION('ref_axis',(0.,-1.,0.));
#4560=DIRECTION('center_axis',(0.,0.,-1.));
#4561=DIRECTION('ref_axis',(0.,-1.,0.));
#4562=DIRECTION('center_axis',(0.,0.,-1.));
#4563=DIRECTION('ref_axis',(1.671865260612E-14,-1.,0.));
#4564=DIRECTION('center_axis',(0.,0.,-1.));
#4565=DIRECTION('ref_axis',(0.,-1.,0.));
#4566=DIRECTION('center_axis',(0.,0.,-1.));
#4567=DIRECTION('ref_axis',(0.,-1.,0.));
#4568=DIRECTION('center_axis',(0.,0.,-1.));
#4569=DIRECTION('ref_axis',(0.,-1.,0.));
#4570=DIRECTION('center_axis',(0.,0.,-1.));
#4571=DIRECTION('ref_axis',(0.,-1.,0.));
#4572=DIRECTION('center_axis',(0.,0.,-1.));
#4573=DIRECTION('ref_axis',(0.,-1.,0.));
#4574=DIRECTION('center_axis',(0.,0.,-1.));
#4575=DIRECTION('ref_axis',(1.671865260612E-14,-1.,0.));
#4576=DIRECTION('center_axis',(0.,0.,-1.));
#4577=DIRECTION('ref_axis',(0.,-1.,0.));
#4578=DIRECTION('center_axis',(0.,0.,-1.));
#4579=DIRECTION('ref_axis',(0.,-1.,0.));
#4580=DIRECTION('center_axis',(0.,0.,-1.));
#4581=DIRECTION('ref_axis',(3.343730521224E-14,-1.,0.));
#4582=DIRECTION('center_axis',(0.,0.,-1.));
#4583=DIRECTION('ref_axis',(0.,-1.,0.));
#4584=DIRECTION('center_axis',(0.,0.,-1.));
#4585=DIRECTION('ref_axis',(0.,-1.,0.));
#4586=DIRECTION('center_axis',(0.,0.,-1.));
#4587=DIRECTION('ref_axis',(0.,-1.,0.));
#4588=DIRECTION('center_axis',(0.,0.,-1.));
#4589=DIRECTION('ref_axis',(0.,-1.,0.));
#4590=DIRECTION('center_axis',(0.,0.,-1.));
#4591=DIRECTION('ref_axis',(1.671865260612E-14,-1.,0.));
#4592=DIRECTION('center_axis',(0.,0.,-1.));
#4593=DIRECTION('ref_axis',(0.,-1.,0.));
#4594=DIRECTION('center_axis',(0.,0.,-1.));
#4595=DIRECTION('ref_axis',(0.,-1.,0.));
#4596=DIRECTION('center_axis',(0.,0.,-1.));
#4597=DIRECTION('ref_axis',(3.343730521224E-14,-1.,0.));
#4598=DIRECTION('center_axis',(0.,0.,-1.));
#4599=DIRECTION('ref_axis',(0.,-1.,0.));
#4600=DIRECTION('center_axis',(0.,0.,-1.));
#4601=DIRECTION('ref_axis',(0.,-1.,0.));
#4602=DIRECTION('center_axis',(0.,0.,-1.));
#4603=DIRECTION('ref_axis',(0.,-1.,0.));
#4604=DIRECTION('center_axis',(0.,0.,-1.));
#4605=DIRECTION('ref_axis',(0.,-1.,0.));
#4606=DIRECTION('center_axis',(0.,0.,-1.));
#4607=DIRECTION('ref_axis',(0.,-1.,0.));
#4608=DIRECTION('center_axis',(0.,0.,-1.));
#4609=DIRECTION('ref_axis',(1.671865260612E-14,-1.,0.));
#4610=DIRECTION('center_axis',(0.,0.,-1.));
#4611=DIRECTION('ref_axis',(0.,-1.,0.));
#4612=DIRECTION('center_axis',(0.,0.,-1.));
#4613=DIRECTION('ref_axis',(0.,-1.,0.));
#4614=DIRECTION('center_axis',(0.,0.,-1.));
#4615=DIRECTION('ref_axis',(0.,-1.,0.));
#4616=DIRECTION('center_axis',(0.,0.,-1.));
#4617=DIRECTION('ref_axis',(0.,-1.,0.));
#4618=DIRECTION('center_axis',(0.,0.,-1.));
#4619=DIRECTION('ref_axis',(0.,-1.,0.));
#4620=DIRECTION('center_axis',(0.,0.,-1.));
#4621=DIRECTION('ref_axis',(0.,-1.,0.));
#4622=DIRECTION('center_axis',(0.,0.,-1.));
#4623=DIRECTION('ref_axis',(0.,-1.,0.));
#4624=DIRECTION('center_axis',(0.,0.,-1.));
#4625=DIRECTION('ref_axis',(0.,-1.,0.));
#4626=DIRECTION('center_axis',(0.,0.,-1.));
#4627=DIRECTION('ref_axis',(0.,-1.,0.));
#4628=DIRECTION('center_axis',(0.,0.,-1.));
#4629=DIRECTION('ref_axis',(1.671865260612E-14,-1.,0.));
#4630=DIRECTION('center_axis',(0.,0.,-1.));
#4631=DIRECTION('ref_axis',(0.,-1.,0.));
#4632=DIRECTION('center_axis',(0.,0.,-1.));
#4633=DIRECTION('ref_axis',(0.,-1.,0.));
#4634=DIRECTION('center_axis',(0.,0.,-1.));
#4635=DIRECTION('ref_axis',(3.343730521224E-14,-1.,0.));
#4636=DIRECTION('center_axis',(0.,0.,-1.));
#4637=DIRECTION('ref_axis',(0.,-1.,0.));
#4638=DIRECTION('center_axis',(0.,0.,-1.));
#4639=DIRECTION('ref_axis',(-3.197042680585E-14,-1.,0.));
#4640=DIRECTION('center_axis',(0.,0.,-1.));
#4641=DIRECTION('ref_axis',(-3.197042680585E-14,-1.,0.));
#4642=DIRECTION('center_axis',(0.,0.,-1.));
#4643=DIRECTION('ref_axis',(-3.197042680585E-14,-1.,0.));
#4644=DIRECTION('center_axis',(0.,0.,-1.));
#4645=DIRECTION('ref_axis',(-3.197042680585E-14,-1.,0.));
#4646=DIRECTION('center_axis',(0.,0.,-1.));
#4647=DIRECTION('ref_axis',(-3.197042680585E-14,-1.,0.));
#4648=DIRECTION('center_axis',(0.,0.,-1.));
#4649=DIRECTION('ref_axis',(-3.197042680585E-14,-1.,0.));
#4650=DIRECTION('center_axis',(0.,0.,-1.));
#4651=DIRECTION('ref_axis',(-3.197042680585E-14,-1.,0.));
#4652=DIRECTION('center_axis',(0.,0.,-1.));
#4653=DIRECTION('ref_axis',(0.,-1.,0.));
#4654=DIRECTION('center_axis',(0.,0.,-1.));
#4655=DIRECTION('ref_axis',(0.,-1.,0.));
#4656=DIRECTION('center_axis',(0.,0.,-1.));
#4657=DIRECTION('ref_axis',(0.,-1.,0.));
#4658=DIRECTION('center_axis',(0.,0.,-1.));
#4659=DIRECTION('ref_axis',(0.,-1.,0.));
#4660=DIRECTION('center_axis',(0.,0.,-1.));
#4661=DIRECTION('ref_axis',(0.,-1.,0.));
#4662=DIRECTION('center_axis',(0.,0.,-1.));
#4663=DIRECTION('ref_axis',(0.,-1.,0.));
#4664=DIRECTION('center_axis',(0.,0.,-1.));
#4665=DIRECTION('ref_axis',(0.,-1.,0.));
#4666=DIRECTION('center_axis',(0.,0.,1.));
#4667=DIRECTION('ref_axis',(1.,0.,0.));
#4668=DIRECTION('',(1.,0.,0.));
#4669=DIRECTION('center_axis',(0.,0.,-1.));
#4670=DIRECTION('ref_axis',(0.,-1.,0.));
#4671=DIRECTION('center_axis',(0.,0.,-1.));
#4672=DIRECTION('ref_axis',(0.,-1.,0.));
#4673=DIRECTION('center_axis',(0.,0.,-1.));
#4674=DIRECTION('ref_axis',(0.,-1.,0.));
#4675=DIRECTION('center_axis',(0.,0.,-1.));
#4676=DIRECTION('ref_axis',(0.,-1.,0.));
#4677=DIRECTION('center_axis',(0.,0.,-1.));
#4678=DIRECTION('ref_axis',(1.671865260612E-14,-1.,0.));
#4679=DIRECTION('center_axis',(0.,0.,-1.));
#4680=DIRECTION('ref_axis',(0.,-1.,0.));
#4681=DIRECTION('center_axis',(0.,0.,-1.));
#4682=DIRECTION('ref_axis',(0.,-1.,0.));
#4683=DIRECTION('center_axis',(0.,0.,-1.));
#4684=DIRECTION('ref_axis',(0.,-1.,0.));
#4685=DIRECTION('center_axis',(0.,0.,-1.));
#4686=DIRECTION('ref_axis',(0.,-1.,0.));
#4687=DIRECTION('center_axis',(0.,0.,-1.));
#4688=DIRECTION('ref_axis',(0.,-1.,0.));
#4689=DIRECTION('center_axis',(0.,0.,-1.));
#4690=DIRECTION('ref_axis',(0.,-1.,0.));
#4691=DIRECTION('center_axis',(0.,0.,-1.));
#4692=DIRECTION('ref_axis',(1.671865260612E-14,-1.,0.));
#4693=DIRECTION('center_axis',(0.,0.,-1.));
#4694=DIRECTION('ref_axis',(0.,-1.,0.));
#4695=DIRECTION('center_axis',(0.,0.,-1.));
#4696=DIRECTION('ref_axis',(0.,-1.,0.));
#4697=DIRECTION('center_axis',(0.,0.,-1.));
#4698=DIRECTION('ref_axis',(0.,-1.,0.));
#4699=DIRECTION('center_axis',(0.,0.,-1.));
#4700=DIRECTION('ref_axis',(0.,-1.,0.));
#4701=DIRECTION('center_axis',(0.,0.,-1.));
#4702=DIRECTION('ref_axis',(0.,-1.,0.));
#4703=DIRECTION('center_axis',(0.,0.,-1.));
#4704=DIRECTION('ref_axis',(1.671865260612E-14,-1.,0.));
#4705=DIRECTION('center_axis',(0.,0.,-1.));
#4706=DIRECTION('ref_axis',(0.,-1.,0.));
#4707=DIRECTION('center_axis',(0.,0.,-1.));
#4708=DIRECTION('ref_axis',(0.,-1.,0.));
#4709=DIRECTION('center_axis',(0.,0.,-1.));
#4710=DIRECTION('ref_axis',(3.343730521224E-14,-1.,0.));
#4711=DIRECTION('center_axis',(0.,0.,-1.));
#4712=DIRECTION('ref_axis',(0.,-1.,0.));
#4713=DIRECTION('center_axis',(0.,0.,-1.));
#4714=DIRECTION('ref_axis',(0.,-1.,0.));
#4715=DIRECTION('center_axis',(0.,0.,-1.));
#4716=DIRECTION('ref_axis',(0.,-1.,0.));
#4717=DIRECTION('center_axis',(0.,0.,-1.));
#4718=DIRECTION('ref_axis',(0.,-1.,0.));
#4719=DIRECTION('center_axis',(0.,0.,-1.));
#4720=DIRECTION('ref_axis',(1.671865260612E-14,-1.,0.));
#4721=DIRECTION('center_axis',(0.,0.,-1.));
#4722=DIRECTION('ref_axis',(0.,-1.,0.));
#4723=DIRECTION('center_axis',(0.,0.,-1.));
#4724=DIRECTION('ref_axis',(0.,-1.,0.));
#4725=DIRECTION('center_axis',(0.,0.,-1.));
#4726=DIRECTION('ref_axis',(3.343730521224E-14,-1.,0.));
#4727=DIRECTION('center_axis',(0.,0.,-1.));
#4728=DIRECTION('ref_axis',(0.,-1.,0.));
#4729=DIRECTION('center_axis',(0.,0.,-1.));
#4730=DIRECTION('ref_axis',(0.,-1.,0.));
#4731=DIRECTION('center_axis',(0.,0.,-1.));
#4732=DIRECTION('ref_axis',(0.,-1.,0.));
#4733=DIRECTION('center_axis',(0.,0.,-1.));
#4734=DIRECTION('ref_axis',(0.,-1.,0.));
#4735=DIRECTION('center_axis',(0.,0.,-1.));
#4736=DIRECTION('ref_axis',(0.,-1.,0.));
#4737=DIRECTION('center_axis',(0.,0.,-1.));
#4738=DIRECTION('ref_axis',(1.671865260612E-14,-1.,0.));
#4739=DIRECTION('center_axis',(0.,0.,-1.));
#4740=DIRECTION('ref_axis',(0.,-1.,0.));
#4741=DIRECTION('center_axis',(0.,0.,-1.));
#4742=DIRECTION('ref_axis',(0.,-1.,0.));
#4743=DIRECTION('center_axis',(0.,0.,-1.));
#4744=DIRECTION('ref_axis',(0.,-1.,0.));
#4745=DIRECTION('center_axis',(0.,0.,-1.));
#4746=DIRECTION('ref_axis',(0.,-1.,0.));
#4747=DIRECTION('center_axis',(0.,0.,-1.));
#4748=DIRECTION('ref_axis',(0.,-1.,0.));
#4749=DIRECTION('center_axis',(0.,0.,-1.));
#4750=DIRECTION('ref_axis',(0.,-1.,0.));
#4751=DIRECTION('center_axis',(0.,0.,-1.));
#4752=DIRECTION('ref_axis',(0.,-1.,0.));
#4753=DIRECTION('center_axis',(0.,0.,-1.));
#4754=DIRECTION('ref_axis',(0.,-1.,0.));
#4755=DIRECTION('center_axis',(0.,0.,-1.));
#4756=DIRECTION('ref_axis',(0.,-1.,0.));
#4757=DIRECTION('center_axis',(0.,0.,-1.));
#4758=DIRECTION('ref_axis',(1.671865260612E-14,-1.,0.));
#4759=DIRECTION('center_axis',(0.,0.,-1.));
#4760=DIRECTION('ref_axis',(0.,-1.,0.));
#4761=DIRECTION('center_axis',(0.,0.,-1.));
#4762=DIRECTION('ref_axis',(0.,-1.,0.));
#4763=DIRECTION('center_axis',(0.,0.,-1.));
#4764=DIRECTION('ref_axis',(3.343730521224E-14,-1.,0.));
#4765=DIRECTION('center_axis',(0.,0.,-1.));
#4766=DIRECTION('ref_axis',(0.,-1.,0.));
#4767=DIRECTION('center_axis',(0.,0.,-1.));
#4768=DIRECTION('ref_axis',(-3.197042680585E-14,-1.,0.));
#4769=DIRECTION('center_axis',(0.,0.,-1.));
#4770=DIRECTION('ref_axis',(-3.197042680585E-14,-1.,0.));
#4771=DIRECTION('center_axis',(0.,0.,-1.));
#4772=DIRECTION('ref_axis',(-3.197042680585E-14,-1.,0.));
#4773=DIRECTION('center_axis',(0.,0.,-1.));
#4774=DIRECTION('ref_axis',(-3.197042680585E-14,-1.,0.));
#4775=DIRECTION('center_axis',(0.,0.,-1.));
#4776=DIRECTION('ref_axis',(-3.197042680585E-14,-1.,0.));
#4777=DIRECTION('center_axis',(0.,0.,-1.));
#4778=DIRECTION('ref_axis',(-3.197042680585E-14,-1.,0.));
#4779=DIRECTION('center_axis',(0.,0.,-1.));
#4780=DIRECTION('ref_axis',(-3.197042680585E-14,-1.,0.));
#4781=DIRECTION('center_axis',(0.,0.,-1.));
#4782=DIRECTION('ref_axis',(0.,-1.,0.));
#4783=DIRECTION('center_axis',(0.,0.,-1.));
#4784=DIRECTION('ref_axis',(0.,-1.,0.));
#4785=DIRECTION('center_axis',(0.,0.,-1.));
#4786=DIRECTION('ref_axis',(0.,-1.,0.));
#4787=DIRECTION('center_axis',(0.,0.,-1.));
#4788=DIRECTION('ref_axis',(0.,-1.,0.));
#4789=DIRECTION('center_axis',(0.,0.,-1.));
#4790=DIRECTION('ref_axis',(0.,-1.,0.));
#4791=DIRECTION('center_axis',(0.,0.,-1.));
#4792=DIRECTION('ref_axis',(0.,-1.,0.));
#4793=DIRECTION('center_axis',(0.,0.,-1.));
#4794=DIRECTION('ref_axis',(0.,-1.,0.));
#4795=DIRECTION('center_axis',(0.,1.,0.));
#4796=DIRECTION('ref_axis',(1.,0.,0.));
#4797=DIRECTION('center_axis',(0.,0.,-1.));
#4798=DIRECTION('ref_axis',(0.,-1.,0.));
#4799=DIRECTION('',(0.,0.,-1.));
#4800=DIRECTION('center_axis',(0.,0.,-1.));
#4801=DIRECTION('ref_axis',(0.,-1.,0.));
#4802=DIRECTION('',(0.,0.,-1.));
#4803=DIRECTION('center_axis',(0.,0.,-1.));
#4804=DIRECTION('ref_axis',(0.,-1.,0.));
#4805=DIRECTION('',(0.,0.,-1.));
#4806=DIRECTION('center_axis',(0.,0.,-1.));
#4807=DIRECTION('ref_axis',(0.,-1.,0.));
#4808=DIRECTION('',(0.,0.,-1.));
#4809=DIRECTION('center_axis',(0.,0.,-1.));
#4810=DIRECTION('ref_axis',(1.671865260612E-14,-1.,0.));
#4811=DIRECTION('',(0.,0.,-1.));
#4812=DIRECTION('center_axis',(0.,0.,-1.));
#4813=DIRECTION('ref_axis',(0.,-1.,0.));
#4814=DIRECTION('',(0.,0.,-1.));
#4815=DIRECTION('center_axis',(0.,0.,-1.));
#4816=DIRECTION('ref_axis',(0.,-1.,0.));
#4817=DIRECTION('',(0.,0.,-1.));
#4818=DIRECTION('center_axis',(0.,0.,-1.));
#4819=DIRECTION('ref_axis',(0.,-1.,0.));
#4820=DIRECTION('',(0.,0.,-1.));
#4821=DIRECTION('center_axis',(0.,0.,-1.));
#4822=DIRECTION('ref_axis',(0.,-1.,0.));
#4823=DIRECTION('',(0.,0.,-1.));
#4824=DIRECTION('center_axis',(0.,0.,-1.));
#4825=DIRECTION('ref_axis',(0.,-1.,0.));
#4826=DIRECTION('',(0.,0.,-1.));
#4827=DIRECTION('center_axis',(0.,0.,-1.));
#4828=DIRECTION('ref_axis',(0.,-1.,0.));
#4829=DIRECTION('',(0.,0.,-1.));
#4830=DIRECTION('center_axis',(0.,0.,-1.));
#4831=DIRECTION('ref_axis',(1.671865260612E-14,-1.,0.));
#4832=DIRECTION('',(0.,0.,-1.));
#4833=DIRECTION('center_axis',(0.,0.,-1.));
#4834=DIRECTION('ref_axis',(0.,-1.,0.));
#4835=DIRECTION('',(0.,0.,-1.));
#4836=DIRECTION('center_axis',(0.,0.,-1.));
#4837=DIRECTION('ref_axis',(0.,-1.,0.));
#4838=DIRECTION('',(0.,0.,-1.));
#4839=DIRECTION('center_axis',(0.,0.,-1.));
#4840=DIRECTION('ref_axis',(0.,-1.,0.));
#4841=DIRECTION('',(0.,0.,-1.));
#4842=DIRECTION('center_axis',(0.,0.,-1.));
#4843=DIRECTION('ref_axis',(0.,-1.,0.));
#4844=DIRECTION('',(0.,0.,-1.));
#4845=DIRECTION('center_axis',(0.,0.,-1.));
#4846=DIRECTION('ref_axis',(0.,-1.,0.));
#4847=DIRECTION('',(0.,0.,-1.));
#4848=DIRECTION('center_axis',(0.,0.,-1.));
#4849=DIRECTION('ref_axis',(1.671865260612E-14,-1.,0.));
#4850=DIRECTION('',(0.,0.,-1.));
#4851=DIRECTION('center_axis',(0.,0.,-1.));
#4852=DIRECTION('ref_axis',(0.,-1.,0.));
#4853=DIRECTION('',(0.,0.,-1.));
#4854=DIRECTION('center_axis',(0.,0.,-1.));
#4855=DIRECTION('ref_axis',(0.,-1.,0.));
#4856=DIRECTION('',(0.,0.,-1.));
#4857=DIRECTION('center_axis',(0.,0.,-1.));
#4858=DIRECTION('ref_axis',(3.343730521224E-14,-1.,0.));
#4859=DIRECTION('',(0.,0.,-1.));
#4860=DIRECTION('center_axis',(0.,0.,-1.));
#4861=DIRECTION('ref_axis',(0.,-1.,0.));
#4862=DIRECTION('',(0.,0.,-1.));
#4863=DIRECTION('center_axis',(0.,0.,-1.));
#4864=DIRECTION('ref_axis',(0.,-1.,0.));
#4865=DIRECTION('',(0.,0.,-1.));
#4866=DIRECTION('center_axis',(0.,0.,-1.));
#4867=DIRECTION('ref_axis',(0.,-1.,0.));
#4868=DIRECTION('',(0.,0.,-1.));
#4869=DIRECTION('center_axis',(0.,0.,-1.));
#4870=DIRECTION('ref_axis',(0.,-1.,0.));
#4871=DIRECTION('',(0.,0.,-1.));
#4872=DIRECTION('center_axis',(0.,0.,-1.));
#4873=DIRECTION('ref_axis',(1.671865260612E-14,-1.,0.));
#4874=DIRECTION('',(0.,0.,-1.));
#4875=DIRECTION('center_axis',(0.,0.,-1.));
#4876=DIRECTION('ref_axis',(0.,-1.,0.));
#4877=DIRECTION('',(0.,0.,-1.));
#4878=DIRECTION('center_axis',(0.,0.,-1.));
#4879=DIRECTION('ref_axis',(0.,-1.,0.));
#4880=DIRECTION('',(0.,0.,-1.));
#4881=DIRECTION('center_axis',(0.,0.,-1.));
#4882=DIRECTION('ref_axis',(3.343730521224E-14,-1.,0.));
#4883=DIRECTION('',(0.,0.,-1.));
#4884=DIRECTION('center_axis',(0.,0.,-1.));
#4885=DIRECTION('ref_axis',(0.,-1.,0.));
#4886=DIRECTION('',(0.,0.,-1.));
#4887=DIRECTION('center_axis',(0.,0.,-1.));
#4888=DIRECTION('ref_axis',(0.,-1.,0.));
#4889=DIRECTION('',(0.,0.,-1.));
#4890=DIRECTION('center_axis',(0.,0.,-1.));
#4891=DIRECTION('ref_axis',(0.,-1.,0.));
#4892=DIRECTION('',(0.,0.,-1.));
#4893=DIRECTION('center_axis',(0.,0.,-1.));
#4894=DIRECTION('ref_axis',(0.,-1.,0.));
#4895=DIRECTION('',(0.,0.,-1.));
#4896=DIRECTION('center_axis',(0.,0.,-1.));
#4897=DIRECTION('ref_axis',(0.,-1.,0.));
#4898=DIRECTION('',(0.,0.,-1.));
#4899=DIRECTION('center_axis',(0.,0.,-1.));
#4900=DIRECTION('ref_axis',(1.671865260612E-14,-1.,0.));
#4901=DIRECTION('',(0.,0.,-1.));
#4902=DIRECTION('center_axis',(0.,0.,-1.));
#4903=DIRECTION('ref_axis',(0.,-1.,0.));
#4904=DIRECTION('',(0.,0.,-1.));
#4905=DIRECTION('center_axis',(0.,0.,-1.));
#4906=DIRECTION('ref_axis',(0.,-1.,0.));
#4907=DIRECTION('',(0.,0.,-1.));
#4908=DIRECTION('center_axis',(0.,0.,-1.));
#4909=DIRECTION('ref_axis',(0.,-1.,0.));
#4910=DIRECTION('',(0.,0.,-1.));
#4911=DIRECTION('center_axis',(0.,0.,-1.));
#4912=DIRECTION('ref_axis',(0.,-1.,0.));
#4913=DIRECTION('',(0.,0.,-1.));
#4914=DIRECTION('center_axis',(0.,0.,-1.));
#4915=DIRECTION('ref_axis',(0.,-1.,0.));
#4916=DIRECTION('',(0.,0.,-1.));
#4917=DIRECTION('center_axis',(0.,0.,-1.));
#4918=DIRECTION('ref_axis',(0.,-1.,0.));
#4919=DIRECTION('',(0.,0.,-1.));
#4920=DIRECTION('center_axis',(0.,0.,-1.));
#4921=DIRECTION('ref_axis',(0.,-1.,0.));
#4922=DIRECTION('',(0.,0.,-1.));
#4923=DIRECTION('center_axis',(0.,0.,-1.));
#4924=DIRECTION('ref_axis',(0.,-1.,0.));
#4925=DIRECTION('',(0.,0.,-1.));
#4926=DIRECTION('center_axis',(0.,0.,-1.));
#4927=DIRECTION('ref_axis',(0.,-1.,0.));
#4928=DIRECTION('',(0.,0.,-1.));
#4929=DIRECTION('center_axis',(0.,0.,-1.));
#4930=DIRECTION('ref_axis',(1.671865260612E-14,-1.,0.));
#4931=DIRECTION('',(0.,0.,-1.));
#4932=DIRECTION('center_axis',(0.,0.,-1.));
#4933=DIRECTION('ref_axis',(0.,-1.,0.));
#4934=DIRECTION('',(0.,0.,-1.));
#4935=DIRECTION('center_axis',(0.,0.,-1.));
#4936=DIRECTION('ref_axis',(0.,-1.,0.));
#4937=DIRECTION('',(0.,0.,-1.));
#4938=DIRECTION('center_axis',(0.,0.,-1.));
#4939=DIRECTION('ref_axis',(3.343730521224E-14,-1.,0.));
#4940=DIRECTION('',(0.,0.,-1.));
#4941=DIRECTION('center_axis',(0.,0.,-1.));
#4942=DIRECTION('ref_axis',(0.,-1.,0.));
#4943=DIRECTION('',(0.,0.,-1.));
#4944=DIRECTION('center_axis',(0.,0.,-1.));
#4945=DIRECTION('ref_axis',(-3.197042680585E-14,-1.,0.));
#4946=DIRECTION('',(0.,0.,-1.));
#4947=DIRECTION('center_axis',(0.,0.,-1.));
#4948=DIRECTION('ref_axis',(-3.197042680585E-14,-1.,0.));
#4949=DIRECTION('',(0.,0.,-1.));
#4950=DIRECTION('center_axis',(0.,0.,-1.));
#4951=DIRECTION('ref_axis',(-3.197042680585E-14,-1.,0.));
#4952=DIRECTION('',(0.,0.,-1.));
#4953=DIRECTION('center_axis',(0.,0.,-1.));
#4954=DIRECTION('ref_axis',(-3.197042680585E-14,-1.,0.));
#4955=DIRECTION('',(0.,0.,-1.));
#4956=DIRECTION('center_axis',(0.,0.,-1.));
#4957=DIRECTION('ref_axis',(-3.197042680585E-14,-1.,0.));
#4958=DIRECTION('',(0.,0.,-1.));
#4959=DIRECTION('center_axis',(0.,0.,-1.));
#4960=DIRECTION('ref_axis',(-3.197042680585E-14,-1.,0.));
#4961=DIRECTION('',(0.,0.,-1.));
#4962=DIRECTION('center_axis',(0.,0.,-1.));
#4963=DIRECTION('ref_axis',(-3.197042680585E-14,-1.,0.));
#4964=DIRECTION('',(0.,0.,-1.));
#4965=DIRECTION('center_axis',(0.,0.,-1.));
#4966=DIRECTION('ref_axis',(0.,-1.,0.));
#4967=DIRECTION('',(0.,0.,-1.));
#4968=DIRECTION('center_axis',(0.,0.,-1.));
#4969=DIRECTION('ref_axis',(0.,-1.,0.));
#4970=DIRECTION('',(0.,0.,-1.));
#4971=DIRECTION('center_axis',(0.,0.,-1.));
#4972=DIRECTION('ref_axis',(0.,-1.,0.));
#4973=DIRECTION('',(0.,0.,-1.));
#4974=DIRECTION('center_axis',(0.,0.,-1.));
#4975=DIRECTION('ref_axis',(0.,-1.,0.));
#4976=DIRECTION('',(0.,0.,-1.));
#4977=DIRECTION('center_axis',(0.,0.,-1.));
#4978=DIRECTION('ref_axis',(0.,-1.,0.));
#4979=DIRECTION('',(0.,0.,-1.));
#4980=DIRECTION('center_axis',(0.,0.,-1.));
#4981=DIRECTION('ref_axis',(0.,-1.,0.));
#4982=DIRECTION('',(0.,0.,-1.));
#4983=DIRECTION('center_axis',(0.,0.,-1.));
#4984=DIRECTION('ref_axis',(0.,-1.,0.));
#4985=DIRECTION('',(0.,0.,-1.));
#4986=DIRECTION('axis',(0.,0.,1.));
#4987=DIRECTION('refdir',(1.,0.,0.));
#4988=DIRECTION('axis',(0.,0.,1.));
#4989=DIRECTION('refdir',(1.,0.,0.));
#4990=DIRECTION('center_axis',(0.,0.,-1.));
#4991=DIRECTION('ref_axis',(1.,0.,0.));
#4992=DIRECTION('',(-1.,0.,0.));
#4993=DIRECTION('',(0.,-1.,0.));
#4994=DIRECTION('',(1.,0.,0.));
#4995=DIRECTION('',(0.,1.,0.));
#4996=DIRECTION('center_axis',(0.,0.,-1.));
#4997=DIRECTION('ref_axis',(1.,0.,0.));
#4998=DIRECTION('center_axis',(0.,0.,-1.));
#4999=DIRECTION('ref_axis',(1.,-2.99760216648791E-15,0.));
#5000=DIRECTION('',(-1.,1.32958775037182E-17,0.));
#5001=DIRECTION('center_axis',(0.,0.,-1.));
#5002=DIRECTION('ref_axis',(0.000259525016757828,-0.999999966323382,0.));
#5003=DIRECTION('',(1.18738782543575E-17,1.,0.));
#5004=DIRECTION('center_axis',(0.,0.,-1.));
#5005=DIRECTION('ref_axis',(-1.,3.55271367880049E-15,0.));
#5006=DIRECTION('',(1.,0.,0.));
#5007=DIRECTION('center_axis',(0.,0.,-1.));
#5008=DIRECTION('ref_axis',(5.32907051820073E-15,1.,0.));
#5009=DIRECTION('',(1.89984688705909E-16,-1.,0.));
#5010=DIRECTION('center_axis',(0.,0.,1.));
#5011=DIRECTION('ref_axis',(1.,0.,0.));
#5012=DIRECTION('center_axis',(0.,0.,1.));
#5013=DIRECTION('ref_axis',(1.,0.,0.));
#5014=DIRECTION('center_axis',(0.,0.,1.));
#5015=DIRECTION('ref_axis',(1.,0.,0.));
#5016=DIRECTION('center_axis',(0.,0.,1.));
#5017=DIRECTION('ref_axis',(1.,0.,0.));
#5018=DIRECTION('center_axis',(0.,0.,1.));
#5019=DIRECTION('ref_axis',(0.707106781186548,-0.707106781186548,0.));
#5020=DIRECTION('center_axis',(0.,0.,-1.));
#5021=DIRECTION('ref_axis',(0.707106781186548,-0.707106781186548,0.));
#5022=DIRECTION('',(0.,0.,-1.));
#5023=DIRECTION('',(0.,0.,1.));
#5024=DIRECTION('center_axis',(0.,-1.,0.));
#5025=DIRECTION('ref_axis',(1.,0.,0.));
#5026=DIRECTION('',(1.,0.,0.));
#5027=DIRECTION('',(0.,0.,1.));
#5028=DIRECTION('',(1.,0.,0.));
#5029=DIRECTION('',(0.,0.,-1.));
#5030=DIRECTION('center_axis',(0.,0.,1.));
#5031=DIRECTION('ref_axis',(1.,0.,0.));
#5032=DIRECTION('',(0.,1.,0.));
#5033=DIRECTION('center_axis',(0.,0.,-1.));
#5034=DIRECTION('ref_axis',(0.707106781186548,0.707106781186548,0.));
#5035=DIRECTION('',(-1.,0.,0.));
#5036=DIRECTION('',(0.,-1.,0.));
#5037=DIRECTION('',(1.,0.,0.));
#5038=DIRECTION('',(0.,-1.,0.));
#5039=DIRECTION('',(-1.,0.,0.));
#5040=DIRECTION('',(0.,1.,0.));
#5041=DIRECTION('',(1.,0.,0.));
#5042=DIRECTION('',(0.,1.,0.));
#5043=DIRECTION('',(-1.,0.,0.));
#5044=DIRECTION('center_axis',(0.,0.,-1.));
#5045=DIRECTION('ref_axis',(-0.707106781186548,0.707106781186548,0.));
#5046=DIRECTION('',(0.,-1.,0.));
#5047=DIRECTION('center_axis',(0.,0.,-1.));
#5048=DIRECTION('ref_axis',(-0.707106781186548,-0.707106781186548,0.));
#5049=DIRECTION('center_axis',(0.,0.,-1.));
#5050=DIRECTION('ref_axis',(1.,0.,0.));
#5051=DIRECTION('center_axis',(0.,0.,-1.));
#5052=DIRECTION('ref_axis',(1.,0.,0.));
#5053=DIRECTION('center_axis',(0.,0.,-1.));
#5054=DIRECTION('ref_axis',(1.,0.,0.));
#5055=DIRECTION('center_axis',(0.,0.,-1.));
#5056=DIRECTION('ref_axis',(1.,0.,0.));
#5057=DIRECTION('center_axis',(0.,0.,1.));
#5058=DIRECTION('ref_axis',(-0.707106781186548,-0.707106781186548,0.));
#5059=DIRECTION('',(0.,0.,-1.));
#5060=DIRECTION('',(0.,-1.,0.));
#5061=DIRECTION('',(0.,0.,-1.));
#5062=DIRECTION('center_axis',(-1.,0.,0.));
#5063=DIRECTION('ref_axis',(0.,-1.,0.));
#5064=DIRECTION('',(0.,0.,1.));
#5065=DIRECTION('center_axis',(0.,0.,1.));
#5066=DIRECTION('ref_axis',(-0.707106781186548,0.707106781186548,0.));
#5067=DIRECTION('',(0.,0.,-1.));
#5068=DIRECTION('center_axis',(0.,1.,0.));
#5069=DIRECTION('ref_axis',(-1.,0.,0.));
#5070=DIRECTION('',(0.,0.,-1.));
#5071=DIRECTION('',(1.,0.,0.));
#5072=DIRECTION('',(0.,0.,1.));
#5073=DIRECTION('',(0.,0.,1.));
#5074=DIRECTION('center_axis',(0.,0.,1.));
#5075=DIRECTION('ref_axis',(0.707106781186548,0.707106781186548,0.));
#5076=DIRECTION('',(0.,0.,-1.));
#5077=DIRECTION('center_axis',(1.,0.,0.));
#5078=DIRECTION('ref_axis',(0.,1.,0.));
#5079=DIRECTION('center_axis',(1.,0.,0.));
#5080=DIRECTION('ref_axis',(0.,-1.,0.));
#5081=DIRECTION('',(0.,-1.,0.));
#5082=DIRECTION('',(0.,0.,-1.));
#5083=DIRECTION('center_axis',(-1.,0.,0.));
#5084=DIRECTION('ref_axis',(0.,1.,0.));
#5085=DIRECTION('',(0.,0.,1.));
#5086=DIRECTION('',(0.,1.,0.));
#5087=DIRECTION('center_axis',(0.,0.,-1.));
#5088=DIRECTION('ref_axis',(-1.,0.,0.));
#5089=DIRECTION('',(-1.,0.,0.));
#5090=DIRECTION('center_axis',(0.,-1.,0.));
#5091=DIRECTION('ref_axis',(1.,0.,0.));
#5092=DIRECTION('',(0.,0.,1.));
#5093=DIRECTION('',(0.,0.,1.));
#5094=DIRECTION('center_axis',(0.,0.,1.));
#5095=DIRECTION('ref_axis',(1.,0.,0.));
#5096=DIRECTION('',(0.,0.,1.));
#5097=DIRECTION('center_axis',(0.,0.,1.));
#5098=DIRECTION('ref_axis',(1.,0.,0.));
#5099=DIRECTION('center_axis',(0.,0.,1.));
#5100=DIRECTION('ref_axis',(1.,0.,0.));
#5101=DIRECTION('',(0.,0.,1.));
#5102=DIRECTION('center_axis',(0.,0.,1.));
#5103=DIRECTION('ref_axis',(1.,0.,0.));
#5104=DIRECTION('center_axis',(0.,0.,1.));
#5105=DIRECTION('ref_axis',(1.,0.,0.));
#5106=DIRECTION('',(0.,0.,1.));
#5107=DIRECTION('center_axis',(0.,0.,1.));
#5108=DIRECTION('ref_axis',(1.,0.,0.));
#5109=DIRECTION('center_axis',(0.,0.,1.));
#5110=DIRECTION('ref_axis',(1.,0.,0.));
#5111=DIRECTION('',(0.,0.,1.));
#5112=DIRECTION('center_axis',(0.,0.,1.));
#5113=DIRECTION('ref_axis',(1.,0.,0.));
#5114=DIRECTION('center_axis',(0.,1.,0.));
#5115=DIRECTION('ref_axis',(-1.,0.,0.));
#5116=DIRECTION('',(0.,0.,1.));
#5117=DIRECTION('',(0.,0.,1.));
#5118=DIRECTION('center_axis',(-1.,0.,0.));
#5119=DIRECTION('ref_axis',(0.,-1.,0.));
#5120=DIRECTION('center_axis',(1.,0.,0.));
#5121=DIRECTION('ref_axis',(0.,1.,0.));
#5122=DIRECTION('center_axis',(0.,0.,1.));
#5123=DIRECTION('ref_axis',(1.,0.,0.));
#5124=DIRECTION('center_axis',(0.,0.,-1.));
#5125=DIRECTION('ref_axis',(1.,0.,0.));
#5126=DIRECTION('',(0.,0.,1.));
#5127=DIRECTION('center_axis',(0.,0.,1.));
#5128=DIRECTION('ref_axis',(1.,0.,0.));
#5129=DIRECTION('center_axis',(0.,0.,1.));
#5130=DIRECTION('ref_axis',(1.,0.,0.));
#5131=DIRECTION('center_axis',(0.,0.,-1.));
#5132=DIRECTION('ref_axis',(1.,0.,0.));
#5133=DIRECTION('',(0.,0.,1.));
#5134=DIRECTION('center_axis',(0.,0.,1.));
#5135=DIRECTION('ref_axis',(1.,0.,0.));
#5136=DIRECTION('center_axis',(0.,0.,1.));
#5137=DIRECTION('ref_axis',(1.,0.,0.));
#5138=DIRECTION('center_axis',(0.,0.,-1.));
#5139=DIRECTION('ref_axis',(1.,0.,0.));
#5140=DIRECTION('',(0.,0.,1.));
#5141=DIRECTION('center_axis',(0.,0.,1.));
#5142=DIRECTION('ref_axis',(1.,0.,0.));
#5143=DIRECTION('center_axis',(0.,0.,1.));
#5144=DIRECTION('ref_axis',(1.,0.,0.));
#5145=DIRECTION('center_axis',(0.,0.,-1.));
#5146=DIRECTION('ref_axis',(1.,0.,0.));
#5147=DIRECTION('',(0.,0.,1.));
#5148=DIRECTION('center_axis',(0.,0.,1.));
#5149=DIRECTION('ref_axis',(1.,0.,0.));
#5150=DIRECTION('',(0.,0.,1.));
#5151=DIRECTION('',(1.,0.,0.));
#5152=DIRECTION('axis',(0.,0.,1.));
#5153=DIRECTION('refdir',(1.,0.,0.));
#5154=DIRECTION('center_axis',(0.,0.,1.));
#5155=DIRECTION('ref_axis',(1.,0.,0.));
#5156=DIRECTION('center_axis',(0.,0.,-1.));
#5157=DIRECTION('ref_axis',(-0.707106781186548,-0.707106781186548,0.));
#5158=DIRECTION('',(-1.,0.,0.));
#5159=DIRECTION('center_axis',(0.,0.,-1.));
#5160=DIRECTION('ref_axis',(0.707106781186548,-0.707106781186548,0.));
#5161=DIRECTION('',(0.,-1.,0.));
#5162=DIRECTION('center_axis',(0.,0.,-1.));
#5163=DIRECTION('ref_axis',(0.707106781186548,0.707106781186548,0.));
#5164=DIRECTION('',(1.,0.,0.));
#5165=DIRECTION('',(0.,1.,0.));
#5166=DIRECTION('',(1.,0.,0.));
#5167=DIRECTION('',(0.,-1.,0.));
#5168=DIRECTION('',(1.,0.,0.));
#5169=DIRECTION('center_axis',(0.,0.,-1.));
#5170=DIRECTION('ref_axis',(-0.707106781186548,0.707106781186547,0.));
#5171=DIRECTION('',(0.,1.,0.));
#5172=DIRECTION('',(-1.,0.,0.));
#5173=DIRECTION('center_axis',(0.,0.,1.));
#5174=DIRECTION('ref_axis',(1.,0.,0.));
#5175=DIRECTION('',(0.,1.,0.));
#5176=DIRECTION('center_axis',(0.,0.,1.));
#5177=DIRECTION('ref_axis',(0.,-1.,0.));
#5178=DIRECTION('',(1.,0.,0.));
#5179=DIRECTION('center_axis',(0.,0.,1.));
#5180=DIRECTION('ref_axis',(-1.,0.,0.));
#5181=DIRECTION('',(0.,-1.,0.));
#5182=DIRECTION('center_axis',(0.,0.,1.));
#5183=DIRECTION('ref_axis',(0.,1.,0.));
#5184=DIRECTION('',(-1.,0.,0.));
#5185=DIRECTION('center_axis',(0.,0.,1.));
#5186=DIRECTION('ref_axis',(1.,0.,0.));
#5187=DIRECTION('',(0.,1.,0.));
#5188=DIRECTION('center_axis',(0.,0.,1.));
#5189=DIRECTION('ref_axis',(0.,-1.,0.));
#5190=DIRECTION('',(1.,0.,0.));
#5191=DIRECTION('center_axis',(0.,0.,1.));
#5192=DIRECTION('ref_axis',(-1.,0.,0.));
#5193=DIRECTION('',(0.,-1.,0.));
#5194=DIRECTION('center_axis',(0.,0.,1.));
#5195=DIRECTION('ref_axis',(0.,1.,0.));
#5196=DIRECTION('',(-1.,0.,0.));
#5197=DIRECTION('center_axis',(0.,0.,1.));
#5198=DIRECTION('ref_axis',(1.,0.,0.));
#5199=DIRECTION('',(0.,1.,0.));
#5200=DIRECTION('center_axis',(0.,0.,1.));
#5201=DIRECTION('ref_axis',(0.,-1.,0.));
#5202=DIRECTION('',(1.,0.,0.));
#5203=DIRECTION('center_axis',(0.,0.,1.));
#5204=DIRECTION('ref_axis',(-1.,0.,0.));
#5205=DIRECTION('',(0.,-1.,0.));
#5206=DIRECTION('center_axis',(0.,0.,1.));
#5207=DIRECTION('ref_axis',(0.,1.,0.));
#5208=DIRECTION('',(-1.,0.,0.));
#5209=DIRECTION('center_axis',(0.,0.,1.));
#5210=DIRECTION('ref_axis',(1.,0.,0.));
#5211=DIRECTION('',(0.,1.,0.));
#5212=DIRECTION('center_axis',(0.,0.,1.));
#5213=DIRECTION('ref_axis',(0.,-1.,0.));
#5214=DIRECTION('',(1.,0.,0.));
#5215=DIRECTION('center_axis',(0.,0.,1.));
#5216=DIRECTION('ref_axis',(-1.,0.,0.));
#5217=DIRECTION('',(0.,-1.,0.));
#5218=DIRECTION('center_axis',(0.,0.,1.));
#5219=DIRECTION('ref_axis',(0.,1.,0.));
#5220=DIRECTION('',(-1.,0.,0.));
#5221=DIRECTION('center_axis',(0.,0.,1.));
#5222=DIRECTION('ref_axis',(1.,0.,0.));
#5223=DIRECTION('',(0.,1.,0.));
#5224=DIRECTION('center_axis',(0.,0.,1.));
#5225=DIRECTION('ref_axis',(0.,-1.,0.));
#5226=DIRECTION('',(1.,0.,0.));
#5227=DIRECTION('center_axis',(0.,0.,1.));
#5228=DIRECTION('ref_axis',(-1.,0.,0.));
#5229=DIRECTION('',(0.,-1.,0.));
#5230=DIRECTION('center_axis',(0.,0.,1.));
#5231=DIRECTION('ref_axis',(0.,1.,0.));
#5232=DIRECTION('',(-1.,0.,0.));
#5233=DIRECTION('center_axis',(0.,0.,1.));
#5234=DIRECTION('ref_axis',(1.,0.,0.));
#5235=DIRECTION('',(0.,1.,0.));
#5236=DIRECTION('center_axis',(0.,0.,1.));
#5237=DIRECTION('ref_axis',(0.,-1.,0.));
#5238=DIRECTION('',(1.,0.,0.));
#5239=DIRECTION('center_axis',(0.,0.,1.));
#5240=DIRECTION('ref_axis',(-1.,0.,0.));
#5241=DIRECTION('',(0.,-1.,0.));
#5242=DIRECTION('center_axis',(0.,0.,1.));
#5243=DIRECTION('ref_axis',(0.,1.,0.));
#5244=DIRECTION('',(-1.,0.,0.));
#5245=DIRECTION('center_axis',(0.,0.,1.));
#5246=DIRECTION('ref_axis',(1.,0.,0.));
#5247=DIRECTION('',(0.,1.,0.));
#5248=DIRECTION('center_axis',(0.,0.,1.));
#5249=DIRECTION('ref_axis',(0.,-1.,0.));
#5250=DIRECTION('',(1.,0.,0.));
#5251=DIRECTION('center_axis',(0.,0.,1.));
#5252=DIRECTION('ref_axis',(-1.,0.,0.));
#5253=DIRECTION('',(0.,-1.,0.));
#5254=DIRECTION('center_axis',(0.,0.,1.));
#5255=DIRECTION('ref_axis',(0.,1.,0.));
#5256=DIRECTION('',(-1.,0.,0.));
#5257=DIRECTION('center_axis',(0.,0.,1.));
#5258=DIRECTION('ref_axis',(1.,0.,0.));
#5259=DIRECTION('',(0.,1.,0.));
#5260=DIRECTION('center_axis',(0.,0.,1.));
#5261=DIRECTION('ref_axis',(0.,-1.,0.));
#5262=DIRECTION('',(1.,0.,0.));
#5263=DIRECTION('center_axis',(0.,0.,1.));
#5264=DIRECTION('ref_axis',(-1.,0.,0.));
#5265=DIRECTION('',(0.,-1.,0.));
#5266=DIRECTION('center_axis',(0.,0.,1.));
#5267=DIRECTION('ref_axis',(0.,1.,0.));
#5268=DIRECTION('',(-1.,0.,0.));
#5269=DIRECTION('center_axis',(0.,0.,1.));
#5270=DIRECTION('ref_axis',(1.,0.,0.));
#5271=DIRECTION('',(0.,1.,0.));
#5272=DIRECTION('center_axis',(0.,0.,1.));
#5273=DIRECTION('ref_axis',(0.,-1.,0.));
#5274=DIRECTION('',(1.,0.,0.));
#5275=DIRECTION('center_axis',(0.,0.,1.));
#5276=DIRECTION('ref_axis',(-1.,0.,0.));
#5277=DIRECTION('',(0.,-1.,0.));
#5278=DIRECTION('center_axis',(0.,0.,1.));
#5279=DIRECTION('ref_axis',(0.,1.,0.));
#5280=DIRECTION('center_axis',(0.,0.,1.));
#5281=DIRECTION('ref_axis',(1.,0.,0.));
#5282=DIRECTION('center_axis',(0.,0.,1.));
#5283=DIRECTION('ref_axis',(1.,0.,0.));
#5284=DIRECTION('center_axis',(0.,0.,1.));
#5285=DIRECTION('ref_axis',(1.,0.,0.));
#5286=DIRECTION('center_axis',(0.,0.,1.));
#5287=DIRECTION('ref_axis',(1.,0.,0.));
#5288=DIRECTION('',(0.,1.,0.));
#5289=DIRECTION('',(1.,0.,0.));
#5290=DIRECTION('',(0.,-1.,0.));
#5291=DIRECTION('',(-1.,0.,0.));
#5292=DIRECTION('center_axis',(0.,-1.,0.));
#5293=DIRECTION('ref_axis',(1.,0.,0.));
#5294=DIRECTION('',(0.,0.,-1.));
#5295=DIRECTION('',(1.,0.,0.));
#5296=DIRECTION('',(0.,0.,-1.));
#5297=DIRECTION('center_axis',(0.,0.,1.));
#5298=DIRECTION('ref_axis',(0.,-1.,0.));
#5299=DIRECTION('',(0.,0.,-1.));
#5300=DIRECTION('center_axis',(0.,0.,1.));
#5301=DIRECTION('ref_axis',(0.,-1.,0.));
#5302=DIRECTION('center_axis',(1.,0.,0.));
#5303=DIRECTION('ref_axis',(0.,1.,0.));
#5304=DIRECTION('',(0.,0.,-1.));
#5305=DIRECTION('',(0.,1.,0.));
#5306=DIRECTION('center_axis',(0.,0.,1.));
#5307=DIRECTION('ref_axis',(1.,0.,0.));
#5308=DIRECTION('',(0.,0.,1.));
#5309=DIRECTION('center_axis',(0.,0.,1.));
#5310=DIRECTION('ref_axis',(1.,0.,0.));
#5311=DIRECTION('center_axis',(0.,-1.,0.));
#5312=DIRECTION('ref_axis',(1.,0.,0.));
#5313=DIRECTION('',(0.,0.,-1.));
#5314=DIRECTION('',(1.,0.,0.));
#5315=DIRECTION('',(0.,0.,-1.));
#5316=DIRECTION('center_axis',(0.,0.,1.));
#5317=DIRECTION('ref_axis',(0.,-1.,0.));
#5318=DIRECTION('',(0.,0.,-1.));
#5319=DIRECTION('center_axis',(0.,0.,1.));
#5320=DIRECTION('ref_axis',(0.,-1.,0.));
#5321=DIRECTION('center_axis',(1.,0.,0.));
#5322=DIRECTION('ref_axis',(0.,1.,0.));
#5323=DIRECTION('',(0.,0.,-1.));
#5324=DIRECTION('',(0.,1.,0.));
#5325=DIRECTION('center_axis',(0.,0.,1.));
#5326=DIRECTION('ref_axis',(1.,0.,0.));
#5327=DIRECTION('',(0.,0.,1.));
#5328=DIRECTION('center_axis',(0.,0.,1.));
#5329=DIRECTION('ref_axis',(1.,0.,0.));
#5330=DIRECTION('center_axis',(0.,-1.,0.));
#5331=DIRECTION('ref_axis',(1.,0.,0.));
#5332=DIRECTION('',(0.,0.,-1.));
#5333=DIRECTION('',(1.,0.,0.));
#5334=DIRECTION('',(0.,0.,-1.));
#5335=DIRECTION('center_axis',(0.,0.,1.));
#5336=DIRECTION('ref_axis',(0.,-1.,0.));
#5337=DIRECTION('',(0.,0.,-1.));
#5338=DIRECTION('center_axis',(0.,0.,1.));
#5339=DIRECTION('ref_axis',(0.,-1.,0.));
#5340=DIRECTION('center_axis',(1.,0.,0.));
#5341=DIRECTION('ref_axis',(0.,1.,0.));
#5342=DIRECTION('',(0.,0.,-1.));
#5343=DIRECTION('',(0.,1.,0.));
#5344=DIRECTION('center_axis',(0.,0.,1.));
#5345=DIRECTION('ref_axis',(1.,0.,0.));
#5346=DIRECTION('',(0.,0.,1.));
#5347=DIRECTION('center_axis',(0.,0.,1.));
#5348=DIRECTION('ref_axis',(1.,0.,0.));
#5349=DIRECTION('center_axis',(0.,-1.,0.));
#5350=DIRECTION('ref_axis',(1.,0.,0.));
#5351=DIRECTION('',(0.,0.,-1.));
#5352=DIRECTION('',(1.,0.,0.));
#5353=DIRECTION('',(0.,0.,-1.));
#5354=DIRECTION('center_axis',(0.,0.,1.));
#5355=DIRECTION('ref_axis',(0.,-1.,0.));
#5356=DIRECTION('',(0.,0.,-1.));
#5357=DIRECTION('center_axis',(0.,0.,1.));
#5358=DIRECTION('ref_axis',(0.,-1.,0.));
#5359=DIRECTION('center_axis',(1.,0.,0.));
#5360=DIRECTION('ref_axis',(0.,1.,0.));
#5361=DIRECTION('',(0.,0.,-1.));
#5362=DIRECTION('',(0.,1.,0.));
#5363=DIRECTION('center_axis',(0.,0.,1.));
#5364=DIRECTION('ref_axis',(1.,0.,0.));
#5365=DIRECTION('',(0.,0.,1.));
#5366=DIRECTION('center_axis',(0.,0.,1.));
#5367=DIRECTION('ref_axis',(1.,0.,0.));
#5368=DIRECTION('center_axis',(0.,-1.,0.));
#5369=DIRECTION('ref_axis',(1.,0.,0.));
#5370=DIRECTION('',(0.,0.,-1.));
#5371=DIRECTION('',(1.,0.,0.));
#5372=DIRECTION('',(0.,0.,-1.));
#5373=DIRECTION('center_axis',(0.,0.,1.));
#5374=DIRECTION('ref_axis',(0.,-1.,0.));
#5375=DIRECTION('',(0.,0.,-1.));
#5376=DIRECTION('center_axis',(0.,0.,1.));
#5377=DIRECTION('ref_axis',(0.,-1.,0.));
#5378=DIRECTION('center_axis',(1.,0.,0.));
#5379=DIRECTION('ref_axis',(0.,1.,0.));
#5380=DIRECTION('',(0.,0.,-1.));
#5381=DIRECTION('',(0.,1.,0.));
#5382=DIRECTION('center_axis',(0.,0.,1.));
#5383=DIRECTION('ref_axis',(1.,0.,0.));
#5384=DIRECTION('',(0.,0.,1.));
#5385=DIRECTION('center_axis',(0.,0.,1.));
#5386=DIRECTION('ref_axis',(1.,0.,0.));
#5387=DIRECTION('center_axis',(0.,-1.,0.));
#5388=DIRECTION('ref_axis',(1.,0.,0.));
#5389=DIRECTION('',(0.,0.,-1.));
#5390=DIRECTION('',(1.,0.,0.));
#5391=DIRECTION('',(0.,0.,-1.));
#5392=DIRECTION('center_axis',(0.,0.,1.));
#5393=DIRECTION('ref_axis',(0.,-1.,0.));
#5394=DIRECTION('',(0.,0.,-1.));
#5395=DIRECTION('center_axis',(0.,0.,1.));
#5396=DIRECTION('ref_axis',(0.,-1.,0.));
#5397=DIRECTION('center_axis',(1.,0.,0.));
#5398=DIRECTION('ref_axis',(0.,1.,0.));
#5399=DIRECTION('',(0.,0.,-1.));
#5400=DIRECTION('',(0.,1.,0.));
#5401=DIRECTION('center_axis',(0.,0.,1.));
#5402=DIRECTION('ref_axis',(1.,0.,0.));
#5403=DIRECTION('',(0.,0.,1.));
#5404=DIRECTION('center_axis',(0.,0.,1.));
#5405=DIRECTION('ref_axis',(1.,0.,0.));
#5406=DIRECTION('center_axis',(0.,-1.,0.));
#5407=DIRECTION('ref_axis',(1.,0.,0.));
#5408=DIRECTION('',(0.,0.,-1.));
#5409=DIRECTION('',(1.,0.,0.));
#5410=DIRECTION('',(0.,0.,-1.));
#5411=DIRECTION('center_axis',(0.,0.,1.));
#5412=DIRECTION('ref_axis',(0.,-1.,0.));
#5413=DIRECTION('',(0.,0.,-1.));
#5414=DIRECTION('center_axis',(0.,0.,1.));
#5415=DIRECTION('ref_axis',(0.,-1.,0.));
#5416=DIRECTION('center_axis',(1.,0.,0.));
#5417=DIRECTION('ref_axis',(0.,1.,0.));
#5418=DIRECTION('',(0.,0.,-1.));
#5419=DIRECTION('',(0.,1.,0.));
#5420=DIRECTION('center_axis',(0.,0.,1.));
#5421=DIRECTION('ref_axis',(1.,0.,0.));
#5422=DIRECTION('',(0.,0.,1.));
#5423=DIRECTION('center_axis',(0.,0.,1.));
#5424=DIRECTION('ref_axis',(1.,0.,0.));
#5425=DIRECTION('center_axis',(0.,-1.,0.));
#5426=DIRECTION('ref_axis',(1.,0.,0.));
#5427=DIRECTION('',(0.,0.,-1.));
#5428=DIRECTION('',(1.,0.,0.));
#5429=DIRECTION('',(0.,0.,-1.));
#5430=DIRECTION('center_axis',(0.,0.,1.));
#5431=DIRECTION('ref_axis',(0.,-1.,0.));
#5432=DIRECTION('',(0.,0.,-1.));
#5433=DIRECTION('center_axis',(0.,0.,1.));
#5434=DIRECTION('ref_axis',(0.,-1.,0.));
#5435=DIRECTION('center_axis',(1.,0.,0.));
#5436=DIRECTION('ref_axis',(0.,1.,0.));
#5437=DIRECTION('',(0.,0.,-1.));
#5438=DIRECTION('',(0.,1.,0.));
#5439=DIRECTION('center_axis',(0.,0.,1.));
#5440=DIRECTION('ref_axis',(1.,0.,0.));
#5441=DIRECTION('',(0.,0.,1.));
#5442=DIRECTION('center_axis',(0.,0.,1.));
#5443=DIRECTION('ref_axis',(1.,0.,0.));
#5444=DIRECTION('center_axis',(0.,-1.,0.));
#5445=DIRECTION('ref_axis',(1.,0.,0.));
#5446=DIRECTION('',(0.,0.,-1.));
#5447=DIRECTION('',(1.,0.,0.));
#5448=DIRECTION('',(0.,0.,-1.));
#5449=DIRECTION('center_axis',(0.,0.,1.));
#5450=DIRECTION('ref_axis',(0.,-1.,0.));
#5451=DIRECTION('',(0.,0.,-1.));
#5452=DIRECTION('center_axis',(0.,0.,1.));
#5453=DIRECTION('ref_axis',(0.,-1.,0.));
#5454=DIRECTION('center_axis',(1.,0.,0.));
#5455=DIRECTION('ref_axis',(0.,1.,0.));
#5456=DIRECTION('',(0.,0.,-1.));
#5457=DIRECTION('',(0.,1.,0.));
#5458=DIRECTION('center_axis',(0.,0.,1.));
#5459=DIRECTION('ref_axis',(1.,0.,0.));
#5460=DIRECTION('',(0.,0.,1.));
#5461=DIRECTION('center_axis',(0.,0.,1.));
#5462=DIRECTION('ref_axis',(1.,0.,0.));
#5463=DIRECTION('center_axis',(1.,0.,0.));
#5464=DIRECTION('ref_axis',(0.,1.,0.));
#5465=DIRECTION('',(0.,0.,-1.));
#5466=DIRECTION('',(0.,-1.,0.));
#5467=DIRECTION('',(0.,0.,-1.));
#5468=DIRECTION('center_axis',(0.,1.,0.));
#5469=DIRECTION('ref_axis',(-1.,0.,0.));
#5470=DIRECTION('',(0.,0.,1.));
#5471=DIRECTION('',(1.,0.,0.));
#5472=DIRECTION('center_axis',(-1.,0.,0.));
#5473=DIRECTION('ref_axis',(0.,-1.,0.));
#5474=DIRECTION('',(0.,0.,-1.));
#5475=DIRECTION('',(0.,1.,0.));
#5476=DIRECTION('',(0.,0.,-1.));
#5477=DIRECTION('center_axis',(0.,1.,0.));
#5478=DIRECTION('ref_axis',(-1.,0.,0.));
#5479=DIRECTION('',(0.,0.,-1.));
#5480=DIRECTION('',(1.,0.,0.));
#5481=DIRECTION('center_axis',(0.,0.,1.));
#5482=DIRECTION('ref_axis',(0.707106781186548,0.707106781186548,0.));
#5483=DIRECTION('',(0.,0.,-1.));
#5484=DIRECTION('center_axis',(0.,0.,-1.));
#5485=DIRECTION('ref_axis',(0.707106781186548,0.707106781186548,0.));
#5486=DIRECTION('center_axis',(1.,0.,0.));
#5487=DIRECTION('ref_axis',(0.,1.,0.));
#5488=DIRECTION('',(0.,0.,-1.));
#5489=DIRECTION('',(0.,-1.,0.));
#5490=DIRECTION('center_axis',(0.,0.,1.));
#5491=DIRECTION('ref_axis',(0.707106781186548,-0.707106781186548,0.));
#5492=DIRECTION('',(0.,0.,-1.));
#5493=DIRECTION('center_axis',(0.,0.,-1.));
#5494=DIRECTION('ref_axis',(0.707106781186548,-0.707106781186548,0.));
#5495=DIRECTION('center_axis',(0.,-1.,0.));
#5496=DIRECTION('ref_axis',(1.,0.,0.));
#5497=DIRECTION('',(0.,0.,1.));
#5498=DIRECTION('',(-1.,0.,0.));
#5499=DIRECTION('center_axis',(0.,0.,1.));
#5500=DIRECTION('ref_axis',(1.,0.,0.));
#5501=DIRECTION('center_axis',(0.,0.,-1.));
#5502=DIRECTION('ref_axis',(-0.707106781186548,-0.707106781186548,0.));
#5503=DIRECTION('',(0.,1.,0.));
#5504=DIRECTION('center_axis',(0.,0.,-1.));
#5505=DIRECTION('ref_axis',(-0.707106781186548,0.707106781186547,0.));
#5506=DIRECTION('',(1.,0.,0.));
#5507=DIRECTION('',(0.,-1.,0.));
#5508=DIRECTION('',(1.,0.,0.));
#5509=DIRECTION('',(-1.,0.,0.));
#5510=DIRECTION('center_axis',(0.,0.,1.));
#5511=DIRECTION('ref_axis',(0.,1.,0.));
#5512=DIRECTION('',(0.,-1.,0.));
#5513=DIRECTION('center_axis',(0.,0.,1.));
#5514=DIRECTION('ref_axis',(-1.,0.,0.));
#5515=DIRECTION('',(-1.,0.,0.));
#5516=DIRECTION('center_axis',(0.,0.,1.));
#5517=DIRECTION('ref_axis',(0.,1.,0.));
#5518=DIRECTION('',(0.,-1.,0.));
#5519=DIRECTION('center_axis',(0.,0.,1.));
#5520=DIRECTION('ref_axis',(-1.,0.,0.));
#5521=DIRECTION('',(-1.,0.,0.));
#5522=DIRECTION('center_axis',(0.,0.,1.));
#5523=DIRECTION('ref_axis',(0.,1.,0.));
#5524=DIRECTION('',(0.,-1.,0.));
#5525=DIRECTION('center_axis',(0.,0.,1.));
#5526=DIRECTION('ref_axis',(-1.,0.,0.));
#5527=DIRECTION('',(-1.,0.,0.));
#5528=DIRECTION('center_axis',(0.,0.,1.));
#5529=DIRECTION('ref_axis',(0.,1.,0.));
#5530=DIRECTION('',(0.,-1.,0.));
#5531=DIRECTION('center_axis',(0.,0.,1.));
#5532=DIRECTION('ref_axis',(-1.,0.,0.));
#5533=DIRECTION('',(-1.,0.,0.));
#5534=DIRECTION('center_axis',(0.,0.,1.));
#5535=DIRECTION('ref_axis',(0.,1.,0.));
#5536=DIRECTION('',(0.,-1.,0.));
#5537=DIRECTION('center_axis',(0.,0.,1.));
#5538=DIRECTION('ref_axis',(-1.,0.,0.));
#5539=DIRECTION('',(-1.,0.,0.));
#5540=DIRECTION('center_axis',(0.,0.,1.));
#5541=DIRECTION('ref_axis',(0.,1.,0.));
#5542=DIRECTION('',(0.,-1.,0.));
#5543=DIRECTION('center_axis',(0.,0.,1.));
#5544=DIRECTION('ref_axis',(-1.,0.,0.));
#5545=DIRECTION('',(-1.,0.,0.));
#5546=DIRECTION('center_axis',(0.,0.,1.));
#5547=DIRECTION('ref_axis',(0.,1.,0.));
#5548=DIRECTION('',(0.,-1.,0.));
#5549=DIRECTION('center_axis',(0.,0.,1.));
#5550=DIRECTION('ref_axis',(-1.,0.,0.));
#5551=DIRECTION('',(-1.,0.,0.));
#5552=DIRECTION('center_axis',(0.,0.,1.));
#5553=DIRECTION('ref_axis',(0.,1.,0.));
#5554=DIRECTION('',(0.,-1.,0.));
#5555=DIRECTION('center_axis',(0.,0.,1.));
#5556=DIRECTION('ref_axis',(-1.,0.,0.));
#5557=DIRECTION('',(-1.,0.,0.));
#5558=DIRECTION('center_axis',(0.,0.,1.));
#5559=DIRECTION('ref_axis',(0.,1.,0.));
#5560=DIRECTION('',(0.,-1.,0.));
#5561=DIRECTION('center_axis',(0.,0.,1.));
#5562=DIRECTION('ref_axis',(-1.,0.,0.));
#5563=DIRECTION('center_axis',(0.,0.,1.));
#5564=DIRECTION('ref_axis',(1.,0.,0.));
#5565=DIRECTION('center_axis',(0.,0.,1.));
#5566=DIRECTION('ref_axis',(1.,0.,0.));
#5567=DIRECTION('center_axis',(0.,0.,1.));
#5568=DIRECTION('ref_axis',(1.,0.,0.));
#5569=DIRECTION('center_axis',(0.,0.,1.));
#5570=DIRECTION('ref_axis',(1.,0.,0.));
#5571=DIRECTION('',(0.,1.,0.));
#5572=DIRECTION('',(-1.,0.,0.));
#5573=DIRECTION('center_axis',(0.,0.,1.));
#5574=DIRECTION('ref_axis',(-0.707106781186548,-0.707106781186548,0.));
#5575=DIRECTION('',(0.,0.,-1.));
#5576=DIRECTION('center_axis',(-1.,0.,0.));
#5577=DIRECTION('ref_axis',(0.,-1.,0.));
#5578=DIRECTION('',(0.,0.,-1.));
#5579=DIRECTION('center_axis',(0.,0.,1.));
#5580=DIRECTION('ref_axis',(-0.707106781186548,0.707106781186547,0.));
#5581=DIRECTION('',(0.,0.,-1.));
#5582=DIRECTION('center_axis',(0.,0.,1.));
#5583=DIRECTION('ref_axis',(-1.,0.,0.));
#5584=DIRECTION('',(0.,0.,-1.));
#5585=DIRECTION('center_axis',(-1.,0.,0.));
#5586=DIRECTION('ref_axis',(0.,-1.,0.));
#5587=DIRECTION('',(0.,0.,-1.));
#5588=DIRECTION('center_axis',(0.,0.,1.));
#5589=DIRECTION('ref_axis',(0.,1.,0.));
#5590=DIRECTION('',(0.,0.,-1.));
#5591=DIRECTION('center_axis',(0.,1.,0.));
#5592=DIRECTION('ref_axis',(-1.,0.,0.));
#5593=DIRECTION('center_axis',(0.,0.,1.));
#5594=DIRECTION('ref_axis',(-1.,0.,0.));
#5595=DIRECTION('',(0.,0.,-1.));
#5596=DIRECTION('center_axis',(-1.,0.,0.));
#5597=DIRECTION('ref_axis',(0.,-1.,0.));
#5598=DIRECTION('',(0.,0.,-1.));
#5599=DIRECTION('center_axis',(0.,0.,1.));
#5600=DIRECTION('ref_axis',(0.,1.,0.));
#5601=DIRECTION('',(0.,0.,-1.));
#5602=DIRECTION('center_axis',(0.,1.,0.));
#5603=DIRECTION('ref_axis',(-1.,0.,0.));
#5604=DIRECTION('center_axis',(0.,0.,1.));
#5605=DIRECTION('ref_axis',(-1.,0.,0.));
#5606=DIRECTION('',(0.,0.,-1.));
#5607=DIRECTION('center_axis',(-1.,0.,0.));
#5608=DIRECTION('ref_axis',(0.,-1.,0.));
#5609=DIRECTION('',(0.,0.,-1.));
#5610=DIRECTION('center_axis',(0.,0.,1.));
#5611=DIRECTION('ref_axis',(0.,1.,0.));
#5612=DIRECTION('',(0.,0.,-1.));
#5613=DIRECTION('center_axis',(0.,1.,0.));
#5614=DIRECTION('ref_axis',(-1.,0.,0.));
#5615=DIRECTION('center_axis',(0.,0.,1.));
#5616=DIRECTION('ref_axis',(-1.,0.,0.));
#5617=DIRECTION('',(0.,0.,-1.));
#5618=DIRECTION('center_axis',(-1.,0.,0.));
#5619=DIRECTION('ref_axis',(0.,-1.,0.));
#5620=DIRECTION('',(0.,0.,-1.));
#5621=DIRECTION('center_axis',(0.,0.,1.));
#5622=DIRECTION('ref_axis',(0.,1.,0.));
#5623=DIRECTION('',(0.,0.,-1.));
#5624=DIRECTION('center_axis',(0.,1.,0.));
#5625=DIRECTION('ref_axis',(-1.,0.,0.));
#5626=DIRECTION('center_axis',(0.,0.,1.));
#5627=DIRECTION('ref_axis',(-1.,0.,0.));
#5628=DIRECTION('',(0.,0.,-1.));
#5629=DIRECTION('center_axis',(-1.,0.,0.));
#5630=DIRECTION('ref_axis',(0.,-1.,0.));
#5631=DIRECTION('',(0.,0.,-1.));
#5632=DIRECTION('center_axis',(0.,0.,1.));
#5633=DIRECTION('ref_axis',(0.,1.,0.));
#5634=DIRECTION('',(0.,0.,-1.));
#5635=DIRECTION('center_axis',(0.,1.,0.));
#5636=DIRECTION('ref_axis',(-1.,0.,0.));
#5637=DIRECTION('center_axis',(0.,0.,1.));
#5638=DIRECTION('ref_axis',(-1.,0.,0.));
#5639=DIRECTION('',(0.,0.,-1.));
#5640=DIRECTION('center_axis',(-1.,0.,0.));
#5641=DIRECTION('ref_axis',(0.,-1.,0.));
#5642=DIRECTION('',(0.,0.,-1.));
#5643=DIRECTION('center_axis',(0.,0.,1.));
#5644=DIRECTION('ref_axis',(0.,1.,0.));
#5645=DIRECTION('',(0.,0.,-1.));
#5646=DIRECTION('center_axis',(0.,1.,0.));
#5647=DIRECTION('ref_axis',(-1.,0.,0.));
#5648=DIRECTION('center_axis',(0.,0.,1.));
#5649=DIRECTION('ref_axis',(-1.,0.,0.));
#5650=DIRECTION('',(0.,0.,-1.));
#5651=DIRECTION('center_axis',(-1.,0.,0.));
#5652=DIRECTION('ref_axis',(0.,-1.,0.));
#5653=DIRECTION('',(0.,0.,-1.));
#5654=DIRECTION('center_axis',(0.,0.,1.));
#5655=DIRECTION('ref_axis',(0.,1.,0.));
#5656=DIRECTION('',(0.,0.,-1.));
#5657=DIRECTION('center_axis',(0.,1.,0.));
#5658=DIRECTION('ref_axis',(-1.,0.,0.));
#5659=DIRECTION('center_axis',(0.,0.,1.));
#5660=DIRECTION('ref_axis',(-1.,0.,0.));
#5661=DIRECTION('',(0.,0.,-1.));
#5662=DIRECTION('center_axis',(-1.,0.,0.));
#5663=DIRECTION('ref_axis',(0.,-1.,0.));
#5664=DIRECTION('',(0.,0.,-1.));
#5665=DIRECTION('center_axis',(0.,0.,1.));
#5666=DIRECTION('ref_axis',(0.,1.,0.));
#5667=DIRECTION('',(0.,0.,-1.));
#5668=DIRECTION('center_axis',(0.,1.,0.));
#5669=DIRECTION('ref_axis',(-1.,0.,0.));
#5670=DIRECTION('center_axis',(0.,0.,1.));
#5671=DIRECTION('ref_axis',(-1.,0.,0.));
#5672=DIRECTION('',(0.,0.,-1.));
#5673=DIRECTION('center_axis',(-1.,0.,0.));
#5674=DIRECTION('ref_axis',(0.,-1.,0.));
#5675=DIRECTION('',(0.,0.,-1.));
#5676=DIRECTION('center_axis',(0.,0.,1.));
#5677=DIRECTION('ref_axis',(0.,1.,0.));
#5678=DIRECTION('',(0.,0.,-1.));
#5679=DIRECTION('center_axis',(0.,1.,0.));
#5680=DIRECTION('ref_axis',(-1.,0.,0.));
#5681=DIRECTION('center_axis',(0.,-1.,0.));
#5682=DIRECTION('ref_axis',(1.,0.,0.));
#5683=DIRECTION('',(0.,0.,-1.));
#5684=DIRECTION('center_axis',(-1.,0.,0.));
#5685=DIRECTION('ref_axis',(0.,-1.,0.));
#5686=DIRECTION('center_axis',(0.,0.,1.));
#5687=DIRECTION('ref_axis',(1.,0.,0.));
#5688=DIRECTION('',(0.,0.,1.));
#5689=DIRECTION('center_axis',(0.,0.,1.));
#5690=DIRECTION('ref_axis',(1.,0.,0.));
#5691=DIRECTION('',(0.,0.,1.));
#5692=DIRECTION('center_axis',(0.,0.,1.));
#5693=DIRECTION('ref_axis',(1.,0.,0.));
#5694=DIRECTION('',(0.,0.,1.));
#5695=DIRECTION('center_axis',(0.,0.,1.));
#5696=DIRECTION('ref_axis',(1.,0.,0.));
#5697=DIRECTION('',(0.,0.,1.));
#5698=DIRECTION('center_axis',(1.,0.,0.));
#5699=DIRECTION('ref_axis',(0.,1.,0.));
#5700=DIRECTION('',(0.,0.,-1.));
#5701=DIRECTION('',(0.,0.,-1.));
#5702=DIRECTION('center_axis',(0.,1.,0.));
#5703=DIRECTION('ref_axis',(-1.,0.,0.));
#5704=DIRECTION('center_axis',(0.,1.,0.));
#5705=DIRECTION('ref_axis',(-1.,0.,0.));
#5706=DIRECTION('',(-1.42917542965546E-17,1.02463158823859E-17,1.00000000000001));
#5707=DIRECTION('',(1.,-6.30051566474777E-15,3.98986399474677E-17));
#5708=DIRECTION('',(0.,0.,1.));
#5709=DIRECTION('',(1.,0.,0.));
#5710=DIRECTION('',(-4.18018146080969E-16,-3.96926666308332E-16,1.00000000000002));
#5711=DIRECTION('',(0.999999999999994,-5.55111512312571E-17,4.39752401160122E-16));
#5712=CARTESIAN_POINT('',(0.,0.,0.));
#5713=CARTESIAN_POINT('',(0.,0.,0.));
#5714=CARTESIAN_POINT('Origin',(148.7043,-104.791,0.));
#5715=CARTESIAN_POINT('',(148.7043,-104.791,0.));
#5716=CARTESIAN_POINT('',(148.7043,-104.791,1.51));
#5717=CARTESIAN_POINT('',(148.7043,-104.791,0.));
#5718=CARTESIAN_POINT('',(75.2348,-104.791,1.51));
#5719=CARTESIAN_POINT('',(148.7043,-104.791,1.51));
#5720=CARTESIAN_POINT('',(75.2348,-104.791,0.));
#5721=CARTESIAN_POINT('',(75.2348,-104.791,0.));
#5722=CARTESIAN_POINT('',(148.7043,-104.791,0.));
#5723=CARTESIAN_POINT('Origin',(148.7043,-21.22805,0.));
#5724=CARTESIAN_POINT('',(148.7043,-21.22805,0.));
#5725=CARTESIAN_POINT('',(148.7043,-21.22805,1.51));
#5726=CARTESIAN_POINT('',(148.7043,-21.22805,0.));
#5727=CARTESIAN_POINT('',(148.7043,-21.22805,1.51));
#5728=CARTESIAN_POINT('',(148.7043,-21.22805,0.));
#5729=CARTESIAN_POINT('Origin',(75.2348,-104.791,0.));
#5730=CARTESIAN_POINT('',(75.2348,-21.22805,1.51));
#5731=CARTESIAN_POINT('',(75.2348,-104.791,1.51));
#5732=CARTESIAN_POINT('',(75.2348,-21.22805,0.));
#5733=CARTESIAN_POINT('',(75.2348,-21.22805,0.));
#5734=CARTESIAN_POINT('',(75.2348,-104.791,0.));
#5735=CARTESIAN_POINT('Origin',(0.,0.,0.));
#5736=CARTESIAN_POINT('',(75.2348,-21.22805,0.));
#5737=CARTESIAN_POINT('',(87.78875,-92.01875,0.));
#5738=CARTESIAN_POINT('Origin',(87.78875,-92.86875,0.));
#5739=CARTESIAN_POINT('',(92.86875,-90.86875,0.));
#5740=CARTESIAN_POINT('Origin',(92.86875,-92.86875,0.));
#5741=CARTESIAN_POINT('',(89.05875,-89.57875,0.));
#5742=CARTESIAN_POINT('Origin',(89.05875,-90.32875,0.));
#5743=CARTESIAN_POINT('',(95.40875,-87.03875,0.));
#5744=CARTESIAN_POINT('Origin',(95.40875,-87.78875,0.));
#5745=CARTESIAN_POINT('',(97.94875,-92.01875,0.));
#5746=CARTESIAN_POINT('Origin',(97.94875,-92.86875,0.));
#5747=CARTESIAN_POINT('',(106.83875,-92.01875,0.));
#5748=CARTESIAN_POINT('Origin',(106.83875,-92.86875,0.));
#5749=CARTESIAN_POINT('',(108.10875,-89.57875,0.));
#5750=CARTESIAN_POINT('Origin',(108.10875,-90.32875,0.));
#5751=CARTESIAN_POINT('',(87.78875,-72.96875,0.));
#5752=CARTESIAN_POINT('Origin',(87.78875,-73.81875,0.));
#5753=CARTESIAN_POINT('',(92.86875,-71.81875,0.));
#5754=CARTESIAN_POINT('Origin',(92.86875,-73.81875,0.));
#5755=CARTESIAN_POINT('',(89.05875,-70.52875,0.));
#5756=CARTESIAN_POINT('Origin',(89.05875,-71.27875,0.));
#5757=CARTESIAN_POINT('',(95.40875,-67.98875,0.));
#5758=CARTESIAN_POINT('Origin',(95.40875,-68.73875,0.));
#5759=CARTESIAN_POINT('',(97.94875,-72.96875,0.));
#5760=CARTESIAN_POINT('Origin',(97.94875,-73.81875,0.));
#5761=CARTESIAN_POINT('',(106.83875,-72.96875,0.));
#5762=CARTESIAN_POINT('Origin',(106.83875,-73.81875,0.));
#5763=CARTESIAN_POINT('',(108.10875,-70.52875,0.));
#5764=CARTESIAN_POINT('Origin',(108.10875,-71.27875,0.));
#5765=CARTESIAN_POINT('',(111.91875,-90.86875,0.));
#5766=CARTESIAN_POINT('Origin',(111.91875,-92.86875,0.));
#5767=CARTESIAN_POINT('',(116.99875,-92.01875,0.));
#5768=CARTESIAN_POINT('Origin',(116.99875,-92.86875,0.));
#5769=CARTESIAN_POINT('',(114.45875,-87.03875,0.));
#5770=CARTESIAN_POINT('Origin',(114.45875,-87.78875,0.));
#5771=CARTESIAN_POINT('',(125.88875,-92.01875,0.));
#5772=CARTESIAN_POINT('Origin',(125.88875,-92.86875,0.));
#5773=CARTESIAN_POINT('',(130.96875,-90.86875,0.));
#5774=CARTESIAN_POINT('Origin',(130.96875,-92.86875,0.));
#5775=CARTESIAN_POINT('',(127.15875,-89.57875,0.));
#5776=CARTESIAN_POINT('Origin',(127.15875,-90.32875,0.));
#5777=CARTESIAN_POINT('',(136.04875,-92.01875,0.));
#5778=CARTESIAN_POINT('Origin',(136.04875,-92.86875,0.));
#5779=CARTESIAN_POINT('',(133.50875,-87.03875,0.));
#5780=CARTESIAN_POINT('Origin',(133.50875,-87.78875,0.));
#5781=CARTESIAN_POINT('',(111.91875,-71.81875,0.));
#5782=CARTESIAN_POINT('Origin',(111.91875,-73.81875,0.));
#5783=CARTESIAN_POINT('',(116.99875,-72.96875,0.));
#5784=CARTESIAN_POINT('Origin',(116.99875,-73.81875,0.));
#5785=CARTESIAN_POINT('',(114.45875,-67.98875,0.));
#5786=CARTESIAN_POINT('Origin',(114.45875,-68.73875,0.));
#5787=CARTESIAN_POINT('',(125.88875,-72.96875,0.));
#5788=CARTESIAN_POINT('Origin',(125.88875,-73.81875,0.));
#5789=CARTESIAN_POINT('',(130.96875,-71.81875,0.));
#5790=CARTESIAN_POINT('Origin',(130.96875,-73.81875,0.));
#5791=CARTESIAN_POINT('',(127.15875,-70.52875,0.));
#5792=CARTESIAN_POINT('Origin',(127.15875,-71.27875,0.));
#5793=CARTESIAN_POINT('',(136.04875,-72.96875,0.));
#5794=CARTESIAN_POINT('Origin',(136.04875,-73.81875,0.));
#5795=CARTESIAN_POINT('',(133.50875,-67.98875,0.));
#5796=CARTESIAN_POINT('Origin',(133.50875,-68.73875,0.));
#5797=CARTESIAN_POINT('',(87.78875,-53.91875,0.));
#5798=CARTESIAN_POINT('Origin',(87.78875,-54.76875,0.));
#5799=CARTESIAN_POINT('',(89.05875,-51.47875,0.));
#5800=CARTESIAN_POINT('Origin',(89.05875,-52.22875,0.));
#5801=CARTESIAN_POINT('',(92.86875,-52.76875,0.));
#5802=CARTESIAN_POINT('Origin',(92.86875,-54.76875,0.));
#5803=CARTESIAN_POINT('',(95.40875,-48.93875,0.));
#5804=CARTESIAN_POINT('Origin',(95.40875,-49.68875,0.));
#5805=CARTESIAN_POINT('',(97.94875,-53.91875,0.));
#5806=CARTESIAN_POINT('Origin',(97.94875,-54.76875,0.));
#5807=CARTESIAN_POINT('',(106.83875,-53.91875,0.));
#5808=CARTESIAN_POINT('Origin',(106.83875,-54.76875,0.));
#5809=CARTESIAN_POINT('',(108.10875,-51.47875,0.));
#5810=CARTESIAN_POINT('Origin',(108.10875,-52.22875,0.));
#5811=CARTESIAN_POINT('',(82.2225,-34.26625,0.));
#5812=CARTESIAN_POINT('Origin',(82.2225,-34.76625,0.));
#5813=CARTESIAN_POINT('',(82.2225,-31.72625,0.));
#5814=CARTESIAN_POINT('Origin',(82.2225,-32.22625,0.));
#5815=CARTESIAN_POINT('',(82.2225,-29.18625,0.));
#5816=CARTESIAN_POINT('Origin',(82.2225,-29.68625,0.));
#5817=CARTESIAN_POINT('',(82.2225,-26.64625,0.));
#5818=CARTESIAN_POINT('Origin',(82.2225,-27.14625,0.));
#5819=CARTESIAN_POINT('',(111.91875,-52.76875,0.));
#5820=CARTESIAN_POINT('Origin',(111.91875,-54.76875,0.));
#5821=CARTESIAN_POINT('',(116.99875,-53.91875,0.));
#5822=CARTESIAN_POINT('Origin',(116.99875,-54.76875,0.));
#5823=CARTESIAN_POINT('',(114.45875,-48.93875,0.));
#5824=CARTESIAN_POINT('Origin',(114.45875,-49.68875,0.));
#5825=CARTESIAN_POINT('',(125.88875,-53.91875,0.));
#5826=CARTESIAN_POINT('Origin',(125.88875,-54.76875,0.));
#5827=CARTESIAN_POINT('',(127.15875,-51.47875,0.));
#5828=CARTESIAN_POINT('Origin',(127.15875,-52.22875,0.));
#5829=CARTESIAN_POINT('',(130.96875,-52.76875,0.));
#5830=CARTESIAN_POINT('Origin',(130.96875,-54.76875,0.));
#5831=CARTESIAN_POINT('',(136.04875,-53.91875,0.));
#5832=CARTESIAN_POINT('Origin',(136.04875,-54.76875,0.));
#5833=CARTESIAN_POINT('',(133.50875,-48.93875,0.));
#5834=CARTESIAN_POINT('Origin',(133.50875,-49.68875,0.));
#5835=CARTESIAN_POINT('',(123.55,-39.3155,0.));
#5836=CARTESIAN_POINT('Origin',(123.55,-39.76,0.));
#5837=CARTESIAN_POINT('',(123.55,-36.7755,0.));
#5838=CARTESIAN_POINT('Origin',(123.55,-37.22,0.));
#5839=CARTESIAN_POINT('',(123.55,-34.2355,0.));
#5840=CARTESIAN_POINT('Origin',(123.55,-34.68,0.));
#5841=CARTESIAN_POINT('',(123.55,-31.6955,0.));
#5842=CARTESIAN_POINT('Origin',(123.55,-32.14,0.));
#5843=CARTESIAN_POINT('',(123.55,-29.1555,0.));
#5844=CARTESIAN_POINT('Origin',(123.55,-29.6,0.));
#5845=CARTESIAN_POINT('',(123.55,-26.6155,0.));
#5846=CARTESIAN_POINT('Origin',(123.55,-27.06,0.));
#5847=CARTESIAN_POINT('',(123.55,-24.0755,0.));
#5848=CARTESIAN_POINT('Origin',(123.55,-24.52,0.));
#5849=CARTESIAN_POINT('',(138.79,-39.3155,0.));
#5850=CARTESIAN_POINT('Origin',(138.79,-39.76,0.));
#5851=CARTESIAN_POINT('',(138.79,-36.7755,0.));
#5852=CARTESIAN_POINT('Origin',(138.79,-37.22,0.));
#5853=CARTESIAN_POINT('',(138.79,-34.2355,0.));
#5854=CARTESIAN_POINT('Origin',(138.79,-34.68,0.));
#5855=CARTESIAN_POINT('',(138.79,-31.6955,0.));
#5856=CARTESIAN_POINT('Origin',(138.79,-32.14,0.));
#5857=CARTESIAN_POINT('',(138.79,-29.1555,0.));
#5858=CARTESIAN_POINT('Origin',(138.79,-29.6,0.));
#5859=CARTESIAN_POINT('',(138.79,-26.6155,0.));
#5860=CARTESIAN_POINT('Origin',(138.79,-27.06,0.));
#5861=CARTESIAN_POINT('',(138.79,-24.0755,0.));
#5862=CARTESIAN_POINT('Origin',(138.79,-24.52,0.));
#5863=CARTESIAN_POINT('Origin',(0.,0.,1.51));
#5864=CARTESIAN_POINT('',(75.2348,-21.22805,1.51));
#5865=CARTESIAN_POINT('',(87.78875,-92.01875,1.51));
#5866=CARTESIAN_POINT('Origin',(87.78875,-92.86875,1.51));
#5867=CARTESIAN_POINT('',(92.86875,-90.86875,1.51));
#5868=CARTESIAN_POINT('Origin',(92.86875,-92.86875,1.51));
#5869=CARTESIAN_POINT('',(89.05875,-89.57875,1.51));
#5870=CARTESIAN_POINT('Origin',(89.05875,-90.32875,1.51));
#5871=CARTESIAN_POINT('',(95.40875,-87.03875,1.51));
#5872=CARTESIAN_POINT('Origin',(95.40875,-87.78875,1.51));
#5873=CARTESIAN_POINT('',(97.94875,-92.01875,1.51));
#5874=CARTESIAN_POINT('Origin',(97.94875,-92.86875,1.51));
#5875=CARTESIAN_POINT('',(106.83875,-92.01875,1.51));
#5876=CARTESIAN_POINT('Origin',(106.83875,-92.86875,1.51));
#5877=CARTESIAN_POINT('',(108.10875,-89.57875,1.51));
#5878=CARTESIAN_POINT('Origin',(108.10875,-90.32875,1.51));
#5879=CARTESIAN_POINT('',(87.78875,-72.96875,1.51));
#5880=CARTESIAN_POINT('Origin',(87.78875,-73.81875,1.51));
#5881=CARTESIAN_POINT('',(92.86875,-71.81875,1.51));
#5882=CARTESIAN_POINT('Origin',(92.86875,-73.81875,1.51));
#5883=CARTESIAN_POINT('',(89.05875,-70.52875,1.51));
#5884=CARTESIAN_POINT('Origin',(89.05875,-71.27875,1.51));
#5885=CARTESIAN_POINT('',(95.40875,-67.98875,1.51));
#5886=CARTESIAN_POINT('Origin',(95.40875,-68.73875,1.51));
#5887=CARTESIAN_POINT('',(97.94875,-72.96875,1.51));
#5888=CARTESIAN_POINT('Origin',(97.94875,-73.81875,1.51));
#5889=CARTESIAN_POINT('',(106.83875,-72.96875,1.51));
#5890=CARTESIAN_POINT('Origin',(106.83875,-73.81875,1.51));
#5891=CARTESIAN_POINT('',(108.10875,-70.52875,1.51));
#5892=CARTESIAN_POINT('Origin',(108.10875,-71.27875,1.51));
#5893=CARTESIAN_POINT('',(111.91875,-90.86875,1.51));
#5894=CARTESIAN_POINT('Origin',(111.91875,-92.86875,1.51));
#5895=CARTESIAN_POINT('',(116.99875,-92.01875,1.51));
#5896=CARTESIAN_POINT('Origin',(116.99875,-92.86875,1.51));
#5897=CARTESIAN_POINT('',(114.45875,-87.03875,1.51));
#5898=CARTESIAN_POINT('Origin',(114.45875,-87.78875,1.51));
#5899=CARTESIAN_POINT('',(125.88875,-92.01875,1.51));
#5900=CARTESIAN_POINT('Origin',(125.88875,-92.86875,1.51));
#5901=CARTESIAN_POINT('',(130.96875,-90.86875,1.51));
#5902=CARTESIAN_POINT('Origin',(130.96875,-92.86875,1.51));
#5903=CARTESIAN_POINT('',(127.15875,-89.57875,1.51));
#5904=CARTESIAN_POINT('Origin',(127.15875,-90.32875,1.51));
#5905=CARTESIAN_POINT('',(136.04875,-92.01875,1.51));
#5906=CARTESIAN_POINT('Origin',(136.04875,-92.86875,1.51));
#5907=CARTESIAN_POINT('',(133.50875,-87.03875,1.51));
#5908=CARTESIAN_POINT('Origin',(133.50875,-87.78875,1.51));
#5909=CARTESIAN_POINT('',(111.91875,-71.81875,1.51));
#5910=CARTESIAN_POINT('Origin',(111.91875,-73.81875,1.51));
#5911=CARTESIAN_POINT('',(116.99875,-72.96875,1.51));
#5912=CARTESIAN_POINT('Origin',(116.99875,-73.81875,1.51));
#5913=CARTESIAN_POINT('',(114.45875,-67.98875,1.51));
#5914=CARTESIAN_POINT('Origin',(114.45875,-68.73875,1.51));
#5915=CARTESIAN_POINT('',(125.88875,-72.96875,1.51));
#5916=CARTESIAN_POINT('Origin',(125.88875,-73.81875,1.51));
#5917=CARTESIAN_POINT('',(130.96875,-71.81875,1.51));
#5918=CARTESIAN_POINT('Origin',(130.96875,-73.81875,1.51));
#5919=CARTESIAN_POINT('',(127.15875,-70.52875,1.51));
#5920=CARTESIAN_POINT('Origin',(127.15875,-71.27875,1.51));
#5921=CARTESIAN_POINT('',(136.04875,-72.96875,1.51));
#5922=CARTESIAN_POINT('Origin',(136.04875,-73.81875,1.51));
#5923=CARTESIAN_POINT('',(133.50875,-67.98875,1.51));
#5924=CARTESIAN_POINT('Origin',(133.50875,-68.73875,1.51));
#5925=CARTESIAN_POINT('',(87.78875,-53.91875,1.51));
#5926=CARTESIAN_POINT('Origin',(87.78875,-54.76875,1.51));
#5927=CARTESIAN_POINT('',(89.05875,-51.47875,1.51));
#5928=CARTESIAN_POINT('Origin',(89.05875,-52.22875,1.51));
#5929=CARTESIAN_POINT('',(92.86875,-52.76875,1.51));
#5930=CARTESIAN_POINT('Origin',(92.86875,-54.76875,1.51));
#5931=CARTESIAN_POINT('',(95.40875,-48.93875,1.51));
#5932=CARTESIAN_POINT('Origin',(95.40875,-49.68875,1.51));
#5933=CARTESIAN_POINT('',(97.94875,-53.91875,1.51));
#5934=CARTESIAN_POINT('Origin',(97.94875,-54.76875,1.51));
#5935=CARTESIAN_POINT('',(106.83875,-53.91875,1.51));
#5936=CARTESIAN_POINT('Origin',(106.83875,-54.76875,1.51));
#5937=CARTESIAN_POINT('',(108.10875,-51.47875,1.51));
#5938=CARTESIAN_POINT('Origin',(108.10875,-52.22875,1.51));
#5939=CARTESIAN_POINT('',(82.2225,-34.26625,1.51));
#5940=CARTESIAN_POINT('Origin',(82.2225,-34.76625,1.51));
#5941=CARTESIAN_POINT('',(82.2225,-31.72625,1.51));
#5942=CARTESIAN_POINT('Origin',(82.2225,-32.22625,1.51));
#5943=CARTESIAN_POINT('',(82.2225,-29.18625,1.51));
#5944=CARTESIAN_POINT('Origin',(82.2225,-29.68625,1.51));
#5945=CARTESIAN_POINT('',(82.2225,-26.64625,1.51));
#5946=CARTESIAN_POINT('Origin',(82.2225,-27.14625,1.51));
#5947=CARTESIAN_POINT('',(111.91875,-52.76875,1.51));
#5948=CARTESIAN_POINT('Origin',(111.91875,-54.76875,1.51));
#5949=CARTESIAN_POINT('',(116.99875,-53.91875,1.51));
#5950=CARTESIAN_POINT('Origin',(116.99875,-54.76875,1.51));
#5951=CARTESIAN_POINT('',(114.45875,-48.93875,1.51));
#5952=CARTESIAN_POINT('Origin',(114.45875,-49.68875,1.51));
#5953=CARTESIAN_POINT('',(125.88875,-53.91875,1.51));
#5954=CARTESIAN_POINT('Origin',(125.88875,-54.76875,1.51));
#5955=CARTESIAN_POINT('',(127.15875,-51.47875,1.51));
#5956=CARTESIAN_POINT('Origin',(127.15875,-52.22875,1.51));
#5957=CARTESIAN_POINT('',(130.96875,-52.76875,1.51));
#5958=CARTESIAN_POINT('Origin',(130.96875,-54.76875,1.51));
#5959=CARTESIAN_POINT('',(136.04875,-53.91875,1.51));
#5960=CARTESIAN_POINT('Origin',(136.04875,-54.76875,1.51));
#5961=CARTESIAN_POINT('',(133.50875,-48.93875,1.51));
#5962=CARTESIAN_POINT('Origin',(133.50875,-49.68875,1.51));
#5963=CARTESIAN_POINT('',(123.55,-39.3155,1.51));
#5964=CARTESIAN_POINT('Origin',(123.55,-39.76,1.51));
#5965=CARTESIAN_POINT('',(123.55,-36.7755,1.51));
#5966=CARTESIAN_POINT('Origin',(123.55,-37.22,1.51));
#5967=CARTESIAN_POINT('',(123.55,-34.2355,1.51));
#5968=CARTESIAN_POINT('Origin',(123.55,-34.68,1.51));
#5969=CARTESIAN_POINT('',(123.55,-31.6955,1.51));
#5970=CARTESIAN_POINT('Origin',(123.55,-32.14,1.51));
#5971=CARTESIAN_POINT('',(123.55,-29.1555,1.51));
#5972=CARTESIAN_POINT('Origin',(123.55,-29.6,1.51));
#5973=CARTESIAN_POINT('',(123.55,-26.6155,1.51));
#5974=CARTESIAN_POINT('Origin',(123.55,-27.06,1.51));
#5975=CARTESIAN_POINT('',(123.55,-24.0755,1.51));
#5976=CARTESIAN_POINT('Origin',(123.55,-24.52,1.51));
#5977=CARTESIAN_POINT('',(138.79,-39.3155,1.51));
#5978=CARTESIAN_POINT('Origin',(138.79,-39.76,1.51));
#5979=CARTESIAN_POINT('',(138.79,-36.7755,1.51));
#5980=CARTESIAN_POINT('Origin',(138.79,-37.22,1.51));
#5981=CARTESIAN_POINT('',(138.79,-34.2355,1.51));
#5982=CARTESIAN_POINT('Origin',(138.79,-34.68,1.51));
#5983=CARTESIAN_POINT('',(138.79,-31.6955,1.51));
#5984=CARTESIAN_POINT('Origin',(138.79,-32.14,1.51));
#5985=CARTESIAN_POINT('',(138.79,-29.1555,1.51));
#5986=CARTESIAN_POINT('Origin',(138.79,-29.6,1.51));
#5987=CARTESIAN_POINT('',(138.79,-26.6155,1.51));
#5988=CARTESIAN_POINT('Origin',(138.79,-27.06,1.51));
#5989=CARTESIAN_POINT('',(138.79,-24.0755,1.51));
#5990=CARTESIAN_POINT('Origin',(138.79,-24.52,1.51));
#5991=CARTESIAN_POINT('Origin',(75.2348,-21.22805,0.));
#5992=CARTESIAN_POINT('Origin',(87.78875,-92.86875,-0.046));
#5993=CARTESIAN_POINT('',(87.78875,-92.01875,-0.046));
#5994=CARTESIAN_POINT('Origin',(92.86875,-92.86875,-0.046));
#5995=CARTESIAN_POINT('',(92.86875,-90.86875,-0.046));
#5996=CARTESIAN_POINT('Origin',(89.05875,-90.32875,-0.046));
#5997=CARTESIAN_POINT('',(89.05875,-89.57875,-0.046));
#5998=CARTESIAN_POINT('Origin',(95.40875,-87.78875,-0.046));
#5999=CARTESIAN_POINT('',(95.40875,-87.03875,-0.046));
#6000=CARTESIAN_POINT('Origin',(97.94875,-92.86875,-0.046));
#6001=CARTESIAN_POINT('',(97.94875,-92.01875,-0.046));
#6002=CARTESIAN_POINT('Origin',(106.83875,-92.86875,-0.046));
#6003=CARTESIAN_POINT('',(106.83875,-92.01875,-0.046));
#6004=CARTESIAN_POINT('Origin',(108.10875,-90.32875,-0.046));
#6005=CARTESIAN_POINT('',(108.10875,-89.57875,-0.046));
#6006=CARTESIAN_POINT('Origin',(87.78875,-73.81875,-0.046));
#6007=CARTESIAN_POINT('',(87.78875,-72.96875,-0.046));
#6008=CARTESIAN_POINT('Origin',(92.86875,-73.81875,-0.046));
#6009=CARTESIAN_POINT('',(92.86875,-71.81875,-0.046));
#6010=CARTESIAN_POINT('Origin',(89.05875,-71.27875,-0.046));
#6011=CARTESIAN_POINT('',(89.05875,-70.52875,-0.046));
#6012=CARTESIAN_POINT('Origin',(95.40875,-68.73875,-0.046));
#6013=CARTESIAN_POINT('',(95.40875,-67.98875,-0.046));
#6014=CARTESIAN_POINT('Origin',(97.94875,-73.81875,-0.046));
#6015=CARTESIAN_POINT('',(97.94875,-72.96875,-0.046));
#6016=CARTESIAN_POINT('Origin',(106.83875,-73.81875,-0.046));
#6017=CARTESIAN_POINT('',(106.83875,-72.96875,-0.046));
#6018=CARTESIAN_POINT('Origin',(108.10875,-71.27875,-0.046));
#6019=CARTESIAN_POINT('',(108.10875,-70.52875,-0.046));
#6020=CARTESIAN_POINT('Origin',(111.91875,-92.86875,-0.046));
#6021=CARTESIAN_POINT('',(111.91875,-90.86875,-0.046));
#6022=CARTESIAN_POINT('Origin',(116.99875,-92.86875,-0.046));
#6023=CARTESIAN_POINT('',(116.99875,-92.01875,-0.046));
#6024=CARTESIAN_POINT('Origin',(114.45875,-87.78875,-0.046));
#6025=CARTESIAN_POINT('',(114.45875,-87.03875,-0.046));
#6026=CARTESIAN_POINT('Origin',(125.88875,-92.86875,-0.046));
#6027=CARTESIAN_POINT('',(125.88875,-92.01875,-0.046));
#6028=CARTESIAN_POINT('Origin',(130.96875,-92.86875,-0.046));
#6029=CARTESIAN_POINT('',(130.96875,-90.86875,-0.046));
#6030=CARTESIAN_POINT('Origin',(127.15875,-90.32875,-0.046));
#6031=CARTESIAN_POINT('',(127.15875,-89.57875,-0.046));
#6032=CARTESIAN_POINT('Origin',(136.04875,-92.86875,-0.046));
#6033=CARTESIAN_POINT('',(136.04875,-92.01875,-0.046));
#6034=CARTESIAN_POINT('Origin',(133.50875,-87.78875,-0.046));
#6035=CARTESIAN_POINT('',(133.50875,-87.03875,-0.046));
#6036=CARTESIAN_POINT('Origin',(111.91875,-73.81875,-0.046));
#6037=CARTESIAN_POINT('',(111.91875,-71.81875,-0.046));
#6038=CARTESIAN_POINT('Origin',(116.99875,-73.81875,-0.046));
#6039=CARTESIAN_POINT('',(116.99875,-72.96875,-0.046));
#6040=CARTESIAN_POINT('Origin',(114.45875,-68.73875,-0.046));
#6041=CARTESIAN_POINT('',(114.45875,-67.98875,-0.046));
#6042=CARTESIAN_POINT('Origin',(125.88875,-73.81875,-0.046));
#6043=CARTESIAN_POINT('',(125.88875,-72.96875,-0.046));
#6044=CARTESIAN_POINT('Origin',(130.96875,-73.81875,-0.046));
#6045=CARTESIAN_POINT('',(130.96875,-71.81875,-0.046));
#6046=CARTESIAN_POINT('Origin',(127.15875,-71.27875,-0.046));
#6047=CARTESIAN_POINT('',(127.15875,-70.52875,-0.046));
#6048=CARTESIAN_POINT('Origin',(136.04875,-73.81875,-0.046));
#6049=CARTESIAN_POINT('',(136.04875,-72.96875,-0.046));
#6050=CARTESIAN_POINT('Origin',(133.50875,-68.73875,-0.046));
#6051=CARTESIAN_POINT('',(133.50875,-67.98875,-0.046));
#6052=CARTESIAN_POINT('Origin',(87.78875,-54.76875,-0.046));
#6053=CARTESIAN_POINT('',(87.78875,-53.91875,-0.046));
#6054=CARTESIAN_POINT('Origin',(89.05875,-52.22875,-0.046));
#6055=CARTESIAN_POINT('',(89.05875,-51.47875,-0.046));
#6056=CARTESIAN_POINT('Origin',(92.86875,-54.76875,-0.046));
#6057=CARTESIAN_POINT('',(92.86875,-52.76875,-0.046));
#6058=CARTESIAN_POINT('Origin',(95.40875,-49.68875,-0.046));
#6059=CARTESIAN_POINT('',(95.40875,-48.93875,-0.046));
#6060=CARTESIAN_POINT('Origin',(97.94875,-54.76875,-0.046));
#6061=CARTESIAN_POINT('',(97.94875,-53.91875,-0.046));
#6062=CARTESIAN_POINT('Origin',(106.83875,-54.76875,-0.046));
#6063=CARTESIAN_POINT('',(106.83875,-53.91875,-0.046));
#6064=CARTESIAN_POINT('Origin',(108.10875,-52.22875,-0.046));
#6065=CARTESIAN_POINT('',(108.10875,-51.47875,-0.046));
#6066=CARTESIAN_POINT('Origin',(82.2225,-34.76625,-0.046));
#6067=CARTESIAN_POINT('',(82.2225,-34.26625,-0.046));
#6068=CARTESIAN_POINT('Origin',(82.2225,-32.22625,-0.046));
#6069=CARTESIAN_POINT('',(82.2225,-31.72625,-0.046));
#6070=CARTESIAN_POINT('Origin',(82.2225,-29.68625,-0.046));
#6071=CARTESIAN_POINT('',(82.2225,-29.18625,-0.046));
#6072=CARTESIAN_POINT('Origin',(82.2225,-27.14625,-0.046));
#6073=CARTESIAN_POINT('',(82.2225,-26.64625,-0.046));
#6074=CARTESIAN_POINT('Origin',(111.91875,-54.76875,-0.046));
#6075=CARTESIAN_POINT('',(111.91875,-52.76875,-0.046));
#6076=CARTESIAN_POINT('Origin',(116.99875,-54.76875,-0.046));
#6077=CARTESIAN_POINT('',(116.99875,-53.91875,-0.046));
#6078=CARTESIAN_POINT('Origin',(114.45875,-49.68875,-0.046));
#6079=CARTESIAN_POINT('',(114.45875,-48.93875,-0.046));
#6080=CARTESIAN_POINT('Origin',(125.88875,-54.76875,-0.046));
#6081=CARTESIAN_POINT('',(125.88875,-53.91875,-0.046));
#6082=CARTESIAN_POINT('Origin',(127.15875,-52.22875,-0.046));
#6083=CARTESIAN_POINT('',(127.15875,-51.47875,-0.046));
#6084=CARTESIAN_POINT('Origin',(130.96875,-54.76875,-0.046));
#6085=CARTESIAN_POINT('',(130.96875,-52.76875,-0.046));
#6086=CARTESIAN_POINT('Origin',(136.04875,-54.76875,-0.046));
#6087=CARTESIAN_POINT('',(136.04875,-53.91875,-0.046));
#6088=CARTESIAN_POINT('Origin',(133.50875,-49.68875,-0.046));
#6089=CARTESIAN_POINT('',(133.50875,-48.93875,-0.046));
#6090=CARTESIAN_POINT('Origin',(123.55,-39.76,-0.046));
#6091=CARTESIAN_POINT('',(123.55,-39.3155,-0.046));
#6092=CARTESIAN_POINT('Origin',(123.55,-37.22,-0.046));
#6093=CARTESIAN_POINT('',(123.55,-36.7755,-0.046));
#6094=CARTESIAN_POINT('Origin',(123.55,-34.68,-0.046));
#6095=CARTESIAN_POINT('',(123.55,-34.2355,-0.046));
#6096=CARTESIAN_POINT('Origin',(123.55,-32.14,-0.046));
#6097=CARTESIAN_POINT('',(123.55,-31.6955,-0.046));
#6098=CARTESIAN_POINT('Origin',(123.55,-29.6,-0.046));
#6099=CARTESIAN_POINT('',(123.55,-29.1555,-0.046));
#6100=CARTESIAN_POINT('Origin',(123.55,-27.06,-0.046));
#6101=CARTESIAN_POINT('',(123.55,-26.6155,-0.046));
#6102=CARTESIAN_POINT('Origin',(123.55,-24.52,-0.046));
#6103=CARTESIAN_POINT('',(123.55,-24.0755,-0.046));
#6104=CARTESIAN_POINT('Origin',(138.79,-39.76,-0.046));
#6105=CARTESIAN_POINT('',(138.79,-39.3155,-0.046));
#6106=CARTESIAN_POINT('Origin',(138.79,-37.22,-0.046));
#6107=CARTESIAN_POINT('',(138.79,-36.7755,-0.046));
#6108=CARTESIAN_POINT('Origin',(138.79,-34.68,-0.046));
#6109=CARTESIAN_POINT('',(138.79,-34.2355,-0.046));
#6110=CARTESIAN_POINT('Origin',(138.79,-32.14,-0.046));
#6111=CARTESIAN_POINT('',(138.79,-31.6955,-0.046));
#6112=CARTESIAN_POINT('Origin',(138.79,-29.6,-0.046));
#6113=CARTESIAN_POINT('',(138.79,-29.1555,-0.046));
#6114=CARTESIAN_POINT('Origin',(138.79,-27.06,-0.046));
#6115=CARTESIAN_POINT('',(138.79,-26.6155,-0.046));
#6116=CARTESIAN_POINT('Origin',(138.79,-24.52,-0.046));
#6117=CARTESIAN_POINT('',(138.79,-24.0755,-0.046));
#6118=CARTESIAN_POINT('',(0.,0.,0.));
#6119=CARTESIAN_POINT('',(0.,0.,0.));
#6120=CARTESIAN_POINT('Origin',(37.2499999158085,42.2499999158084,0.));
#6121=CARTESIAN_POINT('',(74.5,0.,0.));
#6122=CARTESIAN_POINT('',(0.,0.,0.));
#6123=CARTESIAN_POINT('',(0.,0.,0.));
#6124=CARTESIAN_POINT('',(74.5,84.5,0.));
#6125=CARTESIAN_POINT('',(74.5,0.,0.));
#6126=CARTESIAN_POINT('',(0.,84.5,0.));
#6127=CARTESIAN_POINT('',(74.5,84.5,0.));
#6128=CARTESIAN_POINT('',(0.,84.5,0.));
#6129=CARTESIAN_POINT('Origin',(37.2499999158085,42.2499999158084,-1.));
#6130=CARTESIAN_POINT('',(84.,-4.50000000000003,-1.));
#6131=CARTESIAN_POINT('',(79.,-9.50000000000003,-1.));
#6132=CARTESIAN_POINT('Origin',(79.,-4.50000000000002,-1.));
#6133=CARTESIAN_POINT('',(-4.49870237487252,-9.50000000000003,-1.));
#6134=CARTESIAN_POINT('',(79.,-9.50000000000003,-1.));
#6135=CARTESIAN_POINT('',(-9.50000000000001,-4.49870237487682,-1.));
#6136=CARTESIAN_POINT('Origin',(-4.50000000000001,-4.50000000000003,-1.));
#6137=CARTESIAN_POINT('',(-9.50000000000001,89.,-1.));
#6138=CARTESIAN_POINT('',(-9.50000000000001,-4.50129762512324,-1.));
#6139=CARTESIAN_POINT('',(-4.50000000000001,94.,-1.));
#6140=CARTESIAN_POINT('Origin',(-4.5,89.,-1.));
#6141=CARTESIAN_POINT('',(79.,94.,-1.));
#6142=CARTESIAN_POINT('',(-4.50000000000001,94.,-1.));
#6143=CARTESIAN_POINT('',(84.,89.,-1.));
#6144=CARTESIAN_POINT('Origin',(79.,89.,-1.));
#6145=CARTESIAN_POINT('',(84.,89.,-1.));
#6146=CARTESIAN_POINT('',(-7.50000000000001,-4.50000000000003,-1.));
#6147=CARTESIAN_POINT('Origin',(-4.50000000000001,-4.50000000000003,-1.));
#6148=CARTESIAN_POINT('',(-7.50000000000001,89.0000013262033,-1.));
#6149=CARTESIAN_POINT('Origin',(-4.50000000000001,89.0000013262033,-1.));
#6150=CARTESIAN_POINT('',(76.,-4.50000000000002,-1.));
#6151=CARTESIAN_POINT('Origin',(79.,-4.50000000000002,-1.));
#6152=CARTESIAN_POINT('',(76.0000011771917,89.,-1.));
#6153=CARTESIAN_POINT('Origin',(79.0000011771917,89.,-1.));
#6154=CARTESIAN_POINT('Origin',(79.,-4.50000000000003,0.));
#6155=CARTESIAN_POINT('',(84.,-4.50000000000003,13.));
#6156=CARTESIAN_POINT('',(79.,-9.50000000000003,13.));
#6157=CARTESIAN_POINT('Origin',(79.,-4.50000000000003,13.));
#6158=CARTESIAN_POINT('',(79.,-9.50000000000003,0.));
#6159=CARTESIAN_POINT('',(84.,-4.50000000000003,0.));
#6160=CARTESIAN_POINT('Origin',(-9.50000000000001,-9.50000000000003,0.));
#6161=CARTESIAN_POINT('',(-4.50000000000001,-9.50000000000003,13.));
#6162=CARTESIAN_POINT('',(-9.50000000000001,-9.50000000000003,13.));
#6163=CARTESIAN_POINT('',(-4.50000000000001,-9.50000000000003,0.));
#6164=CARTESIAN_POINT('',(-4.50000000000001,-9.50000000000003,0.));
#6165=CARTESIAN_POINT('',(-4.49870237487252,-9.50000000000003,0.));
#6166=CARTESIAN_POINT('',(-9.50000000000001,-9.50000000000003,0.));
#6167=CARTESIAN_POINT('',(-4.49870237487252,-9.50000000000003,0.));
#6168=CARTESIAN_POINT('Origin',(79.,-4.50000000000003,13.));
#6169=CARTESIAN_POINT('',(84.,89.,13.));
#6170=CARTESIAN_POINT('',(84.,-9.50000000000003,13.));
#6171=CARTESIAN_POINT('',(79.,94.,13.));
#6172=CARTESIAN_POINT('Origin',(79.,89.,13.));
#6173=CARTESIAN_POINT('',(65.75,94.,13.));
#6174=CARTESIAN_POINT('',(84.,94.,13.));
#6175=CARTESIAN_POINT('',(65.75,84.5,13.));
#6176=CARTESIAN_POINT('',(65.75,44.75,13.));
#6177=CARTESIAN_POINT('',(74.5,84.5,13.));
#6178=CARTESIAN_POINT('',(74.5,84.5,13.));
#6179=CARTESIAN_POINT('',(74.5,0.,13.));
#6180=CARTESIAN_POINT('',(74.5,0.,13.));
#6181=CARTESIAN_POINT('',(0.,0.,13.));
#6182=CARTESIAN_POINT('',(0.,0.,13.));
#6183=CARTESIAN_POINT('',(0.,84.5,13.));
#6184=CARTESIAN_POINT('',(0.,84.5,13.));
#6185=CARTESIAN_POINT('',(47.25,84.5,13.));
#6186=CARTESIAN_POINT('',(74.5,84.5,13.));
#6187=CARTESIAN_POINT('',(47.25,94.,13.));
#6188=CARTESIAN_POINT('',(47.25,40.,13.));
#6189=CARTESIAN_POINT('',(-4.50000000000001,94.,13.));
#6190=CARTESIAN_POINT('',(84.,94.,13.));
#6191=CARTESIAN_POINT('',(-9.50000000000001,89.,13.));
#6192=CARTESIAN_POINT('Origin',(-4.50000000000001,89.,13.));
#6193=CARTESIAN_POINT('',(-9.50000000000001,-4.50000000000003,13.));
#6194=CARTESIAN_POINT('',(-9.50000000000001,94.,13.));
#6195=CARTESIAN_POINT('Origin',(-4.50000000000001,-4.50000000000003,13.));
#6196=CARTESIAN_POINT('',(77.3,-4.50000000000003,13.));
#6197=CARTESIAN_POINT('Origin',(79.,-4.50000000000003,13.));
#6198=CARTESIAN_POINT('',(77.3000011771917,89.,13.));
#6199=CARTESIAN_POINT('Origin',(79.0000011771917,89.,13.));
#6200=CARTESIAN_POINT('',(-6.20000000000001,89.0000013262033,13.));
#6201=CARTESIAN_POINT('Origin',(-4.50000000000001,89.0000013262033,13.));
#6202=CARTESIAN_POINT('',(-6.20000000000001,-4.50000000000003,13.));
#6203=CARTESIAN_POINT('Origin',(-4.50000000000001,-4.50000000000003,13.));
#6204=CARTESIAN_POINT('Origin',(-4.50000000000001,-4.50000000000003,0.));
#6205=CARTESIAN_POINT('',(-9.50000000000001,-4.50000000000003,0.));
#6206=CARTESIAN_POINT('',(-9.50000000000001,-4.50000000000003,0.));
#6207=CARTESIAN_POINT('',(-9.50000000000001,-4.49870237487682,0.));
#6208=CARTESIAN_POINT('',(-9.50000000000001,94.,0.));
#6209=CARTESIAN_POINT('',(-9.50000000000001,-4.49870237487682,0.));
#6210=CARTESIAN_POINT('Origin',(-9.50000000000001,94.,0.));
#6211=CARTESIAN_POINT('',(-9.50000000000001,89.,0.));
#6212=CARTESIAN_POINT('Origin',(-4.50000000000001,89.,0.));
#6213=CARTESIAN_POINT('',(-4.50000000000001,94.,0.));
#6214=CARTESIAN_POINT('Origin',(84.,94.,0.));
#6215=CARTESIAN_POINT('',(47.25,94.,5.5));
#6216=CARTESIAN_POINT('',(47.25,94.,6.5));
#6217=CARTESIAN_POINT('',(65.75,94.,5.5));
#6218=CARTESIAN_POINT('',(70.25,94.,5.5));
#6219=CARTESIAN_POINT('',(65.75,94.,6.5));
#6220=CARTESIAN_POINT('',(79.,94.,0.));
#6221=CARTESIAN_POINT('Origin',(79.,89.,0.));
#6222=CARTESIAN_POINT('',(84.,89.,0.));
#6223=CARTESIAN_POINT('Origin',(84.,-9.50000000000003,0.));
#6224=CARTESIAN_POINT('Origin',(65.75,94.,13.));
#6225=CARTESIAN_POINT('',(65.75,84.5,5.5));
#6226=CARTESIAN_POINT('',(65.75,94.,5.5));
#6227=CARTESIAN_POINT('',(65.75,84.5,6.5));
#6228=CARTESIAN_POINT('Origin',(47.25,84.5,13.));
#6229=CARTESIAN_POINT('',(47.25,84.5,5.5));
#6230=CARTESIAN_POINT('',(47.25,84.5,6.5));
#6231=CARTESIAN_POINT('',(47.25,84.5,5.5));
#6232=CARTESIAN_POINT('Origin',(56.5,89.25,5.5));
#6233=CARTESIAN_POINT('',(28.25,84.5,5.5));
#6234=CARTESIAN_POINT('Origin',(0.,84.5,0.));
#6235=CARTESIAN_POINT('',(0.,84.5,0.));
#6236=CARTESIAN_POINT('',(74.5,84.5,0.));
#6237=CARTESIAN_POINT('Origin',(79.,-4.50000000000003,0.));
#6238=CARTESIAN_POINT('',(76.,-4.50000000000003,3.1));
#6239=CARTESIAN_POINT('',(76.,-4.50000000000003,0.));
#6240=CARTESIAN_POINT('Origin',(79.,-4.50000000000003,3.1));
#6241=CARTESIAN_POINT('Origin',(-4.50000000000001,-4.50000000000003,0.));
#6242=CARTESIAN_POINT('',(-7.50000000000001,-4.50000000000003,3.1));
#6243=CARTESIAN_POINT('',(-7.50000000000001,-4.50000000000003,0.));
#6244=CARTESIAN_POINT('Origin',(-4.50000000000001,-4.50000000000003,3.1));
#6245=CARTESIAN_POINT('Origin',(79.0000011771917,89.,0.));
#6246=CARTESIAN_POINT('',(76.0000011771917,89.,3.1));
#6247=CARTESIAN_POINT('',(76.0000011771917,89.,0.));
#6248=CARTESIAN_POINT('Origin',(79.0000011771917,89.,3.1));
#6249=CARTESIAN_POINT('Origin',(-4.50000000000001,89.0000013262033,0.));
#6250=CARTESIAN_POINT('',(-7.50000000000002,89.0000013262033,3.1));
#6251=CARTESIAN_POINT('',(-7.50000000000001,89.0000013262033,0.));
#6252=CARTESIAN_POINT('Origin',(-4.50000000000001,89.0000013262033,3.1));
#6253=CARTESIAN_POINT('Origin',(74.5,0.,0.));
#6254=CARTESIAN_POINT('',(0.,0.,0.));
#6255=CARTESIAN_POINT('',(74.5,0.,0.));
#6256=CARTESIAN_POINT('Origin',(74.5,84.5,0.));
#6257=CARTESIAN_POINT('Origin',(0.,0.,0.));
#6258=CARTESIAN_POINT('Origin',(-4.50000000000001,89.0000013262033,3.1));
#6259=CARTESIAN_POINT('',(-6.20000000000001,89.0000013262033,3.1));
#6260=CARTESIAN_POINT('Origin',(-4.50000000000001,89.0000013262033,3.1));
#6261=CARTESIAN_POINT('',(-6.20000000000001,89.0000013262033,3.1));
#6262=CARTESIAN_POINT('Origin',(-4.50000000000001,89.0000013262033,3.1));
#6263=CARTESIAN_POINT('Origin',(79.0000011771917,89.,3.1));
#6264=CARTESIAN_POINT('',(77.3000011771917,89.,3.1));
#6265=CARTESIAN_POINT('Origin',(79.0000011771917,89.,3.1));
#6266=CARTESIAN_POINT('',(77.3000011771917,89.,3.1));
#6267=CARTESIAN_POINT('Origin',(79.0000011771917,89.,3.1));
#6268=CARTESIAN_POINT('Origin',(-4.50000000000001,-4.50000000000003,3.1));
#6269=CARTESIAN_POINT('',(-6.20000000000001,-4.50000000000003,3.1));
#6270=CARTESIAN_POINT('Origin',(-4.50000000000001,-4.50000000000003,3.1));
#6271=CARTESIAN_POINT('',(-6.20000000000001,-4.50000000000003,3.1));
#6272=CARTESIAN_POINT('Origin',(-4.50000000000001,-4.50000000000003,3.1));
#6273=CARTESIAN_POINT('Origin',(79.,-4.50000000000003,3.1));
#6274=CARTESIAN_POINT('',(77.3,-4.50000000000003,3.1));
#6275=CARTESIAN_POINT('Origin',(79.,-4.50000000000003,3.1));
#6276=CARTESIAN_POINT('',(77.3,-4.50000000000003,3.1));
#6277=CARTESIAN_POINT('Origin',(79.,-4.50000000000003,3.1));
#6278=CARTESIAN_POINT('',(0.,0.,0.));
#6279=CARTESIAN_POINT('',(0.,0.,0.));
#6280=CARTESIAN_POINT('Origin',(28.575,-17.375,-1.5));
#6281=CARTESIAN_POINT('',(-13.175,-69.125,-1.5));
#6282=CARTESIAN_POINT('',(-18.175,-64.125,-1.5));
#6283=CARTESIAN_POINT('Origin',(-13.175,-64.125,-1.5));
#6284=CARTESIAN_POINT('',(70.325,-69.125,-1.5));
#6285=CARTESIAN_POINT('',(5.2,-69.125,-1.5));
#6286=CARTESIAN_POINT('',(75.325,-64.125,-1.5));
#6287=CARTESIAN_POINT('Origin',(70.325,-64.125,-1.5));
#6288=CARTESIAN_POINT('',(75.325,29.375,-1.5));
#6289=CARTESIAN_POINT('',(75.325,-43.25,-1.5));
#6290=CARTESIAN_POINT('',(70.325,34.375,-1.5));
#6291=CARTESIAN_POINT('Origin',(70.325,29.375,-1.5));
#6292=CARTESIAN_POINT('',(57.0999987795949,34.375,-1.5));
#6293=CARTESIAN_POINT('',(51.95,34.375,-1.5));
#6294=CARTESIAN_POINT('',(57.0999987795949,2.87499999999997,-1.5));
#6295=CARTESIAN_POINT('',(57.0999987795949,8.5,-1.5));
#6296=CARTESIAN_POINT('',(38.5999987795949,2.87499999999997,-1.5));
#6297=CARTESIAN_POINT('',(42.8374993897975,2.87499999999997,-1.5));
#6298=CARTESIAN_POINT('',(38.5999987795949,34.375,-1.5));
#6299=CARTESIAN_POINT('',(38.5999987795949,-7.25000000000002,-1.5));
#6300=CARTESIAN_POINT('',(-13.175,34.375,-1.5));
#6301=CARTESIAN_POINT('',(33.5874993897975,34.375,-1.5));
#6302=CARTESIAN_POINT('',(-18.175,29.375,-1.5));
#6303=CARTESIAN_POINT('Origin',(-13.175,29.375,-1.5));
#6304=CARTESIAN_POINT('',(-18.175,8.5,-1.5));
#6305=CARTESIAN_POINT('',(16.025,-2.525,-1.5));
#6306=CARTESIAN_POINT('',(3.025,-2.525,-1.5));
#6307=CARTESIAN_POINT('',(22.3,-2.525,-1.5));
#6308=CARTESIAN_POINT('',(16.525,-3.025,-1.5));
#6309=CARTESIAN_POINT('Origin',(16.025,-3.025,-1.5));
#6310=CARTESIAN_POINT('',(16.525,-16.025,-1.5));
#6311=CARTESIAN_POINT('',(16.525,-16.7,-1.5));
#6312=CARTESIAN_POINT('',(16.025,-16.525,-1.5));
#6313=CARTESIAN_POINT('Origin',(16.025,-16.025,-1.5));
#6314=CARTESIAN_POINT('',(3.025,-16.525,-1.5));
#6315=CARTESIAN_POINT('',(15.8,-16.525,-1.5));
#6316=CARTESIAN_POINT('',(2.525,-16.025,-1.5));
#6317=CARTESIAN_POINT('Origin',(3.025,-16.025,-1.5));
#6318=CARTESIAN_POINT('',(2.525,-3.025,-1.5));
#6319=CARTESIAN_POINT('',(2.525,-10.2,-1.5));
#6320=CARTESIAN_POINT('Origin',(3.025,-3.025,-1.5));
#6321=CARTESIAN_POINT('',(54.125,-40.625,-1.5));
#6322=CARTESIAN_POINT('',(41.125,-40.625,-1.5));
#6323=CARTESIAN_POINT('',(41.35,-40.625,-1.5));
#6324=CARTESIAN_POINT('',(54.625,-41.125,-1.5));
#6325=CARTESIAN_POINT('Origin',(54.125,-41.125,-1.5));
#6326=CARTESIAN_POINT('',(54.625,-54.125,-1.5));
#6327=CARTESIAN_POINT('',(54.625,-35.75,-1.5));
#6328=CARTESIAN_POINT('',(54.125,-54.625,-1.5));
#6329=CARTESIAN_POINT('Origin',(54.125,-54.125,-1.5));
#6330=CARTESIAN_POINT('',(41.125,-54.625,-1.5));
#6331=CARTESIAN_POINT('',(34.85,-54.625,-1.5));
#6332=CARTESIAN_POINT('',(40.625,-54.125,-1.5));
#6333=CARTESIAN_POINT('Origin',(41.125,-54.125,-1.5));
#6334=CARTESIAN_POINT('',(40.625,-41.125,-1.5));
#6335=CARTESIAN_POINT('',(40.625,-29.25,-1.5));
#6336=CARTESIAN_POINT('Origin',(41.125,-41.125,-1.5));
#6337=CARTESIAN_POINT('',(35.075,-40.625,-1.5));
#6338=CARTESIAN_POINT('',(22.075,-40.625,-1.5));
#6339=CARTESIAN_POINT('',(31.825,-40.625,-1.5));
#6340=CARTESIAN_POINT('',(35.575,-41.125,-1.5));
#6341=CARTESIAN_POINT('Origin',(35.075,-41.125,-1.5));
#6342=CARTESIAN_POINT('',(35.575,-54.125,-1.5));
#6343=CARTESIAN_POINT('',(35.575,-35.75,-1.5));
#6344=CARTESIAN_POINT('',(35.075,-54.625,-1.5));
#6345=CARTESIAN_POINT('Origin',(35.075,-54.125,-1.5));
#6346=CARTESIAN_POINT('',(22.075,-54.625,-1.5));
#6347=CARTESIAN_POINT('',(25.325,-54.625,-1.5));
#6348=CARTESIAN_POINT('',(21.575,-54.125,-1.5));
#6349=CARTESIAN_POINT('Origin',(22.075,-54.125,-1.5));
#6350=CARTESIAN_POINT('',(21.575,-41.125,-1.5));
#6351=CARTESIAN_POINT('',(21.575,-29.25,-1.5));
#6352=CARTESIAN_POINT('Origin',(22.075,-41.125,-1.5));
#6353=CARTESIAN_POINT('',(16.025,-21.575,-1.5));
#6354=CARTESIAN_POINT('',(3.025,-21.575,-1.5));
#6355=CARTESIAN_POINT('',(22.3,-21.575,-1.5));
#6356=CARTESIAN_POINT('',(16.525,-22.075,-1.5));
#6357=CARTESIAN_POINT('Origin',(16.025,-22.075,-1.5));
#6358=CARTESIAN_POINT('',(16.525,-35.075,-1.5));
#6359=CARTESIAN_POINT('',(16.525,-26.225,-1.5));
#6360=CARTESIAN_POINT('',(16.025,-35.575,-1.5));
#6361=CARTESIAN_POINT('Origin',(16.025,-35.075,-1.5));
#6362=CARTESIAN_POINT('',(3.025,-35.575,-1.5));
#6363=CARTESIAN_POINT('',(15.8,-35.575,-1.5));
#6364=CARTESIAN_POINT('',(2.525,-35.075,-1.5));
#6365=CARTESIAN_POINT('Origin',(3.025,-35.075,-1.5));
#6366=CARTESIAN_POINT('',(2.525,-22.075,-1.5));
#6367=CARTESIAN_POINT('',(2.525,-19.725,-1.5));
#6368=CARTESIAN_POINT('Origin',(3.025,-22.075,-1.5));
#6369=CARTESIAN_POINT('',(35.075,-2.525,-1.5));
#6370=CARTESIAN_POINT('',(22.075,-2.525,-1.5));
#6371=CARTESIAN_POINT('',(31.825,-2.525,-1.5));
#6372=CARTESIAN_POINT('',(35.575,-3.025,-1.5));
#6373=CARTESIAN_POINT('Origin',(35.075,-3.025,-1.5));
#6374=CARTESIAN_POINT('',(35.575,-16.025,-1.5));
#6375=CARTESIAN_POINT('',(35.575,-16.7,-1.5));
#6376=CARTESIAN_POINT('',(35.075,-16.525,-1.5));
#6377=CARTESIAN_POINT('Origin',(35.075,-16.025,-1.5));
#6378=CARTESIAN_POINT('',(22.075,-16.525,-1.5));
#6379=CARTESIAN_POINT('',(25.325,-16.525,-1.5));
#6380=CARTESIAN_POINT('',(21.575,-16.025,-1.5));
#6381=CARTESIAN_POINT('Origin',(22.075,-16.025,-1.5));
#6382=CARTESIAN_POINT('',(21.575,-3.025,-1.5));
#6383=CARTESIAN_POINT('',(21.575,-10.2,-1.5));
#6384=CARTESIAN_POINT('Origin',(22.075,-3.025,-1.5));
#6385=CARTESIAN_POINT('',(54.125,-21.575,-1.5));
#6386=CARTESIAN_POINT('',(41.125,-21.575,-1.5));
#6387=CARTESIAN_POINT('',(41.35,-21.575,-1.5));
#6388=CARTESIAN_POINT('',(54.625,-22.075,-1.5));
#6389=CARTESIAN_POINT('Origin',(54.125,-22.075,-1.5));
#6390=CARTESIAN_POINT('',(54.625,-35.075,-1.5));
#6391=CARTESIAN_POINT('',(54.625,-26.225,-1.5));
#6392=CARTESIAN_POINT('',(54.125,-35.575,-1.5));
#6393=CARTESIAN_POINT('Origin',(54.125,-35.075,-1.5));
#6394=CARTESIAN_POINT('',(41.125,-35.575,-1.5));
#6395=CARTESIAN_POINT('',(34.85,-35.575,-1.5));
#6396=CARTESIAN_POINT('',(40.625,-35.075,-1.5));
#6397=CARTESIAN_POINT('Origin',(41.125,-35.075,-1.5));
#6398=CARTESIAN_POINT('',(40.625,-22.075,-1.5));
#6399=CARTESIAN_POINT('',(40.625,-19.725,-1.5));
#6400=CARTESIAN_POINT('Origin',(41.125,-22.075,-1.5));
#6401=CARTESIAN_POINT('',(16.025,-40.625,-1.5));
#6402=CARTESIAN_POINT('',(3.025,-40.625,-1.5));
#6403=CARTESIAN_POINT('',(22.3,-40.625,-1.5));
#6404=CARTESIAN_POINT('',(16.525,-41.125,-1.5));
#6405=CARTESIAN_POINT('Origin',(16.025,-41.125,-1.5));
#6406=CARTESIAN_POINT('',(16.525,-54.125,-1.5));
#6407=CARTESIAN_POINT('',(16.525,-35.75,-1.5));
#6408=CARTESIAN_POINT('',(16.025,-54.625,-1.5));
#6409=CARTESIAN_POINT('Origin',(16.025,-54.125,-1.5));
#6410=CARTESIAN_POINT('',(3.025,-54.625,-1.5));
#6411=CARTESIAN_POINT('',(15.8,-54.625,-1.5));
#6412=CARTESIAN_POINT('',(2.525,-54.125,-1.5));
#6413=CARTESIAN_POINT('Origin',(3.025,-54.125,-1.5));
#6414=CARTESIAN_POINT('',(2.525,-41.125,-1.5));
#6415=CARTESIAN_POINT('',(2.525,-29.25,-1.5));
#6416=CARTESIAN_POINT('Origin',(3.025,-41.125,-1.5));
#6417=CARTESIAN_POINT('',(35.075,-21.575,-1.5));
#6418=CARTESIAN_POINT('',(22.075,-21.575,-1.5));
#6419=CARTESIAN_POINT('',(31.825,-21.575,-1.5));
#6420=CARTESIAN_POINT('',(35.575,-22.075,-1.5));
#6421=CARTESIAN_POINT('Origin',(35.075,-22.075,-1.5));
#6422=CARTESIAN_POINT('',(35.575,-35.075,-1.5));
#6423=CARTESIAN_POINT('',(35.575,-26.225,-1.5));
#6424=CARTESIAN_POINT('',(35.075,-35.575,-1.5));
#6425=CARTESIAN_POINT('Origin',(35.075,-35.075,-1.5));
#6426=CARTESIAN_POINT('',(22.075,-35.575,-1.5));
#6427=CARTESIAN_POINT('',(25.325,-35.575,-1.5));
#6428=CARTESIAN_POINT('',(21.575,-35.075,-1.5));
#6429=CARTESIAN_POINT('Origin',(22.075,-35.075,-1.5));
#6430=CARTESIAN_POINT('',(21.575,-22.075,-1.5));
#6431=CARTESIAN_POINT('',(21.575,-19.725,-1.5));
#6432=CARTESIAN_POINT('Origin',(22.075,-22.075,-1.5));
#6433=CARTESIAN_POINT('',(54.125,-2.525,-1.5));
#6434=CARTESIAN_POINT('',(41.125,-2.525,-1.5));
#6435=CARTESIAN_POINT('',(41.35,-2.525,-1.5));
#6436=CARTESIAN_POINT('',(54.625,-3.025,-1.5));
#6437=CARTESIAN_POINT('Origin',(54.125,-3.025,-1.5));
#6438=CARTESIAN_POINT('',(54.625,-16.025,-1.5));
#6439=CARTESIAN_POINT('',(54.625,-16.7,-1.5));
#6440=CARTESIAN_POINT('',(54.125,-16.525,-1.5));
#6441=CARTESIAN_POINT('Origin',(54.125,-16.025,-1.5));
#6442=CARTESIAN_POINT('',(41.125,-16.525,-1.5));
#6443=CARTESIAN_POINT('',(34.85,-16.525,-1.5));
#6444=CARTESIAN_POINT('',(40.625,-16.025,-1.5));
#6445=CARTESIAN_POINT('Origin',(41.125,-16.025,-1.5));
#6446=CARTESIAN_POINT('',(40.625,-3.025,-1.5));
#6447=CARTESIAN_POINT('',(40.625,-10.2,-1.5));
#6448=CARTESIAN_POINT('Origin',(41.125,-3.025,-1.5));
#6449=CARTESIAN_POINT('',(68.625,-64.125,-1.5));
#6450=CARTESIAN_POINT('Origin',(70.325,-64.125,-1.5));
#6451=CARTESIAN_POINT('',(-14.875,-64.125,-1.5));
#6452=CARTESIAN_POINT('Origin',(-13.175,-64.125,-1.5));
#6453=CARTESIAN_POINT('',(68.625,29.375,-1.5));
#6454=CARTESIAN_POINT('Origin',(70.325,29.375,-1.5));
#6455=CARTESIAN_POINT('',(-14.875,29.375,-1.5));
#6456=CARTESIAN_POINT('Origin',(-13.175,29.375,-1.5));
#6457=CARTESIAN_POINT('',(35.723590853708,7.67999988030643,-1.5));
#6458=CARTESIAN_POINT('',(35.723590853708,20.1799998803064,-1.5));
#6459=CARTESIAN_POINT('',(35.723590853708,1.4024999401532,-1.5));
#6460=CARTESIAN_POINT('',(-3.27640914629201,7.67999988030643,-1.5));
#6461=CARTESIAN_POINT('',(32.149295426854,7.67999988030642,-1.5));
#6462=CARTESIAN_POINT('',(-3.27640914629201,20.1799998803064,-1.5));
#6463=CARTESIAN_POINT('',(-3.27640914629202,-4.84750005984679,-1.5));
#6464=CARTESIAN_POINT('',(12.649295426854,20.1799998803064,-1.5));
#6465=CARTESIAN_POINT('Origin',(3.025,-16.525,0.));
#6466=CARTESIAN_POINT('',(16.025,-16.525,-5.));
#6467=CARTESIAN_POINT('',(16.025,-16.525,0.));
#6468=CARTESIAN_POINT('',(3.025,-16.525,-5.));
#6469=CARTESIAN_POINT('',(15.8,-16.525,-5.));
#6470=CARTESIAN_POINT('',(3.025,-16.525,0.));
#6471=CARTESIAN_POINT('Origin',(16.025,-16.025,0.));
#6472=CARTESIAN_POINT('',(16.525,-16.025,-5.));
#6473=CARTESIAN_POINT('',(16.525,-16.025,0.));
#6474=CARTESIAN_POINT('Origin',(16.025,-16.025,-5.));
#6475=CARTESIAN_POINT('Origin',(16.525,-16.025,0.));
#6476=CARTESIAN_POINT('',(16.525,-3.025,-5.));
#6477=CARTESIAN_POINT('',(16.525,-3.025,0.));
#6478=CARTESIAN_POINT('',(16.525,-16.7,-5.));
#6479=CARTESIAN_POINT('Origin',(16.025,-3.025,0.));
#6480=CARTESIAN_POINT('',(16.025,-2.525,-5.));
#6481=CARTESIAN_POINT('',(16.025,-2.525,0.));
#6482=CARTESIAN_POINT('Origin',(16.025,-3.025,-5.));
#6483=CARTESIAN_POINT('Origin',(41.125,-54.625,0.));
#6484=CARTESIAN_POINT('',(54.125,-54.625,-5.));
#6485=CARTESIAN_POINT('',(54.125,-54.625,0.));
#6486=CARTESIAN_POINT('',(41.125,-54.625,-5.));
#6487=CARTESIAN_POINT('',(34.85,-54.625,-5.));
#6488=CARTESIAN_POINT('',(41.125,-54.625,0.));
#6489=CARTESIAN_POINT('Origin',(54.125,-54.125,0.));
#6490=CARTESIAN_POINT('',(54.625,-54.125,-5.));
#6491=CARTESIAN_POINT('',(54.625,-54.125,0.));
#6492=CARTESIAN_POINT('Origin',(54.125,-54.125,-5.));
#6493=CARTESIAN_POINT('Origin',(54.625,-54.125,0.));
#6494=CARTESIAN_POINT('',(54.625,-41.125,-5.));
#6495=CARTESIAN_POINT('',(54.625,-41.125,0.));
#6496=CARTESIAN_POINT('',(54.625,-35.75,-5.));
#6497=CARTESIAN_POINT('Origin',(54.125,-41.125,0.));
#6498=CARTESIAN_POINT('',(54.125,-40.625,-5.));
#6499=CARTESIAN_POINT('',(54.125,-40.625,0.));
#6500=CARTESIAN_POINT('Origin',(54.125,-41.125,-5.));
#6501=CARTESIAN_POINT('Origin',(22.075,-54.625,0.));
#6502=CARTESIAN_POINT('',(35.075,-54.625,-5.));
#6503=CARTESIAN_POINT('',(35.075,-54.625,0.));
#6504=CARTESIAN_POINT('',(22.075,-54.625,-5.));
#6505=CARTESIAN_POINT('',(25.325,-54.625,-5.));
#6506=CARTESIAN_POINT('',(22.075,-54.625,0.));
#6507=CARTESIAN_POINT('Origin',(35.075,-54.125,0.));
#6508=CARTESIAN_POINT('',(35.575,-54.125,-5.));
#6509=CARTESIAN_POINT('',(35.575,-54.125,0.));
#6510=CARTESIAN_POINT('Origin',(35.075,-54.125,-5.));
#6511=CARTESIAN_POINT('Origin',(35.575,-54.125,0.));
#6512=CARTESIAN_POINT('',(35.575,-41.125,-5.));
#6513=CARTESIAN_POINT('',(35.575,-41.125,0.));
#6514=CARTESIAN_POINT('',(35.575,-35.75,-5.));
#6515=CARTESIAN_POINT('Origin',(35.075,-41.125,0.));
#6516=CARTESIAN_POINT('',(35.075,-40.625,-5.));
#6517=CARTESIAN_POINT('',(35.075,-40.625,0.));
#6518=CARTESIAN_POINT('Origin',(35.075,-41.125,-5.));
#6519=CARTESIAN_POINT('Origin',(3.025,-35.575,0.));
#6520=CARTESIAN_POINT('',(16.025,-35.575,-5.));
#6521=CARTESIAN_POINT('',(16.025,-35.575,0.));
#6522=CARTESIAN_POINT('',(3.025,-35.575,-5.));
#6523=CARTESIAN_POINT('',(15.8,-35.575,-5.));
#6524=CARTESIAN_POINT('',(3.025,-35.575,0.));
#6525=CARTESIAN_POINT('Origin',(16.025,-35.075,0.));
#6526=CARTESIAN_POINT('',(16.525,-35.075,-5.));
#6527=CARTESIAN_POINT('',(16.525,-35.075,0.));
#6528=CARTESIAN_POINT('Origin',(16.025,-35.075,-5.));
#6529=CARTESIAN_POINT('Origin',(16.525,-35.075,0.));
#6530=CARTESIAN_POINT('',(16.525,-22.075,-5.));
#6531=CARTESIAN_POINT('',(16.525,-22.075,0.));
#6532=CARTESIAN_POINT('',(16.525,-26.225,-5.));
#6533=CARTESIAN_POINT('Origin',(16.025,-22.075,0.));
#6534=CARTESIAN_POINT('',(16.025,-21.575,-5.));
#6535=CARTESIAN_POINT('',(16.025,-21.575,0.));
#6536=CARTESIAN_POINT('Origin',(16.025,-22.075,-5.));
#6537=CARTESIAN_POINT('Origin',(22.075,-16.525,0.));
#6538=CARTESIAN_POINT('',(35.075,-16.525,-5.));
#6539=CARTESIAN_POINT('',(35.075,-16.525,0.));
#6540=CARTESIAN_POINT('',(22.075,-16.525,-5.));
#6541=CARTESIAN_POINT('',(25.325,-16.525,-5.));
#6542=CARTESIAN_POINT('',(22.075,-16.525,0.));
#6543=CARTESIAN_POINT('Origin',(35.075,-16.025,0.));
#6544=CARTESIAN_POINT('',(35.575,-16.025,-5.));
#6545=CARTESIAN_POINT('',(35.575,-16.025,0.));
#6546=CARTESIAN_POINT('Origin',(35.075,-16.025,-5.));
#6547=CARTESIAN_POINT('Origin',(35.575,-16.025,0.));
#6548=CARTESIAN_POINT('',(35.575,-3.025,-5.));
#6549=CARTESIAN_POINT('',(35.575,-3.025,0.));
#6550=CARTESIAN_POINT('',(35.575,-16.7,-5.));
#6551=CARTESIAN_POINT('Origin',(35.075,-3.025,0.));
#6552=CARTESIAN_POINT('',(35.075,-2.525,-5.));
#6553=CARTESIAN_POINT('',(35.075,-2.525,0.));
#6554=CARTESIAN_POINT('Origin',(35.075,-3.025,-5.));
#6555=CARTESIAN_POINT('Origin',(41.125,-35.575,0.));
#6556=CARTESIAN_POINT('',(54.125,-35.575,-5.));
#6557=CARTESIAN_POINT('',(54.125,-35.575,0.));
#6558=CARTESIAN_POINT('',(41.125,-35.575,-5.));
#6559=CARTESIAN_POINT('',(34.85,-35.575,-5.));
#6560=CARTESIAN_POINT('',(41.125,-35.575,0.));
#6561=CARTESIAN_POINT('Origin',(54.125,-35.075,0.));
#6562=CARTESIAN_POINT('',(54.625,-35.075,-5.));
#6563=CARTESIAN_POINT('',(54.625,-35.075,0.));
#6564=CARTESIAN_POINT('Origin',(54.125,-35.075,-5.));
#6565=CARTESIAN_POINT('Origin',(54.625,-35.075,0.));
#6566=CARTESIAN_POINT('',(54.625,-22.075,-5.));
#6567=CARTESIAN_POINT('',(54.625,-22.075,0.));
#6568=CARTESIAN_POINT('',(54.625,-26.225,-5.));
#6569=CARTESIAN_POINT('Origin',(54.125,-22.075,0.));
#6570=CARTESIAN_POINT('',(54.125,-21.575,-5.));
#6571=CARTESIAN_POINT('',(54.125,-21.575,0.));
#6572=CARTESIAN_POINT('Origin',(54.125,-22.075,-5.));
#6573=CARTESIAN_POINT('Origin',(3.025,-54.625,0.));
#6574=CARTESIAN_POINT('',(16.025,-54.625,-5.));
#6575=CARTESIAN_POINT('',(16.025,-54.625,0.));
#6576=CARTESIAN_POINT('',(3.025,-54.625,-5.));
#6577=CARTESIAN_POINT('',(15.8,-54.625,-5.));
#6578=CARTESIAN_POINT('',(3.025,-54.625,0.));
#6579=CARTESIAN_POINT('Origin',(16.025,-54.125,0.));
#6580=CARTESIAN_POINT('',(16.525,-54.125,-5.));
#6581=CARTESIAN_POINT('',(16.525,-54.125,0.));
#6582=CARTESIAN_POINT('Origin',(16.025,-54.125,-5.));
#6583=CARTESIAN_POINT('Origin',(16.525,-54.125,0.));
#6584=CARTESIAN_POINT('',(16.525,-41.125,-5.));
#6585=CARTESIAN_POINT('',(16.525,-41.125,0.));
#6586=CARTESIAN_POINT('',(16.525,-35.75,-5.));
#6587=CARTESIAN_POINT('Origin',(16.025,-41.125,0.));
#6588=CARTESIAN_POINT('',(16.025,-40.625,-5.));
#6589=CARTESIAN_POINT('',(16.025,-40.625,0.));
#6590=CARTESIAN_POINT('Origin',(16.025,-41.125,-5.));
#6591=CARTESIAN_POINT('Origin',(22.075,-35.575,0.));
#6592=CARTESIAN_POINT('',(35.075,-35.575,-5.));
#6593=CARTESIAN_POINT('',(35.075,-35.575,0.));
#6594=CARTESIAN_POINT('',(22.075,-35.575,-5.));
#6595=CARTESIAN_POINT('',(25.325,-35.575,-5.));
#6596=CARTESIAN_POINT('',(22.075,-35.575,0.));
#6597=CARTESIAN_POINT('Origin',(35.075,-35.075,0.));
#6598=CARTESIAN_POINT('',(35.575,-35.075,-5.));
#6599=CARTESIAN_POINT('',(35.575,-35.075,0.));
#6600=CARTESIAN_POINT('Origin',(35.075,-35.075,-5.));
#6601=CARTESIAN_POINT('Origin',(35.575,-35.075,0.));
#6602=CARTESIAN_POINT('',(35.575,-22.075,-5.));
#6603=CARTESIAN_POINT('',(35.575,-22.075,0.));
#6604=CARTESIAN_POINT('',(35.575,-26.225,-5.));
#6605=CARTESIAN_POINT('Origin',(35.075,-22.075,0.));
#6606=CARTESIAN_POINT('',(35.075,-21.575,-5.));
#6607=CARTESIAN_POINT('',(35.075,-21.575,0.));
#6608=CARTESIAN_POINT('Origin',(35.075,-22.075,-5.));
#6609=CARTESIAN_POINT('Origin',(41.125,-16.525,0.));
#6610=CARTESIAN_POINT('',(54.125,-16.525,-5.));
#6611=CARTESIAN_POINT('',(54.125,-16.525,0.));
#6612=CARTESIAN_POINT('',(41.125,-16.525,-5.));
#6613=CARTESIAN_POINT('',(34.85,-16.525,-5.));
#6614=CARTESIAN_POINT('',(41.125,-16.525,0.));
#6615=CARTESIAN_POINT('Origin',(54.125,-16.025,0.));
#6616=CARTESIAN_POINT('',(54.625,-16.025,-5.));
#6617=CARTESIAN_POINT('',(54.625,-16.025,0.));
#6618=CARTESIAN_POINT('Origin',(54.125,-16.025,-5.));
#6619=CARTESIAN_POINT('Origin',(54.625,-16.025,0.));
#6620=CARTESIAN_POINT('',(54.625,-3.025,-5.));
#6621=CARTESIAN_POINT('',(54.625,-3.025,0.));
#6622=CARTESIAN_POINT('',(54.625,-16.7,-5.));
#6623=CARTESIAN_POINT('Origin',(54.125,-3.025,0.));
#6624=CARTESIAN_POINT('',(54.125,-2.525,-5.));
#6625=CARTESIAN_POINT('',(54.125,-2.525,0.));
#6626=CARTESIAN_POINT('Origin',(54.125,-3.025,-5.));
#6627=CARTESIAN_POINT('Origin',(-3.27640914629202,7.67999988030642,0.));
#6628=CARTESIAN_POINT('',(-3.27640914629202,7.67999988030642,-5.));
#6629=CARTESIAN_POINT('',(-3.27640914629202,7.67999988030642,0.));
#6630=CARTESIAN_POINT('',(-3.27640914629202,20.1799998803064,-5.));
#6631=CARTESIAN_POINT('',(-3.27640914629202,7.67999988030642,-5.));
#6632=CARTESIAN_POINT('',(-3.27640914629202,20.1799998803064,0.));
#6633=CARTESIAN_POINT('Origin',(35.723590853708,7.67999988030642,0.));
#6634=CARTESIAN_POINT('',(35.723590853708,7.67999988030642,-5.));
#6635=CARTESIAN_POINT('',(35.723590853708,7.67999988030642,0.));
#6636=CARTESIAN_POINT('',(2.52359085370798,7.67999988030642,-5.));
#6637=CARTESIAN_POINT('Origin',(57.0999987795949,34.375,0.));
#6638=CARTESIAN_POINT('',(57.0999987795949,34.375,-5.));
#6639=CARTESIAN_POINT('',(57.0999987795949,34.375,0.));
#6640=CARTESIAN_POINT('',(57.0999987795949,2.87499999999997,-5.));
#6641=CARTESIAN_POINT('',(57.0999987795949,2.87499999999997,-5.));
#6642=CARTESIAN_POINT('',(57.0999987795949,2.87499999999997,0.));
#6643=CARTESIAN_POINT('Origin',(75.325,34.375,0.));
#6644=CARTESIAN_POINT('',(70.325,34.375,-5.));
#6645=CARTESIAN_POINT('',(70.325,34.375,0.));
#6646=CARTESIAN_POINT('',(75.325,34.375,-5.));
#6647=CARTESIAN_POINT('Origin',(70.325,29.375,0.));
#6648=CARTESIAN_POINT('',(75.325,29.375,-5.));
#6649=CARTESIAN_POINT('',(75.325,29.375,0.));
#6650=CARTESIAN_POINT('Origin',(70.325,29.375,-5.));
#6651=CARTESIAN_POINT('Origin',(75.325,-69.125,0.));
#6652=CARTESIAN_POINT('',(75.325,-64.125,-5.));
#6653=CARTESIAN_POINT('',(75.325,-64.125,0.));
#6654=CARTESIAN_POINT('',(75.325,-69.125,-5.));
#6655=CARTESIAN_POINT('Origin',(70.325,-64.125,0.));
#6656=CARTESIAN_POINT('',(70.325,-69.125,-5.));
#6657=CARTESIAN_POINT('',(70.325,-69.125,0.));
#6658=CARTESIAN_POINT('Origin',(70.325,-64.125,-5.));
#6659=CARTESIAN_POINT('Origin',(-18.175,-69.125,0.));
#6660=CARTESIAN_POINT('',(-13.175,-69.125,-5.));
#6661=CARTESIAN_POINT('',(-13.175,-69.125,0.));
#6662=CARTESIAN_POINT('',(-18.175,-69.125,-5.));
#6663=CARTESIAN_POINT('Origin',(28.575,-17.375,-5.));
#6664=CARTESIAN_POINT('',(-18.175,-64.125,-5.));
#6665=CARTESIAN_POINT('Origin',(-13.175,-64.125,-5.));
#6666=CARTESIAN_POINT('',(-18.175,29.375,-5.));
#6667=CARTESIAN_POINT('',(-18.175,34.375,-5.));
#6668=CARTESIAN_POINT('',(-13.175,34.375,-5.));
#6669=CARTESIAN_POINT('Origin',(-13.175,29.375,-5.));
#6670=CARTESIAN_POINT('',(38.5999987795949,34.375,-5.));
#6671=CARTESIAN_POINT('',(75.325,34.375,-5.));
#6672=CARTESIAN_POINT('',(38.5999987795949,2.87499999999997,-5.));
#6673=CARTESIAN_POINT('',(38.5999987795949,34.375,-5.));
#6674=CARTESIAN_POINT('',(38.5999987795949,2.87499999999997,-5.));
#6675=CARTESIAN_POINT('',(3.025,-2.525,-5.));
#6676=CARTESIAN_POINT('',(22.3,-2.525,-5.));
#6677=CARTESIAN_POINT('',(2.525,-3.025,-5.));
#6678=CARTESIAN_POINT('Origin',(3.025,-3.025,-5.));
#6679=CARTESIAN_POINT('',(2.525,-16.025,-5.));
#6680=CARTESIAN_POINT('',(2.525,-10.2,-5.));
#6681=CARTESIAN_POINT('Origin',(3.025,-16.025,-5.));
#6682=CARTESIAN_POINT('',(41.125,-40.625,-5.));
#6683=CARTESIAN_POINT('',(41.35,-40.625,-5.));
#6684=CARTESIAN_POINT('',(40.625,-41.125,-5.));
#6685=CARTESIAN_POINT('Origin',(41.125,-41.125,-5.));
#6686=CARTESIAN_POINT('',(40.625,-54.125,-5.));
#6687=CARTESIAN_POINT('',(40.625,-29.25,-5.));
#6688=CARTESIAN_POINT('Origin',(41.125,-54.125,-5.));
#6689=CARTESIAN_POINT('',(22.075,-40.625,-5.));
#6690=CARTESIAN_POINT('',(31.825,-40.625,-5.));
#6691=CARTESIAN_POINT('',(21.575,-41.125,-5.));
#6692=CARTESIAN_POINT('Origin',(22.075,-41.125,-5.));
#6693=CARTESIAN_POINT('',(21.575,-54.125,-5.));
#6694=CARTESIAN_POINT('',(21.575,-29.25,-5.));
#6695=CARTESIAN_POINT('Origin',(22.075,-54.125,-5.));
#6696=CARTESIAN_POINT('',(3.025,-21.575,-5.));
#6697=CARTESIAN_POINT('',(22.3,-21.575,-5.));
#6698=CARTESIAN_POINT('',(2.525,-22.075,-5.));
#6699=CARTESIAN_POINT('Origin',(3.025,-22.075,-5.));
#6700=CARTESIAN_POINT('',(2.525,-35.075,-5.));
#6701=CARTESIAN_POINT('',(2.525,-19.725,-5.));
#6702=CARTESIAN_POINT('Origin',(3.025,-35.075,-5.));
#6703=CARTESIAN_POINT('',(22.075,-2.525,-5.));
#6704=CARTESIAN_POINT('',(31.825,-2.525,-5.));
#6705=CARTESIAN_POINT('',(21.575,-3.025,-5.));
#6706=CARTESIAN_POINT('Origin',(22.075,-3.025,-5.));
#6707=CARTESIAN_POINT('',(21.575,-16.025,-5.));
#6708=CARTESIAN_POINT('',(21.575,-10.2,-5.));
#6709=CARTESIAN_POINT('Origin',(22.075,-16.025,-5.));
#6710=CARTESIAN_POINT('',(41.125,-21.575,-5.));
#6711=CARTESIAN_POINT('',(41.35,-21.575,-5.));
#6712=CARTESIAN_POINT('',(40.625,-22.075,-5.));
#6713=CARTESIAN_POINT('Origin',(41.125,-22.075,-5.));
#6714=CARTESIAN_POINT('',(40.625,-35.075,-5.));
#6715=CARTESIAN_POINT('',(40.625,-19.725,-5.));
#6716=CARTESIAN_POINT('Origin',(41.125,-35.075,-5.));
#6717=CARTESIAN_POINT('',(3.025,-40.625,-5.));
#6718=CARTESIAN_POINT('',(22.3,-40.625,-5.));
#6719=CARTESIAN_POINT('',(2.525,-41.125,-5.));
#6720=CARTESIAN_POINT('Origin',(3.025,-41.125,-5.));
#6721=CARTESIAN_POINT('',(2.525,-54.125,-5.));
#6722=CARTESIAN_POINT('',(2.525,-29.25,-5.));
#6723=CARTESIAN_POINT('Origin',(3.025,-54.125,-5.));
#6724=CARTESIAN_POINT('',(22.075,-21.575,-5.));
#6725=CARTESIAN_POINT('',(31.825,-21.575,-5.));
#6726=CARTESIAN_POINT('',(21.575,-22.075,-5.));
#6727=CARTESIAN_POINT('Origin',(22.075,-22.075,-5.));
#6728=CARTESIAN_POINT('',(21.575,-35.075,-5.));
#6729=CARTESIAN_POINT('',(21.575,-19.725,-5.));
#6730=CARTESIAN_POINT('Origin',(22.075,-35.075,-5.));
#6731=CARTESIAN_POINT('',(41.125,-2.525,-5.));
#6732=CARTESIAN_POINT('',(41.35,-2.525,-5.));
#6733=CARTESIAN_POINT('',(40.625,-3.025,-5.));
#6734=CARTESIAN_POINT('Origin',(41.125,-3.025,-5.));
#6735=CARTESIAN_POINT('',(40.625,-16.025,-5.));
#6736=CARTESIAN_POINT('',(40.625,-10.2,-5.));
#6737=CARTESIAN_POINT('Origin',(41.125,-16.025,-5.));
#6738=CARTESIAN_POINT('',(68.625,-64.125,-5.));
#6739=CARTESIAN_POINT('Origin',(70.325,-64.125,-5.));
#6740=CARTESIAN_POINT('',(-14.875,-64.125,-5.));
#6741=CARTESIAN_POINT('Origin',(-13.175,-64.125,-5.));
#6742=CARTESIAN_POINT('',(68.625,29.375,-5.));
#6743=CARTESIAN_POINT('Origin',(70.325,29.375,-5.));
#6744=CARTESIAN_POINT('',(-14.875,29.375,-5.));
#6745=CARTESIAN_POINT('Origin',(-13.175,29.375,-5.));
#6746=CARTESIAN_POINT('',(35.723590853708,20.1799998803064,-5.));
#6747=CARTESIAN_POINT('',(35.723590853708,20.1799998803064,-5.));
#6748=CARTESIAN_POINT('',(-3.27640914629202,20.1799998803064,-5.));
#6749=CARTESIAN_POINT('Origin',(-13.175,-64.125,0.));
#6750=CARTESIAN_POINT('',(-18.175,-64.125,0.));
#6751=CARTESIAN_POINT('Origin',(-18.175,34.375,0.));
#6752=CARTESIAN_POINT('',(-18.175,29.375,0.));
#6753=CARTESIAN_POINT('Origin',(-13.175,29.375,0.));
#6754=CARTESIAN_POINT('',(-13.175,34.375,0.));
#6755=CARTESIAN_POINT('Origin',(3.025,-16.025,0.));
#6756=CARTESIAN_POINT('',(2.525,-16.025,0.));
#6757=CARTESIAN_POINT('Origin',(2.525,-3.025,0.));
#6758=CARTESIAN_POINT('',(2.525,-3.025,0.));
#6759=CARTESIAN_POINT('Origin',(3.025,-3.025,0.));
#6760=CARTESIAN_POINT('',(3.025,-2.525,0.));
#6761=CARTESIAN_POINT('Origin',(16.025,-2.525,0.));
#6762=CARTESIAN_POINT('Origin',(41.125,-54.125,0.));
#6763=CARTESIAN_POINT('',(40.625,-54.125,0.));
#6764=CARTESIAN_POINT('Origin',(40.625,-41.125,0.));
#6765=CARTESIAN_POINT('',(40.625,-41.125,0.));
#6766=CARTESIAN_POINT('Origin',(41.125,-41.125,0.));
#6767=CARTESIAN_POINT('',(41.125,-40.625,0.));
#6768=CARTESIAN_POINT('Origin',(54.125,-40.625,0.));
#6769=CARTESIAN_POINT('Origin',(22.075,-54.125,0.));
#6770=CARTESIAN_POINT('',(21.575,-54.125,0.));
#6771=CARTESIAN_POINT('Origin',(21.575,-41.125,0.));
#6772=CARTESIAN_POINT('',(21.575,-41.125,0.));
#6773=CARTESIAN_POINT('Origin',(22.075,-41.125,0.));
#6774=CARTESIAN_POINT('',(22.075,-40.625,0.));
#6775=CARTESIAN_POINT('Origin',(35.075,-40.625,0.));
#6776=CARTESIAN_POINT('Origin',(3.025,-35.075,0.));
#6777=CARTESIAN_POINT('',(2.525,-35.075,0.));
#6778=CARTESIAN_POINT('Origin',(2.525,-22.075,0.));
#6779=CARTESIAN_POINT('',(2.525,-22.075,0.));
#6780=CARTESIAN_POINT('Origin',(3.025,-22.075,0.));
#6781=CARTESIAN_POINT('',(3.025,-21.575,0.));
#6782=CARTESIAN_POINT('Origin',(16.025,-21.575,0.));
#6783=CARTESIAN_POINT('Origin',(22.075,-16.025,0.));
#6784=CARTESIAN_POINT('',(21.575,-16.025,0.));
#6785=CARTESIAN_POINT('Origin',(21.575,-3.025,0.));
#6786=CARTESIAN_POINT('',(21.575,-3.025,0.));
#6787=CARTESIAN_POINT('Origin',(22.075,-3.025,0.));
#6788=CARTESIAN_POINT('',(22.075,-2.525,0.));
#6789=CARTESIAN_POINT('Origin',(35.075,-2.525,0.));
#6790=CARTESIAN_POINT('Origin',(41.125,-35.075,0.));
#6791=CARTESIAN_POINT('',(40.625,-35.075,0.));
#6792=CARTESIAN_POINT('Origin',(40.625,-22.075,0.));
#6793=CARTESIAN_POINT('',(40.625,-22.075,0.));
#6794=CARTESIAN_POINT('Origin',(41.125,-22.075,0.));
#6795=CARTESIAN_POINT('',(41.125,-21.575,0.));
#6796=CARTESIAN_POINT('Origin',(54.125,-21.575,0.));
#6797=CARTESIAN_POINT('Origin',(3.025,-54.125,0.));
#6798=CARTESIAN_POINT('',(2.525,-54.125,0.));
#6799=CARTESIAN_POINT('Origin',(2.525,-41.125,0.));
#6800=CARTESIAN_POINT('',(2.525,-41.125,0.));
#6801=CARTESIAN_POINT('Origin',(3.025,-41.125,0.));
#6802=CARTESIAN_POINT('',(3.025,-40.625,0.));
#6803=CARTESIAN_POINT('Origin',(16.025,-40.625,0.));
#6804=CARTESIAN_POINT('Origin',(22.075,-35.075,0.));
#6805=CARTESIAN_POINT('',(21.575,-35.075,0.));
#6806=CARTESIAN_POINT('Origin',(21.575,-22.075,0.));
#6807=CARTESIAN_POINT('',(21.575,-22.075,0.));
#6808=CARTESIAN_POINT('Origin',(22.075,-22.075,0.));
#6809=CARTESIAN_POINT('',(22.075,-21.575,0.));
#6810=CARTESIAN_POINT('Origin',(35.075,-21.575,0.));
#6811=CARTESIAN_POINT('Origin',(41.125,-16.025,0.));
#6812=CARTESIAN_POINT('',(40.625,-16.025,0.));
#6813=CARTESIAN_POINT('Origin',(40.625,-3.025,0.));
#6814=CARTESIAN_POINT('',(40.625,-3.025,0.));
#6815=CARTESIAN_POINT('Origin',(41.125,-3.025,0.));
#6816=CARTESIAN_POINT('',(41.125,-2.525,0.));
#6817=CARTESIAN_POINT('Origin',(54.125,-2.525,0.));
#6818=CARTESIAN_POINT('Origin',(-3.27640914629202,20.1799998803064,0.));
#6819=CARTESIAN_POINT('',(35.723590853708,20.1799998803064,0.));
#6820=CARTESIAN_POINT('Origin',(35.723590853708,20.1799998803064,0.));
#6821=CARTESIAN_POINT('Origin',(-13.175,29.375,0.));
#6822=CARTESIAN_POINT('',(-14.875,29.375,0.));
#6823=CARTESIAN_POINT('Origin',(70.325,29.375,0.));
#6824=CARTESIAN_POINT('',(68.625,29.375,0.));
#6825=CARTESIAN_POINT('Origin',(-13.175,-64.125,0.));
#6826=CARTESIAN_POINT('',(-14.875,-64.125,0.));
#6827=CARTESIAN_POINT('Origin',(70.325,-64.125,0.));
#6828=CARTESIAN_POINT('',(68.625,-64.125,0.));
#6829=CARTESIAN_POINT('Origin',(38.5999987795949,2.87499999999997,0.));
#6830=CARTESIAN_POINT('',(38.5999987795949,2.87499999999997,0.));
#6831=CARTESIAN_POINT('',(38.5999987795949,34.375,0.));
#6832=CARTESIAN_POINT('Origin',(57.0999987795949,2.87499999999997,0.));
#6833=CARTESIAN_POINT('Origin',(38.5999987795949,34.375,0.));
#6834=CARTESIAN_POINT('',(-75.3536257694493,105.539185320127,4.4393051594922));
#6835=CARTESIAN_POINT('',(0.,0.,0.));
#6836=CARTESIAN_POINT('',(8.31014607084909,59.4465054212602,18.2407442656936));
#6837=UNCERTAINTY_MEASURE_WITH_UNIT(LENGTH_MEASURE(0.01),#6849,
'DISTANCE_ACCURACY_VALUE',
'Maximum model space distance between geometric entities at asserted c
onnectivities');
#6838=UNCERTAINTY_MEASURE_WITH_UNIT(LENGTH_MEASURE(0.01),#6849,
'DISTANCE_ACCURACY_VALUE',
'Maximum model space distance between geometric entities at asserted c
onnectivities');
#6839=UNCERTAINTY_MEASURE_WITH_UNIT(LENGTH_MEASURE(0.01),#6849,
'DISTANCE_ACCURACY_VALUE',
'Maximum model space distance between geometric entities at asserted c
onnectivities');
#6840=UNCERTAINTY_MEASURE_WITH_UNIT(LENGTH_MEASURE(0.01),#6849,
'DISTANCE_ACCURACY_VALUE',
'Maximum model space distance between geometric entities at asserted c
onnectivities');
#6841=UNCERTAINTY_MEASURE_WITH_UNIT(LENGTH_MEASURE(0.01),#6849,
'DISTANCE_ACCURACY_VALUE',
'Maximum model space distance between geometric entities at asserted c
onnectivities');
#6842=UNCERTAINTY_MEASURE_WITH_UNIT(LENGTH_MEASURE(0.01),#6849,
'DISTANCE_ACCURACY_VALUE',
'Maximum model space distance between geometric entities at asserted c
onnectivities');
#6843=(
GEOMETRIC_REPRESENTATION_CONTEXT(3)
GLOBAL_UNCERTAINTY_ASSIGNED_CONTEXT((#6837))
GLOBAL_UNIT_ASSIGNED_CONTEXT((#6849,#6851,#6852))
REPRESENTATION_CONTEXT('','3D')
);
#6844=(
GEOMETRIC_REPRESENTATION_CONTEXT(3)
GLOBAL_UNCERTAINTY_ASSIGNED_CONTEXT((#6838))
GLOBAL_UNIT_ASSIGNED_CONTEXT((#6849,#6851,#6852))
REPRESENTATION_CONTEXT('','3D')
);
#6845=(
GEOMETRIC_REPRESENTATION_CONTEXT(3)
GLOBAL_UNCERTAINTY_ASSIGNED_CONTEXT((#6839))
GLOBAL_UNIT_ASSIGNED_CONTEXT((#6849,#6851,#6852))
REPRESENTATION_CONTEXT('','3D')
);
#6846=(
GEOMETRIC_REPRESENTATION_CONTEXT(3)
GLOBAL_UNCERTAINTY_ASSIGNED_CONTEXT((#6840))
GLOBAL_UNIT_ASSIGNED_CONTEXT((#6849,#6851,#6852))
REPRESENTATION_CONTEXT('','3D')
);
#6847=(
GEOMETRIC_REPRESENTATION_CONTEXT(3)
GLOBAL_UNCERTAINTY_ASSIGNED_CONTEXT((#6841))
GLOBAL_UNIT_ASSIGNED_CONTEXT((#6849,#6851,#6852))
REPRESENTATION_CONTEXT('','3D')
);
#6848=(
GEOMETRIC_REPRESENTATION_CONTEXT(3)
GLOBAL_UNCERTAINTY_ASSIGNED_CONTEXT((#6842))
GLOBAL_UNIT_ASSIGNED_CONTEXT((#6849,#6851,#6852))
REPRESENTATION_CONTEXT('','3D')
);
#6849=(
LENGTH_UNIT()
NAMED_UNIT(*)
SI_UNIT(.MILLI.,.METRE.)
);
#6850=(
LENGTH_UNIT()
NAMED_UNIT(*)
SI_UNIT($,.METRE.)
);
#6851=(
NAMED_UNIT(*)
PLANE_ANGLE_UNIT()
SI_UNIT($,.RADIAN.)
);
#6852=(
NAMED_UNIT(*)
SI_UNIT($,.STERADIAN.)
SOLID_ANGLE_UNIT()
);
#6853=SHAPE_DEFINITION_REPRESENTATION(#6858,#6867);
#6854=SHAPE_DEFINITION_REPRESENTATION(#6859,#6868);
#6855=SHAPE_DEFINITION_REPRESENTATION(#6860,#6869);
#6856=SHAPE_DEFINITION_REPRESENTATION(#6861,#6870);
#6857=SHAPE_DEFINITION_REPRESENTATION(#6863,#6871);
#6858=PRODUCT_DEFINITION_SHAPE('',$,#6873);
#6859=PRODUCT_DEFINITION_SHAPE('',$,#6874);
#6860=PRODUCT_DEFINITION_SHAPE('',$,#6875);
#6861=PRODUCT_DEFINITION_SHAPE('',$,#6876);
#6862=PRODUCT_DEFINITION_SHAPE($,$,#23);
#6863=PRODUCT_DEFINITION_SHAPE('',$,#6877);
#6864=PRODUCT_DEFINITION_SHAPE($,$,#24);
#6865=PRODUCT_DEFINITION_SHAPE($,$,#25);
#6866=PRODUCT_DEFINITION_SHAPE($,$,#26);
#6867=SHAPE_REPRESENTATION('',(#4077,#4514,#4515,#4516),#6843);
#6868=SHAPE_REPRESENTATION('',(#4078),#6844);
#6869=SHAPE_REPRESENTATION('',(#4274,#4330),#6845);
#6870=SHAPE_REPRESENTATION('',(#4275),#6846);
#6871=SHAPE_REPRESENTATION('',(#4331),#6847);
#6872=PRODUCT_DEFINITION_CONTEXT('part definition',#6889,'design');
#6873=PRODUCT_DEFINITION('MK3 1','(Non salvato)',#6878,#6872);
#6874=PRODUCT_DEFINITION('MK3_PCB','MK3_PCB',#6879,#6872);
#6875=PRODUCT_DEFINITION('2025-12-02-20-15-03-272','MK3 (1)',#6880,#6872);
#6876=PRODUCT_DEFINITION('2025-12-02-20-20-55-475','MK3',#6881,#6872);
#6877=PRODUCT_DEFINITION('2025-12-02-20-44-39-328','MK3_2',#6882,#6872);
#6878=PRODUCT_DEFINITION_FORMATION('',$,#6891);
#6879=PRODUCT_DEFINITION_FORMATION('',$,#6892);
#6880=PRODUCT_DEFINITION_FORMATION('',$,#6893);
#6881=PRODUCT_DEFINITION_FORMATION('',$,#6894);
#6882=PRODUCT_DEFINITION_FORMATION('',$,#6895);
#6883=PRODUCT_RELATED_PRODUCT_CATEGORY('(Non salvato)','(Non salvato)',
(#6891));
#6884=PRODUCT_RELATED_PRODUCT_CATEGORY('MK3_PCB','MK3_PCB',(#6892));
#6885=PRODUCT_RELATED_PRODUCT_CATEGORY('MK3 (1)','MK3 (1)',(#6893));
#6886=PRODUCT_RELATED_PRODUCT_CATEGORY('MK3','MK3',(#6894));
#6887=PRODUCT_RELATED_PRODUCT_CATEGORY('MK3_2','MK3_2',(#6895));
#6888=APPLICATION_PROTOCOL_DEFINITION('international standard',
'automotive_design',2009,#6889);
#6889=APPLICATION_CONTEXT(
'Core Data for Automotive Mechanical Design Process');
#6890=PRODUCT_CONTEXT('part definition',#6889,'mechanical');
#6891=PRODUCT('MK3 1','(Non salvato)','KiCad electronic assembly',(#6890));
#6892=PRODUCT('MK3_PCB','MK3_PCB',$,(#6890));
#6893=PRODUCT('2025-12-02-20-15-03-272','MK3 (1)',$,(#6890));
#6894=PRODUCT('2025-12-02-20-20-55-475','MK3',$,(#6890));
#6895=PRODUCT('2025-12-02-20-44-39-328','MK3_2',$,(#6890));
#6896=PRESENTATION_STYLE_ASSIGNMENT((#6900));
#6897=PRESENTATION_STYLE_ASSIGNMENT((#6901));
#6898=PRESENTATION_STYLE_ASSIGNMENT((#6902));
#6899=PRESENTATION_STYLE_ASSIGNMENT((#6903));
#6900=SURFACE_STYLE_USAGE(.BOTH.,#6904);
#6901=SURFACE_STYLE_USAGE(.BOTH.,#6905);
#6902=SURFACE_STYLE_USAGE(.BOTH.,#6906);
#6903=SURFACE_STYLE_USAGE(.BOTH.,#6907);
#6904=SURFACE_SIDE_STYLE('',(#6908));
#6905=SURFACE_SIDE_STYLE('',(#6909));
#6906=SURFACE_SIDE_STYLE('',(#6910));
#6907=SURFACE_SIDE_STYLE('',(#6911));
#6908=SURFACE_STYLE_FILL_AREA(#6912);
#6909=SURFACE_STYLE_FILL_AREA(#6913);
#6910=SURFACE_STYLE_FILL_AREA(#6914);
#6911=SURFACE_STYLE_FILL_AREA(#6915);
#6912=FILL_AREA_STYLE('Acciaio - Satinato',(#6916));
#6913=FILL_AREA_STYLE('Opaque(80,124,105)',(#6917));
#6914=FILL_AREA_STYLE(
'EPX 150 - Cottura ad aria (con stampanti 3D Carbon M2 M3 L1)',(#6918));
#6915=FILL_AREA_STYLE(
'EPX 150 - Cottura ad aria (con stampanti 3D Carbon M2 M3 L1)',(#6919));
#6916=FILL_AREA_STYLE_COLOUR('Acciaio - Satinato',#6920);
#6917=FILL_AREA_STYLE_COLOUR('Opaque(80,124,105)',#6921);
#6918=FILL_AREA_STYLE_COLOUR(
'EPX 150 - Cottura ad aria (con stampanti 3D Carbon M2 M3 L1)',#6922);
#6919=FILL_AREA_STYLE_COLOUR(
'EPX 150 - Cottura ad aria (con stampanti 3D Carbon M2 M3 L1)',#6923);
#6920=COLOUR_RGB('Acciaio - Satinato',0.627450980392157,0.627450980392157,
0.627450980392157);
#6921=COLOUR_RGB('Opaque(80,124,105)',0.313725490196078,0.486274509803922,
0.411764705882353);
#6922=COLOUR_RGB(
'EPX 150 - Cottura ad aria (con stampanti 3D Carbon M2 M3 L1)',0.247058823529412,
0.247058823529412,0.247058823529412);
#6923=COLOUR_RGB(
'EPX 150 - Cottura ad aria (con stampanti 3D Carbon M2 M3 L1)',0.247058823529412,
0.247058823529412,0.247058823529412);
ENDSEC;
END-ISO-10303-21;
